date,time,pid,tid,Target,Vel,V,A,Error
2025-10-15,13:07:39.063000,993,3101,300.0,11.560693641618498,13.031,200.0,96.14643545279384
2025-10-15,13:07:39.075000,993,3101,300.0,11.560693641618498,13.031,236.0,96.14643545279384
2025-10-15,13:07:39.087000,993,3101,300.0,11.560693641618498,13.031,255.0,96.14643545279384
2025-10-15,13:07:39.099000,993,3101,300.0,11.560693641618498,13.031,258.0,96.14643545279384
2025-10-15,13:07:39.273000,993,3101,300.0,11.560693641618498,13.026,342.0,96.14643545279384
2025-10-15,13:07:39.283000,993,3101,300.0,11.560693641618498,13.022,353.0,96.14643545279384
2025-10-15,13:07:39.293000,993,3101,300.0,11.560693641618498,13.022,375.0,96.14643545279384
2025-10-15,13:07:39.302000,993,3101,300.0,23.121387283236995,13.018,415.0,92.29287090558768
2025-10-15,13:07:39.312000,993,3101,300.0,23.121387283236995,13.022,400.0,92.29287090558768
2025-10-15,13:07:39.321000,993,3101,300.0,23.121387283236995,13.026,335.0,92.29287090558768
2025-10-15,13:07:39.331000,993,3101,300.0,23.121387283236995,13.026,313.0,92.29287090558768
2025-10-15,13:07:39.342000,993,3101,300.0,34.68208092485549,13.026,295.0,88.43930635838151
2025-10-15,13:07:39.352000,993,3101,300.0,23.121387283236995,13.022,277.0,92.29287090558768
2025-10-15,13:07:39.362000,993,3101,300.0,34.68208092485549,13.022,298.0,88.43930635838151
2025-10-15,13:07:39.372000,993,3101,300.0,34.68208092485549,13.026,287.0,88.43930635838151
2025-10-15,13:07:39.382000,993,3101,300.0,34.68208092485549,13.022,277.0,88.43930635838151
2025-10-15,13:07:39.393000,993,3101,300.0,34.68208092485549,13.022,284.0,88.43930635838151
2025-10-15,13:07:39.403000,993,3101,300.0,46.24277456647399,13.031,280.0,84.58574181117532
2025-10-15,13:07:39.412000,993,3101,300.0,46.24277456647399,13.022,280.0,84.58574181117532
2025-10-15,13:07:39.422000,993,3101,300.0,46.24277456647399,13.022,302.0,84.58574181117532
2025-10-15,13:07:39.433000,993,3101,300.0,57.80346820809249,13.022,335.0,80.73217726396918
2025-10-15,13:07:39.443000,993,3101,300.0,57.80346820809249,13.022,317.0,80.73217726396918
2025-10-15,13:07:39.453000,993,3101,300.0,57.80346820809249,13.022,331.0,80.73217726396918
2025-10-15,13:07:39.463000,993,3101,300.0,57.80346820809249,13.026,335.0,80.73217726396918
2025-10-15,13:07:39.472000,993,3101,300.0,57.80346820809249,13.022,349.0,80.73217726396918
2025-10-15,13:07:39.483000,993,3101,300.0,57.80346820809249,13.022,368.0,80.73217726396918
2025-10-15,13:07:39.492000,993,3101,300.0,69.36416184971098,13.022,331.0,76.878612716763
2025-10-15,13:07:39.505000,993,3101,300.0,69.36416184971098,13.022,335.0,76.878612716763
2025-10-15,13:07:39.519000,993,3101,300.0,69.36416184971098,13.018,335.0,76.878612716763
2025-10-15,13:07:39.529000,993,3101,300.0,80.92485549132948,13.022,335.0,73.02504816955684
2025-10-15,13:07:39.538000,993,3101,300.0,80.92485549132948,13.026,313.0,73.02504816955684
2025-10-15,13:07:39.551000,993,3101,300.0,80.92485549132948,13.018,273.0,73.02504816955684
2025-10-15,13:07:39.561000,993,3101,300.0,92.48554913294798,13.018,295.0,69.17148362235068
2025-10-15,13:07:39.571000,993,3101,300.0,80.92485549132948,13.022,287.0,73.02504816955684
2025-10-15,13:07:39.581000,993,3101,300.0,80.92485549132948,13.022,309.0,73.02504816955684
2025-10-15,13:07:39.592000,993,3101,300.0,80.92485549132948,13.022,302.0,73.02504816955684
2025-10-15,13:07:39.601000,993,3101,300.0,92.48554913294798,13.022,291.0,69.17148362235068
2025-10-15,13:07:39.610000,993,3101,300.0,92.48554913294798,13.022,302.0,69.17148362235068
2025-10-15,13:07:39.620000,993,3101,300.0,92.48554913294798,13.026,280.0,69.17148362235068
2025-10-15,13:07:39.628000,993,3101,300.0,104.04624277456648,13.026,284.0,65.3179190751445
2025-10-15,13:07:39.637000,993,3101,300.0,104.04624277456648,13.022,284.0,65.3179190751445
2025-10-15,13:07:39.647000,993,3101,300.0,104.04624277456648,13.022,291.0,65.3179190751445
2025-10-15,13:07:39.662000,993,3101,300.0,104.04624277456648,13.022,295.0,65.3179190751445
2025-10-15,13:07:39.672000,993,3101,300.0,104.04624277456648,13.022,295.0,65.3179190751445
2025-10-15,13:07:39.681000,993,3101,300.0,104.04624277456648,13.022,287.0,65.3179190751445
2025-10-15,13:07:39.690000,993,3101,300.0,104.04624277456648,13.022,295.0,65.3179190751445
2025-10-15,13:07:39.699000,993,3101,300.0,115.60693641618498,13.022,280.0,61.46435452793835
2025-10-15,13:07:39.708000,993,3101,300.0,115.60693641618498,13.022,280.0,61.46435452793835
2025-10-15,13:07:39.717000,993,3101,300.0,115.60693641618498,13.022,273.0,61.46435452793835
2025-10-15,13:07:39.725000,993,3101,300.0,127.16763005780348,13.022,280.0,57.61078998073217
2025-10-15,13:07:39.738000,993,3101,300.0,127.16763005780348,13.026,277.0,57.61078998073217
2025-10-15,13:07:39.747000,993,3101,300.0,127.16763005780348,13.026,269.0,57.61078998073217
2025-10-15,13:07:39.758000,993,3101,300.0,127.16763005780348,13.022,269.0,57.61078998073217
2025-10-15,13:07:39.767000,993,3101,300.0,127.16763005780348,13.022,280.0,57.61078998073217
2025-10-15,13:07:39.777000,993,3101,300.0,115.60693641618498,13.022,306.0,61.46435452793835
2025-10-15,13:07:39.787000,993,3101,300.0,127.16763005780348,13.022,317.0,57.61078998073217
2025-10-15,13:07:39.797000,993,3101,300.0,127.16763005780348,13.026,317.0,57.61078998073217
2025-10-15,13:07:39.807000,993,3101,300.0,138.72832369942196,13.018,309.0,53.75722543352601
2025-10-15,13:07:39.817000,993,3101,300.0,138.72832369942196,13.018,335.0,53.75722543352601
2025-10-15,13:07:39.826000,993,3101,300.0,138.72832369942196,13.022,328.0,53.75722543352601
2025-10-15,13:07:39.836000,993,3101,300.0,138.72832369942196,13.026,291.0,53.75722543352601
2025-10-15,13:07:39.845000,993,3101,300.0,150.28901734104048,13.022,298.0,49.90366088631984
2025-10-15,13:07:39.854000,993,3101,300.0,138.72832369942196,13.022,298.0,53.75722543352601
2025-10-15,13:07:39.864000,993,3101,300.0,150.28901734104048,13.022,295.0,49.90366088631984
2025-10-15,13:07:39.875000,993,3101,300.0,150.28901734104048,13.026,287.0,49.90366088631984
2025-10-15,13:07:39.885000,993,3101,300.0,150.28901734104048,13.022,280.0,49.90366088631984
2025-10-15,13:07:39.895000,993,3101,300.0,150.28901734104048,13.022,277.0,49.90366088631984
2025-10-15,13:07:39.905000,993,3101,300.0,161.84971098265896,13.022,284.0,46.05009633911368
2025-10-15,13:07:39.915000,993,3101,300.0,150.28901734104048,13.022,280.0,49.90366088631984
2025-10-15,13:07:39.925000,993,3101,300.0,161.84971098265896,13.022,298.0,46.05009633911368
2025-10-15,13:07:39.935000,993,3101,300.0,161.84971098265896,13.026,277.0,46.05009633911368
2025-10-15,13:07:39.945000,993,3101,300.0,161.84971098265896,13.026,273.0,46.05009633911368
2025-10-15,13:07:39.957000,993,3101,300.0,161.84971098265896,13.026,269.0,46.05009633911368
2025-10-15,13:07:39.967000,993,3101,300.0,173.41040462427748,13.022,266.0,42.19653179190751
2025-10-15,13:07:39.977000,993,3101,300.0,173.41040462427748,13.026,258.0,42.19653179190751
2025-10-15,13:07:39.987000,993,3101,300.0,161.84971098265896,13.022,262.0,46.05009633911368
2025-10-15,13:07:39.997000,993,3101,300.0,173.41040462427748,13.022,262.0,42.19653179190751
2025-10-15,13:07:40.009000,993,3101,300.0,161.84971098265896,13.018,269.0,46.05009633911368
2025-10-15,13:07:40.022000,993,3101,300.0,173.41040462427748,13.018,277.0,42.19653179190751
2025-10-15,13:07:40.033000,993,3101,300.0,184.97109826589596,13.022,266.0,38.34296724470135
2025-10-15,13:07:40.045000,993,3101,300.0,173.41040462427748,13.026,262.0,42.19653179190751
2025-10-15,13:07:40.054000,993,3101,300.0,184.97109826589596,13.026,251.0,38.34296724470135
2025-10-15,13:07:40.064000,993,3101,300.0,173.41040462427748,13.022,244.0,42.19653179190751
2025-10-15,13:07:40.073000,993,3101,300.0,173.41040462427748,13.026,233.0,42.19653179190751
2025-10-15,13:07:40.083000,993,3101,300.0,173.41040462427748,13.026,236.0,42.19653179190751
2025-10-15,13:07:40.093000,993,3101,300.0,173.41040462427748,13.026,247.0,42.19653179190751
2025-10-15,13:07:40.103000,993,3101,300.0,184.97109826589596,13.022,251.0,38.34296724470135
2025-10-15,13:07:40.112000,993,3101,300.0,184.97109826589596,13.026,251.0,38.34296724470135
2025-10-15,13:07:40.121000,993,3101,300.0,184.97109826589596,13.026,236.0,38.34296724470135
2025-10-15,13:07:40.131000,993,3101,300.0,184.97109826589596,13.022,247.0,38.34296724470135
2025-10-15,13:07:40.140000,993,3101,300.0,184.97109826589596,13.026,236.0,38.34296724470135
2025-10-15,13:07:40.149000,993,3101,300.0,184.97109826589596,13.026,233.0,38.34296724470135
2025-10-15,13:07:40.159000,993,3101,300.0,184.97109826589596,13.026,236.0,38.34296724470135
2025-10-15,13:07:40.170000,993,3101,300.0,184.97109826589596,13.022,251.0,38.34296724470135
2025-10-15,13:07:40.179000,993,3101,300.0,184.97109826589596,13.022,247.0,38.34296724470135
2025-10-15,13:07:40.189000,993,3101,300.0,184.97109826589596,13.022,262.0,38.34296724470135
2025-10-15,13:07:40.198000,993,3101,300.0,184.97109826589596,13.026,262.0,38.34296724470135
2025-10-15,13:07:40.207000,993,3101,300.0,184.97109826589596,13.022,236.0,38.34296724470135
2025-10-15,13:07:40.217000,993,3101,300.0,184.97109826589596,13.026,244.0,38.34296724470135
2025-10-15,13:07:40.227000,993,3101,300.0,184.97109826589596,13.026,240.0,38.34296724470135
2025-10-15,13:07:40.237000,993,3101,300.0,196.53179190751447,13.022,244.0,34.48940269749517
2025-10-15,13:07:40.246000,993,3101,300.0,196.53179190751447,13.022,240.0,34.48940269749517
2025-10-15,13:07:40.256000,993,3101,300.0,184.97109826589596,13.026,229.0,38.34296724470135
2025-10-15,13:07:40.265000,993,3101,300.0,196.53179190751447,13.022,233.0,34.48940269749517
2025-10-15,13:07:40.275000,993,3101,300.0,196.53179190751447,13.022,233.0,34.48940269749517
2025-10-15,13:07:40.285000,993,3101,300.0,184.97109826589596,13.022,240.0,38.34296724470135
2025-10-15,13:07:40.294000,993,3101,300.0,196.53179190751447,13.022,236.0,34.48940269749517
2025-10-15,13:07:40.304000,993,3101,300.0,196.53179190751447,13.022,236.0,34.48940269749517
2025-10-15,13:07:40.314000,993,3101,300.0,184.97109826589596,13.026,233.0,38.34296724470135
2025-10-15,13:07:40.322000,993,3101,300.0,196.53179190751447,13.026,229.0,34.48940269749517
2025-10-15,13:07:40.331000,993,3101,300.0,196.53179190751447,13.022,233.0,34.48940269749517
2025-10-15,13:07:40.340000,993,3101,300.0,196.53179190751447,13.022,233.0,34.48940269749517
2025-10-15,13:07:40.349000,993,3101,300.0,196.53179190751447,13.026,229.0,34.48940269749517
2025-10-15,13:07:40.357000,993,3101,300.0,196.53179190751447,13.026,229.0,34.48940269749517
2025-10-15,13:07:40.367000,993,3101,300.0,208.09248554913296,13.026,225.0,30.635838150289015
2025-10-15,13:07:40.376000,993,3101,300.0,196.53179190751447,13.026,215.0,34.48940269749517
2025-10-15,13:07:40.385000,993,3101,300.0,196.53179190751447,13.022,236.0,34.48940269749517
2025-10-15,13:07:40.394000,993,3101,300.0,196.53179190751447,13.022,233.0,34.48940269749517
2025-10-15,13:07:40.403000,993,3101,300.0,196.53179190751447,13.026,225.0,34.48940269749517
2025-10-15,13:07:40.414000,993,3101,300.0,196.53179190751447,13.022,218.0,34.48940269749517
2025-10-15,13:07:40.423000,993,3101,300.0,196.53179190751447,13.022,222.0,34.48940269749517
2025-10-15,13:07:40.432000,993,3101,300.0,208.09248554913296,13.022,225.0,30.635838150289015
2025-10-15,13:07:40.441000,993,3101,300.0,196.53179190751447,13.026,222.0,34.48940269749517
2025-10-15,13:07:40.451000,993,3101,300.0,196.53179190751447,13.026,218.0,34.48940269749517
2025-10-15,13:07:40.461000,993,3101,300.0,196.53179190751447,13.022,233.0,34.48940269749517
2025-10-15,13:07:40.473000,993,3101,300.0,208.09248554913296,13.022,225.0,30.635838150289015
2025-10-15,13:07:40.483000,993,3101,300.0,196.53179190751447,13.022,225.0,34.48940269749517
2025-10-15,13:07:40.493000,993,3101,300.0,196.53179190751447,13.026,218.0,34.48940269749517
2025-10-15,13:07:40.503000,993,3101,300.0,196.53179190751447,13.026,225.0,34.48940269749517
2025-10-15,13:07:40.515000,993,3101,300.0,208.09248554913296,13.022,251.0,30.635838150289015
2025-10-15,13:07:40.529000,993,3101,300.0,196.53179190751447,13.022,255.0,34.48940269749517
2025-10-15,13:07:40.541000,993,3101,300.0,208.09248554913296,13.018,284.0,30.635838150289015
2025-10-15,13:07:40.552000,993,3101,300.0,208.09248554913296,13.022,273.0,30.635838150289015
2025-10-15,13:07:40.564000,993,3101,300.0,196.53179190751447,13.022,258.0,34.48940269749517
2025-10-15,13:07:40.574000,993,3101,300.0,208.09248554913296,13.022,262.0,30.635838150289015
2025-10-15,13:07:40.585000,993,3101,300.0,208.09248554913296,13.018,258.0,30.635838150289015
2025-10-15,13:07:40.595000,993,3101,300.0,208.09248554913296,13.022,258.0,30.635838150289015
2025-10-15,13:07:40.605000,993,3101,300.0,208.09248554913296,13.026,251.0,30.635838150289015
2025-10-15,13:07:40.616000,993,3101,300.0,219.65317919075147,13.022,258.0,26.78227360308284
2025-10-15,13:07:40.627000,993,3101,300.0,219.65317919075147,13.022,262.0,26.78227360308284
2025-10-15,13:07:40.638000,993,3101,300.0,208.09248554913296,13.022,258.0,30.635838150289015
2025-10-15,13:07:40.649000,993,3101,300.0,219.65317919075147,13.026,251.0,26.78227360308284
2025-10-15,13:07:40.660000,993,3101,300.0,219.65317919075147,13.022,255.0,26.78227360308284
2025-10-15,13:07:40.670000,993,3101,300.0,208.09248554913296,13.022,262.0,30.635838150289015
2025-10-15,13:07:40.682000,993,3101,300.0,208.09248554913296,13.022,244.0,30.635838150289015
2025-10-15,13:07:40.692000,993,3101,300.0,219.65317919075147,13.022,255.0,26.78227360308284
2025-10-15,13:07:40.703000,993,3101,300.0,219.65317919075147,13.026,255.0,26.78227360308284
2025-10-15,13:07:40.713000,993,3101,300.0,231.21387283236996,13.026,240.0,22.92870905587668
2025-10-15,13:07:40.726000,993,3101,300.0,219.65317919075147,13.022,247.0,26.78227360308284
2025-10-15,13:07:40.735000,993,3101,300.0,219.65317919075147,13.022,240.0,26.78227360308284
2025-10-15,13:07:40.745000,993,3101,300.0,219.65317919075147,13.022,240.0,26.78227360308284
2025-10-15,13:07:40.754000,993,3101,300.0,219.65317919075147,13.026,240.0,26.78227360308284
2025-10-15,13:07:40.763000,993,3101,300.0,219.65317919075147,13.026,233.0,26.78227360308284
2025-10-15,13:07:40.773000,993,3101,300.0,219.65317919075147,13.026,251.0,26.78227360308284
2025-10-15,13:07:40.782000,993,3101,300.0,231.21387283236996,13.026,247.0,22.92870905587668
2025-10-15,13:07:40.792000,993,3101,300.0,219.65317919075147,13.022,236.0,26.78227360308284
2025-10-15,13:07:40.802000,993,3101,300.0,219.65317919075147,13.022,251.0,26.78227360308284
2025-10-15,13:07:40.811000,993,3101,300.0,219.65317919075147,13.026,240.0,26.78227360308284
2025-10-15,13:07:40.822000,993,3101,300.0,219.65317919075147,13.022,244.0,26.78227360308284
2025-10-15,13:07:40.832000,993,3101,300.0,219.65317919075147,13.022,236.0,26.78227360308284
2025-10-15,13:07:40.841000,993,3101,300.0,231.21387283236996,13.022,244.0,22.92870905587668
2025-10-15,13:07:40.850000,993,3101,300.0,231.21387283236996,13.022,255.0,22.92870905587668
2025-10-15,13:07:40.859000,993,3101,300.0,231.21387283236996,13.022,240.0,22.92870905587668
2025-10-15,13:07:40.867000,993,3101,300.0,231.21387283236996,13.022,240.0,22.92870905587668
2025-10-15,13:07:40.876000,993,3101,300.0,231.21387283236996,13.022,240.0,22.92870905587668
2025-10-15,13:07:40.884000,993,3101,300.0,231.21387283236996,13.018,244.0,22.92870905587668
2025-10-15,13:07:40.892000,993,3101,300.0,231.21387283236996,13.018,244.0,22.92870905587668
2025-10-15,13:07:40.901000,993,3101,300.0,231.21387283236996,13.022,240.0,22.92870905587668
2025-10-15,13:07:40.910000,993,3101,300.0,231.21387283236996,13.022,247.0,22.92870905587668
2025-10-15,13:07:40.918000,993,3101,300.0,231.21387283236996,13.022,258.0,22.92870905587668
2025-10-15,13:07:40.926000,993,3101,300.0,231.21387283236996,13.022,258.0,22.92870905587668
2025-10-15,13:07:40.935000,993,3101,300.0,231.21387283236996,13.022,244.0,22.92870905587668
2025-10-15,13:07:40.944000,993,3101,300.0,231.21387283236996,13.022,247.0,22.92870905587668
2025-10-15,13:07:40.952000,993,3101,300.0,231.21387283236996,13.022,240.0,22.92870905587668
2025-10-15,13:07:40.961000,993,3101,300.0,242.77456647398847,13.022,240.0,19.075144508670512
2025-10-15,13:07:40.970000,993,3101,300.0,242.77456647398847,13.026,233.0,19.075144508670512
2025-10-15,13:07:40.979000,993,3101,300.0,242.77456647398847,13.022,247.0,19.075144508670512
2025-10-15,13:07:40.991000,993,3101,300.0,242.77456647398847,13.026,247.0,19.075144508670512
2025-10-15,13:07:41.001000,993,3101,300.0,242.77456647398847,13.022,244.0,19.075144508670512
2025-10-15,13:07:41.013000,993,3101,300.0,231.21387283236996,13.026,240.0,22.92870905587668
2025-10-15,13:07:41.025000,993,3101,300.0,242.77456647398847,13.018,244.0,19.075144508670512
2025-10-15,13:07:41.038000,993,3101,300.0,242.77456647398847,13.018,233.0,19.075144508670512
2025-10-15,13:07:41.047000,993,3101,300.0,242.77456647398847,13.022,247.0,19.075144508670512
2025-10-15,13:07:41.057000,993,3101,300.0,242.77456647398847,13.026,240.0,19.075144508670512
2025-10-15,13:07:41.066000,993,3101,300.0,242.77456647398847,13.026,240.0,19.075144508670512
2025-10-15,13:07:41.076000,993,3101,300.0,231.21387283236996,13.026,233.0,22.92870905587668
2025-10-15,13:07:41.086000,993,3101,300.0,242.77456647398847,13.022,233.0,19.075144508670512
2025-10-15,13:07:41.095000,993,3101,300.0,242.77456647398847,13.026,229.0,19.075144508670512
2025-10-15,13:07:41.105000,993,3101,300.0,242.77456647398847,13.022,225.0,19.075144508670512
2025-10-15,13:07:41.114000,993,3101,300.0,242.77456647398847,13.022,236.0,19.075144508670512
2025-10-15,13:07:41.123000,993,3101,300.0,254.33526011560696,13.026,240.0,15.221579961464348
2025-10-15,13:07:41.132000,993,3101,300.0,242.77456647398847,13.026,222.0,19.075144508670512
2025-10-15,13:07:41.141000,993,3101,300.0,242.77456647398847,13.022,229.0,19.075144508670512
2025-10-15,13:07:41.150000,993,3101,300.0,242.77456647398847,13.026,225.0,19.075144508670512
2025-10-15,13:07:41.160000,993,3101,300.0,242.77456647398847,13.022,225.0,19.075144508670512
2025-10-15,13:07:41.169000,993,3101,300.0,242.77456647398847,13.022,222.0,19.075144508670512
2025-10-15,13:07:41.178000,993,3101,300.0,242.77456647398847,13.022,222.0,19.075144508670512
2025-10-15,13:07:41.187000,993,3101,300.0,242.77456647398847,13.022,229.0,19.075144508670512
2025-10-15,13:07:41.198000,993,3101,300.0,242.77456647398847,13.026,225.0,19.075144508670512
2025-10-15,13:07:41.207000,993,3101,300.0,254.33526011560696,13.026,225.0,15.221579961464348
2025-10-15,13:07:41.218000,993,3101,300.0,254.33526011560696,13.018,233.0,15.221579961464348
2025-10-15,13:07:41.229000,993,3101,300.0,242.77456647398847,13.026,218.0,19.075144508670512
2025-10-15,13:07:41.238000,993,3101,300.0,242.77456647398847,13.022,229.0,19.075144508670512
2025-10-15,13:07:41.247000,993,3101,300.0,254.33526011560696,13.022,229.0,15.221579961464348
2025-10-15,13:07:41.257000,993,3101,300.0,242.77456647398847,13.022,225.0,19.075144508670512
2025-10-15,13:07:41.266000,993,3101,300.0,242.77456647398847,13.022,218.0,19.075144508670512
2025-10-15,13:07:41.276000,993,3101,300.0,242.77456647398847,13.026,215.0,19.075144508670512
2025-10-15,13:07:41.285000,993,3101,300.0,254.33526011560696,13.026,222.0,15.221579961464348
2025-10-15,13:07:41.295000,993,3101,300.0,242.77456647398847,13.026,222.0,19.075144508670512
2025-10-15,13:07:41.305000,993,3101,300.0,242.77456647398847,13.026,215.0,19.075144508670512
2025-10-15,13:07:41.315000,993,3101,300.0,242.77456647398847,13.026,222.0,19.075144508670512
2025-10-15,13:07:41.326000,993,3101,300.0,254.33526011560696,13.031,229.0,15.221579961464348
2025-10-15,13:07:41.338000,993,3101,300.0,242.77456647398847,13.022,229.0,19.075144508670512
2025-10-15,13:07:41.348000,993,3101,300.0,242.77456647398847,13.022,222.0,19.075144508670512
2025-10-15,13:07:41.358000,993,3101,300.0,254.33526011560696,13.026,225.0,15.221579961464348
2025-10-15,13:07:41.368000,993,3101,300.0,254.33526011560696,13.022,218.0,15.221579961464348
2025-10-15,13:07:41.379000,993,3101,300.0,242.77456647398847,13.026,233.0,19.075144508670512
2025-10-15,13:07:41.390000,993,3101,300.0,242.77456647398847,13.026,225.0,19.075144508670512
2025-10-15,13:07:41.402000,993,3101,300.0,254.33526011560696,13.026,218.0,15.221579961464348
2025-10-15,13:07:41.412000,993,3101,300.0,242.77456647398847,13.022,222.0,19.075144508670512
2025-10-15,13:07:41.423000,993,3101,300.0,254.33526011560696,13.026,222.0,15.221579961464348
2025-10-15,13:07:41.433000,993,3101,300.0,254.33526011560696,13.022,222.0,15.221579961464348
2025-10-15,13:07:41.443000,993,3101,300.0,242.77456647398847,13.022,236.0,19.075144508670512
2025-10-15,13:07:41.453000,993,3101,300.0,242.77456647398847,13.022,229.0,19.075144508670512
2025-10-15,13:07:41.463000,993,3101,300.0,254.33526011560696,13.022,229.0,15.221579961464348
2025-10-15,13:07:41.473000,993,3101,300.0,242.77456647398847,13.022,233.0,19.075144508670512
2025-10-15,13:07:41.483000,993,3101,300.0,254.33526011560696,13.026,218.0,15.221579961464348
2025-10-15,13:07:41.494000,993,3101,300.0,254.33526011560696,13.022,218.0,15.221579961464348
2025-10-15,13:07:41.506000,993,3101,300.0,254.33526011560696,13.022,229.0,15.221579961464348
2025-10-15,13:07:41.518000,993,3101,300.0,242.77456647398847,13.013,229.0,19.075144508670512
2025-10-15,13:07:41.529000,993,3101,300.0,254.33526011560696,13.018,251.0,15.221579961464348
2025-10-15,13:07:41.544000,993,3101,300.0,254.33526011560696,13.022,269.0,15.221579961464348
2025-10-15,13:07:41.554000,993,3101,300.0,254.33526011560696,13.022,273.0,15.221579961464348
2025-10-15,13:07:41.565000,993,3101,300.0,254.33526011560696,13.022,266.0,15.221579961464348
2025-10-15,13:07:41.575000,993,3101,300.0,254.33526011560696,13.022,269.0,15.221579961464348
2025-10-15,13:07:41.585000,993,3101,300.0,254.33526011560696,13.022,262.0,15.221579961464348
2025-10-15,13:07:41.597000,993,3101,300.0,254.33526011560696,13.018,273.0,15.221579961464348
2025-10-15,13:07:41.609000,993,3101,300.0,254.33526011560696,13.022,269.0,15.221579961464348
2025-10-15,13:07:41.619000,993,3101,300.0,265.89595375722547,13.022,233.0,11.368015414258178
2025-10-15,13:07:41.629000,993,3101,300.0,254.33526011560696,13.026,229.0,15.221579961464348
2025-10-15,13:07:41.639000,993,3101,300.0,265.89595375722547,13.022,233.0,11.368015414258178
2025-10-15,13:07:41.649000,993,3101,300.0,254.33526011560696,13.022,233.0,15.221579961464348
2025-10-15,13:07:41.659000,993,3101,300.0,265.89595375722547,13.026,218.0,11.368015414258178
2025-10-15,13:07:41.669000,993,3101,300.0,254.33526011560696,13.022,233.0,15.221579961464348
2025-10-15,13:07:41.679000,993,3101,300.0,265.89595375722547,13.026,233.0,11.368015414258178
2025-10-15,13:07:41.689000,993,3101,300.0,254.33526011560696,13.022,258.0,15.221579961464348
2025-10-15,13:07:41.699000,993,3101,300.0,265.89595375722547,13.022,262.0,11.368015414258178
2025-10-15,13:07:41.710000,993,3101,300.0,265.89595375722547,13.022,255.0,11.368015414258178
2025-10-15,13:07:41.720000,993,3101,300.0,265.89595375722547,13.022,236.0,11.368015414258178
2025-10-15,13:07:41.737000,993,3101,300.0,265.89595375722547,13.022,218.0,11.368015414258178
2025-10-15,13:07:41.748000,993,3101,300.0,265.89595375722547,13.026,204.0,11.368015414258178
2025-10-15,13:07:41.758000,993,3101,300.0,254.33526011560696,13.022,215.0,15.221579961464348
2025-10-15,13:07:41.766000,993,3101,300.0,265.89595375722547,13.022,211.0,11.368015414258178
2025-10-15,13:07:41.775000,993,3101,300.0,277.4566473988439,13.022,233.0,7.514450867052025
2025-10-15,13:07:41.784000,993,3101,300.0,265.89595375722547,13.022,236.0,11.368015414258178
2025-10-15,13:07:41.793000,993,3101,300.0,254.33526011560696,13.022,240.0,15.221579961464348
2025-10-15,13:07:41.803000,993,3101,300.0,265.89595375722547,13.018,251.0,11.368015414258178
2025-10-15,13:07:41.814000,993,3101,300.0,265.89595375722547,13.018,258.0,11.368015414258178
2025-10-15,13:07:41.828000,993,3101,300.0,254.33526011560696,13.022,251.0,15.221579961464348
2025-10-15,13:07:41.839000,993,3101,300.0,265.89595375722547,13.022,247.0,11.368015414258178
2025-10-15,13:07:41.851000,993,3101,300.0,277.4566473988439,13.022,247.0,7.514450867052025
2025-10-15,13:07:41.861000,993,3101,300.0,265.89595375722547,13.022,251.0,11.368015414258178
2025-10-15,13:07:41.871000,993,3101,300.0,277.4566473988439,13.026,247.0,7.514450867052025
2025-10-15,13:07:41.880000,993,3101,300.0,277.4566473988439,13.022,247.0,7.514450867052025
2025-10-15,13:07:41.889000,993,3101,300.0,265.89595375722547,13.022,236.0,11.368015414258178
2025-10-15,13:07:41.898000,993,3101,300.0,265.89595375722547,13.022,233.0,11.368015414258178
2025-10-15,13:07:41.907000,993,3101,300.0,277.4566473988439,13.022,233.0,7.514450867052025
2025-10-15,13:07:41.917000,993,3101,300.0,265.89595375722547,13.022,236.0,11.368015414258178
2025-10-15,13:07:41.927000,993,3101,300.0,265.89595375722547,13.022,236.0,11.368015414258178
2025-10-15,13:07:41.936000,993,3101,300.0,277.4566473988439,13.022,236.0,7.514450867052025
2025-10-15,13:07:41.945000,993,3101,300.0,265.89595375722547,13.022,240.0,11.368015414258178
2025-10-15,13:07:41.953000,993,3101,300.0,277.4566473988439,13.022,233.0,7.514450867052025
2025-10-15,13:07:41.962000,993,3101,300.0,277.4566473988439,13.022,233.0,7.514450867052025
2025-10-15,13:07:41.972000,993,3101,300.0,277.4566473988439,13.026,233.0,7.514450867052025
2025-10-15,13:07:41.981000,993,3101,300.0,277.4566473988439,13.018,233.0,7.514450867052025
2025-10-15,13:07:41.991000,993,3101,300.0,277.4566473988439,13.018,244.0,7.514450867052025
2025-10-15,13:07:42.003000,993,3101,300.0,265.89595375722547,13.018,247.0,11.368015414258178
2025-10-15,13:07:42.015000,993,3101,300.0,277.4566473988439,13.022,236.0,7.514450867052025
2025-10-15,13:07:42.025000,993,3101,300.0,277.4566473988439,13.013,236.0,7.514450867052025
2025-10-15,13:07:42.035000,993,3101,300.0,277.4566473988439,13.018,233.0,7.514450867052025
2025-10-15,13:07:42.048000,993,3101,300.0,277.4566473988439,13.022,229.0,7.514450867052025
2025-10-15,13:07:42.059000,993,3101,300.0,277.4566473988439,13.018,251.0,7.514450867052025
2025-10-15,13:07:42.068000,993,3101,300.0,277.4566473988439,13.022,251.0,7.514450867052025
2025-10-15,13:07:42.077000,993,3101,300.0,277.4566473988439,13.022,233.0,7.514450867052025
2025-10-15,13:07:42.087000,993,3101,300.0,277.4566473988439,13.022,229.0,7.514450867052025
2025-10-15,13:07:42.096000,993,3101,300.0,277.4566473988439,13.022,233.0,7.514450867052025
2025-10-15,13:07:42.106000,993,3101,300.0,277.4566473988439,13.022,218.0,7.514450867052025
2025-10-15,13:07:42.115000,993,3101,300.0,277.4566473988439,13.026,233.0,7.514450867052025
2025-10-15,13:07:42.124000,993,3101,300.0,277.4566473988439,13.026,240.0,7.514450867052025
2025-10-15,13:07:42.136000,993,3101,300.0,277.4566473988439,13.022,229.0,7.514450867052025
2025-10-15,13:07:42.145000,993,3101,300.0,277.4566473988439,13.022,229.0,7.514450867052025
2025-10-15,13:07:42.153000,993,3101,300.0,277.4566473988439,13.022,225.0,7.514450867052025
2025-10-15,13:07:42.162000,993,3101,300.0,277.4566473988439,13.022,229.0,7.514450867052025
2025-10-15,13:07:42.171000,993,3101,300.0,277.4566473988439,13.022,236.0,7.514450867052025
2025-10-15,13:07:42.181000,993,3101,300.0,277.4566473988439,13.022,229.0,7.514450867052025
2025-10-15,13:07:42.191000,993,3101,300.0,289.01734104046244,13.022,233.0,3.6608863198458534
2025-10-15,13:07:42.200000,993,3101,300.0,289.01734104046244,13.022,236.0,3.6608863198458534
2025-10-15,13:07:42.210000,993,3101,300.0,289.01734104046244,13.022,233.0,3.6608863198458534
2025-10-15,13:07:42.220000,993,3101,300.0,277.4566473988439,13.026,222.0,7.514450867052025
2025-10-15,13:07:42.229000,993,3101,300.0,277.4566473988439,13.022,225.0,7.514450867052025
2025-10-15,13:07:42.239000,993,3101,300.0,277.4566473988439,13.022,225.0,7.514450867052025
2025-10-15,13:07:42.249000,993,3101,300.0,277.4566473988439,13.022,222.0,7.514450867052025
2025-10-15,13:07:42.259000,993,3101,300.0,277.4566473988439,13.026,225.0,7.514450867052025
2025-10-15,13:07:42.269000,993,3101,300.0,289.01734104046244,13.026,211.0,3.6608863198458534
2025-10-15,13:07:42.279000,993,3101,300.0,289.01734104046244,13.022,204.0,3.6608863198458534
2025-10-15,13:07:42.289000,993,3101,300.0,289.01734104046244,13.026,207.0,3.6608863198458534
2025-10-15,13:07:42.299000,993,3101,300.0,277.4566473988439,13.026,200.0,7.514450867052025
2025-10-15,13:07:42.309000,993,3101,300.0,277.4566473988439,13.022,200.0,7.514450867052025
2025-10-15,13:07:42.318000,993,3101,300.0,277.4566473988439,13.022,222.0,7.514450867052025
2025-10-15,13:07:42.328000,993,3101,300.0,277.4566473988439,13.022,222.0,7.514450867052025
2025-10-15,13:07:42.340000,993,3101,300.0,277.4566473988439,13.022,229.0,7.514450867052025
2025-10-15,13:07:42.353000,993,3101,300.0,289.01734104046244,13.022,236.0,3.6608863198458534
2025-10-15,13:07:42.366000,993,3101,300.0,289.01734104046244,13.018,236.0,3.6608863198458534
2025-10-15,13:07:42.378000,993,3101,300.0,277.4566473988439,13.026,240.0,7.514450867052025
2025-10-15,13:07:42.390000,993,3101,300.0,277.4566473988439,13.022,236.0,7.514450867052025
2025-10-15,13:07:42.402000,993,3101,300.0,277.4566473988439,13.022,240.0,7.514450867052025
2025-10-15,13:07:42.415000,993,3101,300.0,277.4566473988439,13.026,233.0,7.514450867052025
2025-10-15,13:07:42.427000,993,3101,300.0,289.01734104046244,13.026,229.0,3.6608863198458534
2025-10-15,13:07:42.440000,993,3101,300.0,289.01734104046244,13.022,236.0,3.6608863198458534
2025-10-15,13:07:42.451000,993,3101,300.0,277.4566473988439,13.022,236.0,7.514450867052025
2025-10-15,13:07:42.464000,993,3101,300.0,277.4566473988439,13.022,233.0,7.514450867052025
2025-10-15,13:07:42.474000,993,3101,300.0,277.4566473988439,13.022,233.0,7.514450867052025
2025-10-15,13:07:42.484000,993,3101,300.0,277.4566473988439,13.022,225.0,7.514450867052025
2025-10-15,13:07:42.494000,993,3101,300.0,289.01734104046244,13.022,233.0,3.6608863198458534
2025-10-15,13:07:42.504000,993,3101,300.0,289.01734104046244,13.022,233.0,3.6608863198458534
2025-10-15,13:07:42.519000,993,3101,300.0,289.01734104046244,13.013,244.0,3.6608863198458534
2025-10-15,13:07:42.529000,993,3101,300.0,289.01734104046244,13.022,236.0,3.6608863198458534
2025-10-15,13:07:42.539000,993,3101,300.0,289.01734104046244,13.022,233.0,3.6608863198458534
2025-10-15,13:07:42.551000,993,3101,300.0,289.01734104046244,13.022,233.0,3.6608863198458534
2025-10-15,13:07:42.561000,993,3101,300.0,289.01734104046244,13.018,225.0,3.6608863198458534
2025-10-15,13:07:42.570000,993,3101,300.0,289.01734104046244,13.022,233.0,3.6608863198458534
2025-10-15,13:07:42.580000,993,3101,300.0,289.01734104046244,13.022,233.0,3.6608863198458534
2025-10-15,13:07:42.591000,993,3101,300.0,289.01734104046244,13.022,229.0,3.6608863198458534
2025-10-15,13:07:42.600000,993,3101,300.0,277.4566473988439,13.022,233.0,7.514450867052025
2025-10-15,13:07:42.610000,993,3101,300.0,289.01734104046244,13.022,229.0,3.6608863198458534
2025-10-15,13:07:42.622000,993,3101,300.0,277.4566473988439,13.022,229.0,7.514450867052025
2025-10-15,13:07:42.632000,993,3101,300.0,277.4566473988439,13.022,229.0,7.514450867052025
2025-10-15,13:07:42.651000,993,3101,300.0,277.4566473988439,13.022,225.0,7.514450867052025
2025-10-15,13:07:42.661000,993,3101,300.0,289.01734104046244,13.022,222.0,3.6608863198458534
2025-10-15,13:07:42.671000,993,3101,300.0,289.01734104046244,13.022,222.0,3.6608863198458534
2025-10-15,13:07:42.681000,993,3101,300.0,277.4566473988439,13.022,229.0,7.514450867052025
2025-10-15,13:07:42.691000,993,3101,300.0,289.01734104046244,13.022,229.0,3.6608863198458534
2025-10-15,13:07:42.701000,993,3101,300.0,277.4566473988439,13.022,225.0,7.514450867052025
2025-10-15,13:07:42.710000,993,3101,300.0,289.01734104046244,13.022,218.0,3.6608863198458534
2025-10-15,13:07:42.720000,993,3101,300.0,289.01734104046244,13.022,222.0,3.6608863198458534
2025-10-15,13:07:42.729000,993,3101,300.0,289.01734104046244,13.026,222.0,3.6608863198458534
2025-10-15,13:07:42.743000,993,3101,300.0,289.01734104046244,13.022,222.0,3.6608863198458534
2025-10-15,13:07:42.753000,993,3101,300.0,289.01734104046244,13.022,218.0,3.6608863198458534
2025-10-15,13:07:42.762000,993,3101,300.0,289.01734104046244,13.026,222.0,3.6608863198458534
2025-10-15,13:07:42.772000,993,3101,300.0,289.01734104046244,13.022,222.0,3.6608863198458534
2025-10-15,13:07:42.782000,993,3101,300.0,289.01734104046244,13.022,222.0,3.6608863198458534
2025-10-15,13:07:42.793000,993,3101,300.0,289.01734104046244,13.022,222.0,3.6608863198458534
2025-10-15,13:07:42.803000,993,3101,300.0,289.01734104046244,13.022,229.0,3.6608863198458534
2025-10-15,13:07:42.812000,993,3101,300.0,289.01734104046244,13.022,222.0,3.6608863198458534
2025-10-15,13:07:42.823000,993,3101,300.0,289.01734104046244,13.022,225.0,3.6608863198458534
2025-10-15,13:07:42.833000,993,3101,300.0,289.01734104046244,13.022,240.0,3.6608863198458534
2025-10-15,13:07:42.843000,993,3101,300.0,289.01734104046244,13.022,222.0,3.6608863198458534
2025-10-15,13:07:42.852000,993,3101,300.0,289.01734104046244,13.022,225.0,3.6608863198458534
2025-10-15,13:07:42.863000,993,3101,300.0,289.01734104046244,13.022,229.0,3.6608863198458534
2025-10-15,13:07:42.874000,993,3101,300.0,289.01734104046244,13.018,233.0,3.6608863198458534
2025-10-15,13:07:42.884000,993,3101,300.0,289.01734104046244,13.022,236.0,3.6608863198458534
2025-10-15,13:07:42.894000,993,3101,300.0,289.01734104046244,13.022,225.0,3.6608863198458534
2025-10-15,13:07:42.903000,993,3101,300.0,289.01734104046244,13.018,222.0,3.6608863198458534
2025-10-15,13:07:42.913000,993,3101,300.0,289.01734104046244,13.022,222.0,3.6608863198458534
2025-10-15,13:07:42.922000,993,3101,300.0,289.01734104046244,13.022,222.0,3.6608863198458534
2025-10-15,13:07:42.932000,993,3101,300.0,289.01734104046244,13.022,222.0,3.6608863198458534
2025-10-15,13:07:42.942000,993,3101,300.0,289.01734104046244,13.022,225.0,3.6608863198458534
2025-10-15,13:07:42.952000,993,3101,300.0,289.01734104046244,13.022,222.0,3.6608863198458534
2025-10-15,13:07:42.966000,993,3101,300.0,289.01734104046244,13.022,236.0,3.6608863198458534
2025-10-15,13:07:42.976000,993,3101,300.0,289.01734104046244,13.022,240.0,3.6608863198458534
2025-10-15,13:07:42.986000,993,3101,300.0,289.01734104046244,13.022,229.0,3.6608863198458534
2025-10-15,13:07:42.999000,993,3101,300.0,289.01734104046244,13.022,229.0,3.6608863198458534
2025-10-15,13:07:43.009000,993,3101,300.0,289.01734104046244,13.018,229.0,3.6608863198458534
2025-10-15,13:07:43.019000,993,3101,300.0,289.01734104046244,13.018,233.0,3.6608863198458534
2025-10-15,13:07:43.031000,993,3101,300.0,289.01734104046244,13.022,229.0,3.6608863198458534
2025-10-15,13:07:43.055000,993,3101,300.0,289.01734104046244,13.013,229.0,3.6608863198458534
2025-10-15,13:07:43.090000,993,3101,300.0,289.01734104046244,13.022,229.0,3.6608863198458534
2025-10-15,13:07:43.098000,993,3101,300.0,289.01734104046244,13.022,225.0,3.6608863198458534
2025-10-15,13:07:43.113000,993,3101,300.0,289.01734104046244,13.018,229.0,3.6608863198458534
2025-10-15,13:07:43.121000,993,3101,300.0,289.01734104046244,13.018,218.0,3.6608863198458534
2025-10-15,13:07:43.131000,993,3101,300.0,289.01734104046244,13.018,222.0,3.6608863198458534
2025-10-15,13:07:43.139000,993,3101,300.0,289.01734104046244,13.018,225.0,3.6608863198458534
2025-10-15,13:07:43.147000,993,3101,300.0,289.01734104046244,13.018,225.0,3.6608863198458534
2025-10-15,13:07:43.155000,993,3101,300.0,289.01734104046244,13.018,222.0,3.6608863198458534
2025-10-15,13:07:43.163000,993,3101,300.0,289.01734104046244,13.018,225.0,3.6608863198458534
2025-10-15,13:07:43.172000,993,3101,300.0,289.01734104046244,13.018,222.0,3.6608863198458534
2025-10-15,13:07:43.181000,993,3101,300.0,289.01734104046244,13.022,222.0,3.6608863198458534
2025-10-15,13:07:43.190000,993,3101,300.0,289.01734104046244,13.018,229.0,3.6608863198458534
2025-10-15,13:07:43.206000,993,3101,300.0,289.01734104046244,13.018,225.0,3.6608863198458534
2025-10-15,13:07:43.246000,993,3101,300.0,289.01734104046244,13.022,225.0,3.6608863198458534
2025-10-15,13:07:43.263000,993,3101,300.0,289.01734104046244,13.022,229.0,3.6608863198458534
2025-10-15,13:07:43.274000,993,3101,300.0,289.01734104046244,13.018,233.0,3.6608863198458534
2025-10-15,13:07:43.282000,993,3101,300.0,289.01734104046244,13.018,236.0,3.6608863198458534
2025-10-15,13:07:43.291000,993,3101,300.0,289.01734104046244,13.022,229.0,3.6608863198458534
2025-10-15,13:07:43.300000,993,3101,300.0,289.01734104046244,13.018,236.0,3.6608863198458534
2025-10-15,13:07:43.356000,993,3101,300.0,289.01734104046244,13.022,222.0,3.6608863198458534
2025-10-15,13:07:43.365000,993,3101,300.0,289.01734104046244,13.022,222.0,3.6608863198458534
2025-10-15,13:07:43.375000,993,3101,300.0,289.01734104046244,13.022,222.0,3.6608863198458534
2025-10-15,13:07:43.386000,993,3101,300.0,289.01734104046244,13.022,222.0,3.6608863198458534
2025-10-15,13:07:43.442000,993,3101,300.0,289.01734104046244,13.022,225.0,3.6608863198458534
2025-10-15,13:07:43.451000,993,3101,300.0,289.01734104046244,13.022,222.0,3.6608863198458534
2025-10-15,13:07:43.460000,993,3101,300.0,289.01734104046244,13.022,229.0,3.6608863198458534
2025-10-15,13:07:43.514000,993,3101,300.0,289.01734104046244,13.018,233.0,3.6608863198458534
2025-10-15,13:07:43.524000,993,3101,300.0,289.01734104046244,13.018,236.0,3.6608863198458534
2025-10-15,13:07:43.585000,993,3101,300.0,289.01734104046244,13.022,222.0,3.6608863198458534
2025-10-15,13:07:43.594000,993,3101,300.0,289.01734104046244,13.018,225.0,3.6608863198458534
2025-10-15,13:07:43.651000,993,3101,300.0,289.01734104046244,13.022,229.0,3.6608863198458534
2025-10-15,13:07:43.660000,993,3101,300.0,289.01734104046244,13.018,229.0,3.6608863198458534
2025-10-15,13:07:43.669000,993,3101,300.0,289.01734104046244,13.022,225.0,3.6608863198458534
2025-10-15,13:07:43.772000,993,3101,300.0,289.01734104046244,13.022,222.0,3.6608863198458534
2025-10-15,13:07:43.836000,993,3101,300.0,289.01734104046244,13.022,222.0,3.6608863198458534
2025-10-15,13:07:43.947000,993,3101,300.0,289.01734104046244,13.022,215.0,3.6608863198458534
2025-10-15,13:07:43.957000,993,3101,300.0,289.01734104046244,13.022,222.0,3.6608863198458534
2025-10-15,13:07:45.642000,993,3101,300.0,289.01734104046244,13.018,207.0,3.6608863198458534
2025-10-15,13:07:45.713000,993,3101,300.0,289.01734104046244,13.022,204.0,3.6608863198458534
2025-10-15,13:07:45.724000,993,3101,300.0,289.01734104046244,13.018,229.0,3.6608863198458534
2025-10-15,13:07:46.044000,993,3101,300.0,289.01734104046244,13.013,204.0,3.6608863198458534
2025-10-15,13:07:46.102000,993,3101,300.0,289.01734104046244,13.018,207.0,3.6608863198458534
2025-10-15,13:07:46.169000,993,3101,300.0,289.01734104046244,13.018,225.0,3.6608863198458534
2025-10-15,13:07:46.178000,993,3101,300.0,289.01734104046244,13.018,229.0,3.6608863198458534
2025-10-15,13:07:46.239000,993,3101,300.0,289.01734104046244,13.022,240.0,3.6608863198458534
2025-10-15,13:07:46.297000,993,3101,300.0,289.01734104046244,13.022,211.0,3.6608863198458534
2025-10-15,13:07:46.417000,993,3101,300.0,289.01734104046244,13.018,204.0,3.6608863198458534
2025-10-15,13:07:46.451000,993,3101,300.0,289.01734104046244,13.013,262.0,3.6608863198458534
2025-10-15,13:07:46.633000,993,3101,300.0,289.01734104046244,13.022,207.0,3.6608863198458534
2025-10-15,13:07:46.704000,993,3101,300.0,289.01734104046244,13.022,204.0,3.6608863198458534
2025-10-15,13:07:46.713000,993,3101,300.0,289.01734104046244,13.022,207.0,3.6608863198458534
2025-10-15,13:07:47.115000,993,3101,300.0,289.01734104046244,13.018,207.0,3.6608863198458534
2025-10-15,13:07:47.491000,993,3101,300.0,289.01734104046244,13.022,211.0,3.6608863198458534
2025-10-15,13:07:47.501000,993,3101,300.0,289.01734104046244,13.022,207.0,3.6608863198458534
2025-10-15,13:07:47.511000,993,3101,300.0,289.01734104046244,13.022,207.0,3.6608863198458534
2025-10-15,13:07:47.571000,993,3101,300.0,289.01734104046244,13.018,233.0,3.6608863198458534
2025-10-15,13:07:47.687000,993,3101,300.0,289.01734104046244,13.022,211.0,3.6608863198458534
2025-10-15,13:07:47.696000,993,3101,300.0,289.01734104046244,13.022,215.0,3.6608863198458534
2025-10-15,13:07:47.751000,993,3101,300.0,289.01734104046244,13.022,204.0,3.6608863198458534
2025-10-15,13:07:47.760000,993,3101,300.0,289.01734104046244,13.018,215.0,3.6608863198458534
2025-10-15,13:07:47.769000,993,3101,300.0,289.01734104046244,13.018,236.0,3.6608863198458534
2025-10-15,13:07:47.778000,993,3101,300.0,289.01734104046244,13.018,236.0,3.6608863198458534
2025-10-15,13:07:47.786000,993,3101,300.0,289.01734104046244,13.013,236.0,3.6608863198458534
2025-10-15,13:07:47.890000,993,3101,300.0,289.01734104046244,13.018,211.0,3.6608863198458534
2025-10-15,13:07:47.899000,993,3101,300.0,289.01734104046244,13.018,211.0,3.6608863198458534
2025-10-15,13:07:48.007000,993,3101,300.0,289.01734104046244,13.018,211.0,3.6608863198458534
2025-10-15,13:07:48.045000,993,3101,300.0,289.01734104046244,13.013,211.0,3.6608863198458534
2025-10-15,13:07:48.111000,993,3101,300.0,289.01734104046244,13.018,218.0,3.6608863198458534
2025-10-15,13:07:48.120000,993,3101,300.0,289.01734104046244,13.018,240.0,3.6608863198458534
2025-10-15,13:07:48.129000,993,3101,300.0,289.01734104046244,13.022,240.0,3.6608863198458534
2025-10-15,13:07:48.361000,993,3101,300.0,289.01734104046244,13.018,207.0,3.6608863198458534
2025-10-15,13:07:48.369000,993,3101,300.0,289.01734104046244,13.018,222.0,3.6608863198458534
2025-10-15,13:07:48.668000,993,3101,300.0,289.01734104046244,13.018,218.0,3.6608863198458534
2025-10-15,13:07:48.677000,993,3101,300.0,289.01734104046244,13.018,229.0,3.6608863198458534
2025-10-15,13:07:49.024000,993,3101,300.0,289.01734104046244,13.022,211.0,3.6608863198458534
2025-10-15,13:07:49.085000,993,3101,300.0,289.01734104046244,13.018,211.0,3.6608863198458534
2025-10-15,13:07:49.145000,993,3101,300.0,289.01734104046244,13.022,218.0,3.6608863198458534
2025-10-15,13:07:49.155000,993,3101,300.0,289.01734104046244,13.022,211.0,3.6608863198458534
2025-10-15,13:07:49.211000,993,3101,300.0,289.01734104046244,13.022,207.0,3.6608863198458534
2025-10-15,13:07:49.220000,993,3101,300.0,289.01734104046244,13.013,240.0,3.6608863198458534
2025-10-15,13:07:49.228000,993,3101,300.0,289.01734104046244,13.018,247.0,3.6608863198458534
2025-10-15,13:07:49.336000,993,3101,300.0,289.01734104046244,13.018,211.0,3.6608863198458534
2025-10-15,13:07:49.344000,993,3101,300.0,289.01734104046244,13.018,207.0,3.6608863198458534
2025-10-15,13:07:49.403000,993,3101,300.0,289.01734104046244,13.018,215.0,3.6608863198458534
2025-10-15,13:07:49.462000,993,3101,300.0,289.01734104046244,13.018,218.0,3.6608863198458534
2025-10-15,13:07:49.472000,993,3101,300.0,289.01734104046244,13.018,233.0,3.6608863198458534
2025-10-15,13:07:49.482000,993,3101,300.0,289.01734104046244,13.013,244.0,3.6608863198458534
2025-10-15,13:07:49.711000,993,3101,300.0,289.01734104046244,13.018,211.0,3.6608863198458534
2025-10-15,13:07:49.724000,993,3101,300.0,289.01734104046244,13.018,222.0,3.6608863198458534
2025-10-15,13:07:49.935000,993,3101,300.0,289.01734104046244,13.018,207.0,3.6608863198458534
2025-10-15,13:07:49.944000,993,3101,300.0,289.01734104046244,13.018,204.0,3.6608863198458534
2025-10-15,13:07:50.003000,993,3101,300.0,289.01734104046244,13.018,204.0,3.6608863198458534
2025-10-15,13:07:50.015000,993,3101,300.0,289.01734104046244,13.018,196.0,3.6608863198458534
2025-10-15,13:07:50.079000,993,3101,300.0,289.01734104046244,13.013,247.0,3.6608863198458534
2025-10-15,13:07:50.089000,993,3101,300.0,289.01734104046244,13.018,244.0,3.6608863198458534
2025-10-15,13:07:50.100000,993,3101,300.0,289.01734104046244,13.013,236.0,3.6608863198458534
2025-10-15,13:07:50.110000,993,3101,300.0,289.01734104046244,13.013,236.0,3.6608863198458534
2025-10-15,13:07:50.141000,993,3101,300.0,289.01734104046244,13.018,211.0,3.6608863198458534
2025-10-15,13:07:50.218000,993,3101,300.0,289.01734104046244,13.013,255.0,3.6608863198458534
2025-10-15,13:07:50.228000,993,3101,300.0,289.01734104046244,13.018,251.0,3.6608863198458534
2025-10-15,13:07:50.237000,993,3101,300.0,289.01734104046244,13.018,251.0,3.6608863198458534
2025-10-15,13:07:50.246000,993,3101,300.0,289.01734104046244,13.018,247.0,3.6608863198458534
2025-10-15,13:07:50.305000,993,3101,300.0,289.01734104046244,13.018,258.0,3.6608863198458534
2025-10-15,13:07:50.412000,993,3101,300.0,289.01734104046244,13.018,207.0,3.6608863198458534
2025-10-15,13:07:50.735000,993,3101,300.0,289.01734104046244,13.013,218.0,3.6608863198458534
2025-10-15,13:07:50.743000,993,3101,300.0,289.01734104046244,13.018,207.0,3.6608863198458534
2025-10-15,13:07:50.751000,993,3101,300.0,289.01734104046244,13.013,204.0,3.6608863198458534
2025-10-15,13:07:50.857000,993,3101,300.0,289.01734104046244,13.018,215.0,3.6608863198458534
2025-10-15,13:07:50.866000,993,3101,300.0,289.01734104046244,13.018,218.0,3.6608863198458534
2025-10-15,13:07:50.922000,993,3101,300.0,289.01734104046244,13.013,251.0,3.6608863198458534
2025-10-15,13:07:51.252000,993,3101,300.0,289.01734104046244,13.018,207.0,3.6608863198458534
2025-10-15,13:07:51.290000,993,3101,300.0,289.01734104046244,13.013,218.0,3.6608863198458534
2025-10-15,13:07:51.300000,993,3101,300.0,289.01734104046244,13.018,215.0,3.6608863198458534
2025-10-15,13:07:51.412000,993,3101,300.0,289.01734104046244,13.013,215.0,3.6608863198458534
2025-10-15,13:07:51.421000,993,3101,300.0,289.01734104046244,13.013,236.0,3.6608863198458534
2025-10-15,13:07:51.638000,993,3101,300.0,289.01734104046244,13.018,204.0,3.6608863198458534
2025-10-15,13:07:51.646000,993,3101,300.0,289.01734104046244,13.018,204.0,3.6608863198458534
2025-10-15,13:07:51.703000,993,3101,300.0,289.01734104046244,13.013,218.0,3.6608863198458534
2025-10-15,13:07:51.713000,993,3101,300.0,289.01734104046244,13.018,218.0,3.6608863198458534
2025-10-15,13:07:51.725000,993,3101,300.0,289.01734104046244,13.013,236.0,3.6608863198458534
2025-10-15,13:07:52.023000,993,3101,300.0,289.01734104046244,13.018,215.0,3.6608863198458534
2025-10-15,13:07:52.032000,993,3101,300.0,289.01734104046244,13.018,207.0,3.6608863198458534
2025-10-15,13:07:52.097000,993,3101,300.0,289.01734104046244,13.018,211.0,3.6608863198458534
2025-10-15,13:07:52.107000,993,3101,300.0,289.01734104046244,13.018,215.0,3.6608863198458534
2025-10-15,13:07:52.162000,993,3101,300.0,289.01734104046244,13.018,215.0,3.6608863198458534
2025-10-15,13:07:52.171000,993,3101,300.0,289.01734104046244,13.018,229.0,3.6608863198458534
2025-10-15,13:07:52.473000,993,3101,300.0,289.01734104046244,13.018,204.0,3.6608863198458534
2025-10-15,13:07:52.515000,993,3101,300.0,289.01734104046244,13.018,200.0,3.6608863198458534
2025-10-15,13:07:52.532000,993,3101,300.0,289.01734104046244,13.013,233.0,3.6608863198458534
2025-10-15,13:07:52.540000,993,3101,300.0,289.01734104046244,13.013,247.0,3.6608863198458534
2025-10-15,13:07:52.549000,993,3101,300.0,289.01734104046244,13.013,247.0,3.6608863198458534
2025-10-15,13:07:52.609000,993,3101,600.0,289.01734104046244,13.013,258.0,51.83044315992292
2025-10-15,13:07:52.618000,993,3101,600.0,289.01734104046244,13.013,258.0,51.83044315992292
2025-10-15,13:07:52.629000,993,3101,600.0,300.57803468208095,13.013,255.0,49.90366088631984
2025-10-15,13:07:52.637000,993,3101,600.0,300.57803468208095,13.013,251.0,49.90366088631984
2025-10-15,13:07:52.646000,993,3101,600.0,300.57803468208095,13.013,251.0,49.90366088631984
2025-10-15,13:07:52.655000,993,3101,600.0,312.13872832369947,13.013,251.0,47.97687861271675
2025-10-15,13:07:52.665000,993,3101,600.0,312.13872832369947,13.018,247.0,47.97687861271675
2025-10-15,13:07:52.673000,993,3101,600.0,300.57803468208095,12.97,612.0,49.90366088631984
2025-10-15,13:07:52.682000,993,3101,600.0,312.13872832369947,12.97,772.0,47.97687861271675
2025-10-15,13:07:52.691000,993,3101,600.0,323.6994219653179,12.965,845.0,46.05009633911368
2025-10-15,13:07:52.700000,993,3101,600.0,335.26011560693644,12.97,867.0,44.12331406551059
2025-10-15,13:07:52.708000,993,3101,600.0,335.26011560693644,12.974,841.0,44.12331406551059
2025-10-15,13:07:52.718000,993,3101,600.0,346.82080924855495,12.978,841.0,42.19653179190751
2025-10-15,13:07:52.727000,993,3101,600.0,369.9421965317919,12.974,816.0,38.34296724470135
2025-10-15,13:07:52.735000,993,3101,600.0,381.50289017341044,12.974,794.0,36.41618497109826
2025-10-15,13:07:52.744000,993,3101,600.0,393.06358381502895,12.983,758.0,34.48940269749517
2025-10-15,13:07:52.752000,993,3101,600.0,393.06358381502895,12.983,710.0,34.48940269749517
2025-10-15,13:07:52.761000,993,3101,600.0,416.1849710982659,12.983,685.0,30.635838150289015
2025-10-15,13:07:52.770000,993,3101,600.0,416.1849710982659,12.987,608.0,30.635838150289015
2025-10-15,13:07:52.778000,993,3101,600.0,416.1849710982659,12.992,561.0,30.635838150289015
2025-10-15,13:07:52.787000,993,3101,600.0,427.74566473988443,12.992,561.0,28.70905587668593
2025-10-15,13:07:52.795000,993,3101,600.0,439.30635838150295,12.992,524.0,26.78227360308284
2025-10-15,13:07:52.803000,993,3101,600.0,450.8670520231214,12.992,506.0,24.85549132947977
2025-10-15,13:07:52.811000,993,3101,600.0,450.8670520231214,12.992,484.0,24.85549132947977
2025-10-15,13:07:52.820000,993,3101,600.0,462.4277456647399,12.992,466.0,22.92870905587668
2025-10-15,13:07:52.828000,993,3101,600.0,462.4277456647399,13.0,433.0,22.92870905587668
2025-10-15,13:07:52.837000,993,3101,600.0,462.4277456647399,12.996,433.0,22.92870905587668
2025-10-15,13:07:52.846000,993,3101,600.0,462.4277456647399,12.996,426.0,22.92870905587668
2025-10-15,13:07:52.855000,993,3101,600.0,462.4277456647399,13.005,400.0,22.92870905587668
2025-10-15,13:07:52.864000,993,3101,600.0,473.98843930635843,13.0,390.0,21.001926782273593
2025-10-15,13:07:52.873000,993,3101,600.0,473.98843930635843,13.0,360.0,21.001926782273593
2025-10-15,13:07:52.882000,993,3101,600.0,485.54913294797694,13.0,364.0,19.075144508670512
2025-10-15,13:07:52.891000,993,3101,600.0,485.54913294797694,13.0,346.0,19.075144508670512
2025-10-15,13:07:52.900000,993,3101,600.0,497.1098265895954,12.996,353.0,17.14836223506743
2025-10-15,13:07:52.910000,993,3101,600.0,497.1098265895954,12.996,360.0,17.14836223506743
2025-10-15,13:07:52.918000,993,3101,600.0,485.54913294797694,13.005,331.0,19.075144508670512
2025-10-15,13:07:52.927000,993,3101,600.0,497.1098265895954,13.005,331.0,17.14836223506743
2025-10-15,13:07:52.936000,993,3101,600.0,485.54913294797694,13.005,309.0,19.075144508670512
2025-10-15,13:07:52.944000,993,3101,600.0,497.1098265895954,13.005,306.0,17.14836223506743
2025-10-15,13:07:52.952000,993,3101,600.0,497.1098265895954,13.005,302.0,17.14836223506743
2025-10-15,13:07:52.961000,993,3101,600.0,497.1098265895954,13.005,302.0,17.14836223506743
2025-10-15,13:07:52.969000,993,3101,600.0,497.1098265895954,13.005,295.0,17.14836223506743
2025-10-15,13:07:52.977000,993,3101,600.0,497.1098265895954,13.009,287.0,17.14836223506743
2025-10-15,13:07:52.985000,993,3101,600.0,508.6705202312139,13.009,287.0,15.221579961464348
2025-10-15,13:07:52.993000,993,3101,600.0,508.6705202312139,13.005,284.0,15.221579961464348
2025-10-15,13:07:53.002000,993,3101,600.0,508.6705202312139,13.009,284.0,15.221579961464348
2025-10-15,13:07:53.011000,993,3101,600.0,508.6705202312139,13.005,287.0,15.221579961464348
2025-10-15,13:07:53.019000,993,3101,600.0,508.6705202312139,13.005,291.0,15.221579961464348
2025-10-15,13:07:53.028000,993,3101,600.0,508.6705202312139,13.005,287.0,15.221579961464348
2025-10-15,13:07:53.036000,993,3101,600.0,508.6705202312139,13.005,287.0,15.221579961464348
2025-10-15,13:07:53.047000,993,3101,600.0,508.6705202312139,13.005,284.0,15.221579961464348
2025-10-15,13:07:53.057000,993,3101,600.0,508.6705202312139,13.0,280.0,15.221579961464348
2025-10-15,13:07:53.065000,993,3101,600.0,520.2312138728324,13.0,284.0,13.294797687861262
2025-10-15,13:07:53.074000,993,3101,600.0,520.2312138728324,13.005,287.0,13.294797687861262
2025-10-15,13:07:53.083000,993,3101,600.0,520.2312138728324,13.005,280.0,13.294797687861262
2025-10-15,13:07:53.092000,993,3101,600.0,520.2312138728324,13.005,277.0,13.294797687861262
2025-10-15,13:07:53.100000,993,3101,600.0,508.6705202312139,13.009,273.0,15.221579961464348
2025-10-15,13:07:53.108000,993,3101,600.0,508.6705202312139,13.005,269.0,15.221579961464348
2025-10-15,13:07:53.116000,993,3101,600.0,508.6705202312139,13.005,269.0,15.221579961464348
2025-10-15,13:07:53.125000,993,3101,600.0,508.6705202312139,13.005,287.0,15.221579961464348
2025-10-15,13:07:53.135000,993,3101,600.0,508.6705202312139,13.0,306.0,15.221579961464348
2025-10-15,13:07:53.142000,993,3101,600.0,508.6705202312139,13.005,306.0,15.221579961464348
2025-10-15,13:07:53.150000,993,3101,600.0,520.2312138728324,13.005,298.0,13.294797687861262
2025-10-15,13:07:53.158000,993,3101,600.0,520.2312138728324,13.005,309.0,13.294797687861262
2025-10-15,13:07:53.169000,993,3101,600.0,520.2312138728324,13.009,302.0,13.294797687861262
2025-10-15,13:07:53.178000,993,3101,600.0,531.7919075144509,13.005,306.0,11.368015414258178
2025-10-15,13:07:53.188000,993,3101,600.0,531.7919075144509,13.005,302.0,11.368015414258178
2025-10-15,13:07:53.197000,993,3101,600.0,531.7919075144509,13.009,302.0,11.368015414258178
2025-10-15,13:07:53.206000,993,3101,600.0,531.7919075144509,13.009,306.0,11.368015414258178
2025-10-15,13:07:53.217000,993,3101,600.0,531.7919075144509,13.009,306.0,11.368015414258178
2025-10-15,13:07:53.228000,993,3101,600.0,520.2312138728324,13.009,280.0,13.294797687861262
2025-10-15,13:07:53.239000,993,3101,600.0,520.2312138728324,13.005,262.0,13.294797687861262
2025-10-15,13:07:53.249000,993,3101,600.0,531.7919075144509,13.009,258.0,11.368015414258178
2025-10-15,13:07:53.260000,993,3101,600.0,531.7919075144509,13.009,255.0,11.368015414258178
2025-10-15,13:07:53.271000,993,3101,600.0,531.7919075144509,13.009,266.0,11.368015414258178
2025-10-15,13:07:53.282000,993,3101,600.0,543.3526011560695,13.009,258.0,9.44123314065509
2025-10-15,13:07:53.293000,993,3101,600.0,531.7919075144509,13.009,255.0,11.368015414258178
2025-10-15,13:07:53.303000,993,3101,600.0,531.7919075144509,13.009,255.0,11.368015414258178
2025-10-15,13:07:53.314000,993,3101,600.0,531.7919075144509,13.005,255.0,11.368015414258178
2025-10-15,13:07:53.324000,993,3101,600.0,543.3526011560695,13.005,284.0,9.44123314065509
2025-10-15,13:07:53.334000,993,3101,600.0,531.7919075144509,13.009,284.0,11.368015414258178
2025-10-15,13:07:53.347000,993,3101,600.0,531.7919075144509,13.005,280.0,11.368015414258178
2025-10-15,13:07:53.358000,993,3101,600.0,531.7919075144509,13.009,298.0,11.368015414258178
2025-10-15,13:07:53.371000,993,3101,600.0,543.3526011560695,13.009,269.0,9.44123314065509
2025-10-15,13:07:53.382000,993,3101,600.0,543.3526011560695,13.009,266.0,9.44123314065509
2025-10-15,13:07:53.392000,993,3101,600.0,543.3526011560695,13.009,251.0,9.44123314065509
2025-10-15,13:07:53.403000,993,3101,600.0,543.3526011560695,13.009,255.0,9.44123314065509
2025-10-15,13:07:53.413000,993,3101,600.0,531.7919075144509,13.009,258.0,11.368015414258178
2025-10-15,13:07:53.424000,993,3101,600.0,543.3526011560695,13.005,266.0,9.44123314065509
2025-10-15,13:07:53.435000,993,3101,600.0,531.7919075144509,13.009,266.0,11.368015414258178
2025-10-15,13:07:53.445000,993,3101,600.0,543.3526011560695,13.009,277.0,9.44123314065509
2025-10-15,13:07:53.455000,993,3101,600.0,543.3526011560695,13.009,277.0,9.44123314065509
2025-10-15,13:07:53.466000,993,3101,600.0,543.3526011560695,13.009,273.0,9.44123314065509
2025-10-15,13:07:53.476000,993,3101,600.0,543.3526011560695,13.009,280.0,9.44123314065509
2025-10-15,13:07:53.487000,993,3101,600.0,543.3526011560695,13.009,280.0,9.44123314065509
2025-10-15,13:07:53.498000,993,3101,600.0,543.3526011560695,13.009,277.0,9.44123314065509
2025-10-15,13:07:53.509000,993,3101,600.0,543.3526011560695,13.005,287.0,9.44123314065509
2025-10-15,13:07:53.519000,993,3101,600.0,554.9132947976879,13.005,280.0,7.514450867052025
2025-10-15,13:07:53.531000,993,3101,600.0,543.3526011560695,13.009,280.0,9.44123314065509
2025-10-15,13:07:53.541000,993,3101,600.0,543.3526011560695,13.005,280.0,9.44123314065509
2025-10-15,13:07:53.556000,993,3101,600.0,554.9132947976879,13.005,277.0,7.514450867052025
2025-10-15,13:07:53.568000,993,3101,600.0,543.3526011560695,13.005,273.0,9.44123314065509
2025-10-15,13:07:53.581000,993,3101,600.0,554.9132947976879,13.009,269.0,7.514450867052025
2025-10-15,13:07:53.592000,993,3101,600.0,554.9132947976879,13.009,269.0,7.514450867052025
2025-10-15,13:07:53.607000,993,3101,600.0,543.3526011560695,13.005,273.0,9.44123314065509
2025-10-15,13:07:53.619000,993,3101,600.0,554.9132947976879,13.009,273.0,7.514450867052025
2025-10-15,13:07:53.630000,993,3101,600.0,543.3526011560695,13.009,273.0,9.44123314065509
2025-10-15,13:07:53.643000,993,3101,600.0,554.9132947976879,13.005,269.0,7.514450867052025
2025-10-15,13:07:53.654000,993,3101,600.0,554.9132947976879,13.009,269.0,7.514450867052025
2025-10-15,13:07:53.665000,993,3101,600.0,554.9132947976879,13.009,266.0,7.514450867052025
2025-10-15,13:07:53.678000,993,3101,600.0,566.4739884393064,13.009,262.0,5.587668593448939
2025-10-15,13:07:53.689000,993,3101,600.0,554.9132947976879,13.009,266.0,7.514450867052025
2025-10-15,13:07:53.700000,993,3101,600.0,554.9132947976879,13.009,269.0,7.514450867052025
2025-10-15,13:07:53.710000,993,3101,600.0,566.4739884393064,13.009,269.0,5.587668593448939
2025-10-15,13:07:53.724000,993,3101,600.0,554.9132947976879,13.009,273.0,7.514450867052025
2025-10-15,13:07:53.734000,993,3101,600.0,566.4739884393064,13.005,269.0,5.587668593448939
2025-10-15,13:07:53.745000,993,3101,600.0,554.9132947976879,13.005,266.0,7.514450867052025
2025-10-15,13:07:53.755000,993,3101,600.0,554.9132947976879,13.009,269.0,7.514450867052025
2025-10-15,13:07:53.766000,993,3101,600.0,566.4739884393064,13.013,269.0,5.587668593448939
2025-10-15,13:07:53.777000,993,3101,600.0,566.4739884393064,13.009,258.0,5.587668593448939
2025-10-15,13:07:53.788000,993,3101,600.0,566.4739884393064,13.005,262.0,5.587668593448939
2025-10-15,13:07:53.799000,993,3101,600.0,566.4739884393064,13.009,258.0,5.587668593448939
2025-10-15,13:07:53.809000,993,3101,600.0,566.4739884393064,13.005,258.0,5.587668593448939
2025-10-15,13:07:53.819000,993,3101,600.0,554.9132947976879,13.009,262.0,7.514450867052025
2025-10-15,13:07:53.830000,993,3101,600.0,554.9132947976879,13.009,262.0,7.514450867052025
2025-10-15,13:07:53.844000,993,3101,600.0,566.4739884393064,13.009,262.0,5.587668593448939
2025-10-15,13:07:53.854000,993,3101,600.0,566.4739884393064,13.009,262.0,5.587668593448939
2025-10-15,13:07:53.866000,993,3101,600.0,566.4739884393064,13.009,262.0,5.587668593448939
2025-10-15,13:07:53.875000,993,3101,600.0,566.4739884393064,13.009,258.0,5.587668593448939
2025-10-15,13:07:53.884000,993,3101,600.0,566.4739884393064,13.009,251.0,5.587668593448939
2025-10-15,13:07:53.893000,993,3101,600.0,566.4739884393064,13.005,258.0,5.587668593448939
2025-10-15,13:07:53.902000,993,3101,600.0,554.9132947976879,13.005,251.0,7.514450867052025
2025-10-15,13:07:53.911000,993,3101,600.0,566.4739884393064,13.009,258.0,5.587668593448939
2025-10-15,13:07:53.920000,993,3101,600.0,566.4739884393064,13.005,258.0,5.587668593448939
2025-10-15,13:07:53.929000,993,3101,600.0,566.4739884393064,13.005,266.0,5.587668593448939
2025-10-15,13:07:53.937000,993,3101,600.0,566.4739884393064,13.009,266.0,5.587668593448939
2025-10-15,13:07:53.945000,993,3101,600.0,566.4739884393064,13.009,262.0,5.587668593448939
2025-10-15,13:07:53.953000,993,3101,600.0,578.0346820809249,13.005,262.0,3.6608863198458534
2025-10-15,13:07:53.962000,993,3101,600.0,566.4739884393064,13.005,262.0,5.587668593448939
2025-10-15,13:07:53.969000,993,3101,600.0,566.4739884393064,13.005,258.0,5.587668593448939
2025-10-15,13:07:53.977000,993,3101,600.0,566.4739884393064,13.005,255.0,5.587668593448939
2025-10-15,13:07:53.985000,993,3101,600.0,566.4739884393064,13.005,255.0,5.587668593448939
2025-10-15,13:07:53.992000,993,3101,600.0,566.4739884393064,13.009,262.0,5.587668593448939
2025-10-15,13:07:54.000000,993,3101,600.0,554.9132947976879,13.005,258.0,7.514450867052025
2025-10-15,13:07:54.007000,993,3101,600.0,554.9132947976879,13.005,255.0,7.514450867052025
2025-10-15,13:07:54.015000,993,3101,600.0,578.0346820809249,13.005,255.0,3.6608863198458534
2025-10-15,13:07:54.023000,993,3101,600.0,566.4739884393064,13.009,251.0,5.587668593448939
2025-10-15,13:07:54.031000,993,3101,600.0,566.4739884393064,13.0,266.0,5.587668593448939
2025-10-15,13:07:54.041000,993,3101,600.0,566.4739884393064,13.005,255.0,5.587668593448939
2025-10-15,13:07:54.050000,993,3101,600.0,578.0346820809249,13.005,255.0,3.6608863198458534
2025-10-15,13:07:54.060000,993,3101,600.0,566.4739884393064,13.0,258.0,5.587668593448939
2025-10-15,13:07:54.068000,993,3101,600.0,566.4739884393064,13.005,262.0,5.587668593448939
2025-10-15,13:07:54.077000,993,3101,600.0,578.0346820809249,13.009,262.0,3.6608863198458534
2025-10-15,13:07:54.085000,993,3101,600.0,578.0346820809249,13.009,255.0,3.6608863198458534
2025-10-15,13:07:54.094000,993,3101,600.0,578.0346820809249,13.005,255.0,3.6608863198458534
2025-10-15,13:07:54.102000,993,3101,600.0,566.4739884393064,13.009,255.0,5.587668593448939
2025-10-15,13:07:54.111000,993,3101,600.0,566.4739884393064,13.005,251.0,5.587668593448939
2025-10-15,13:07:54.120000,993,3101,600.0,566.4739884393064,13.009,251.0,5.587668593448939
2025-10-15,13:07:54.128000,993,3101,600.0,566.4739884393064,13.005,255.0,5.587668593448939
2025-10-15,13:07:54.136000,993,3101,600.0,566.4739884393064,13.009,255.0,5.587668593448939
2025-10-15,13:07:54.146000,993,3101,600.0,566.4739884393064,13.005,247.0,5.587668593448939
2025-10-15,13:07:54.155000,993,3101,600.0,578.0346820809249,13.005,251.0,3.6608863198458534
2025-10-15,13:07:54.163000,993,3101,600.0,566.4739884393064,13.009,258.0,5.587668593448939
2025-10-15,13:07:54.172000,993,3101,600.0,566.4739884393064,13.009,251.0,5.587668593448939
2025-10-15,13:07:54.181000,993,3101,600.0,566.4739884393064,13.005,251.0,5.587668593448939
2025-10-15,13:07:54.189000,993,3101,600.0,566.4739884393064,13.005,251.0,5.587668593448939
2025-10-15,13:07:54.197000,993,3101,600.0,566.4739884393064,13.005,255.0,5.587668593448939
2025-10-15,13:07:54.206000,993,3101,600.0,566.4739884393064,13.005,255.0,5.587668593448939
2025-10-15,13:07:54.215000,993,3101,600.0,578.0346820809249,13.009,251.0,3.6608863198458534
2025-10-15,13:07:54.223000,993,3101,600.0,578.0346820809249,13.005,258.0,3.6608863198458534
2025-10-15,13:07:54.231000,993,3101,600.0,578.0346820809249,13.005,255.0,3.6608863198458534
2025-10-15,13:07:54.239000,993,3101,600.0,578.0346820809249,13.005,251.0,3.6608863198458534
2025-10-15,13:07:54.249000,993,3101,600.0,578.0346820809249,13.005,251.0,3.6608863198458534
2025-10-15,13:07:54.257000,993,3101,600.0,578.0346820809249,13.009,251.0,3.6608863198458534
2025-10-15,13:07:54.266000,993,3101,600.0,578.0346820809249,13.005,255.0,3.6608863198458534
2025-10-15,13:07:54.275000,993,3101,600.0,578.0346820809249,13.005,251.0,3.6608863198458534
2025-10-15,13:07:54.283000,993,3101,600.0,578.0346820809249,13.009,247.0,3.6608863198458534
2025-10-15,13:07:54.292000,993,3101,600.0,578.0346820809249,13.005,255.0,3.6608863198458534
2025-10-15,13:07:54.301000,993,3101,600.0,566.4739884393064,13.005,255.0,5.587668593448939
2025-10-15,13:07:54.310000,993,3101,600.0,566.4739884393064,13.009,247.0,5.587668593448939
2025-10-15,13:07:54.318000,993,3101,600.0,578.0346820809249,13.009,244.0,3.6608863198458534
2025-10-15,13:07:54.327000,993,3101,600.0,566.4739884393064,13.005,244.0,5.587668593448939
2025-10-15,13:07:54.335000,993,3101,600.0,566.4739884393064,13.005,255.0,5.587668593448939
2025-10-15,13:07:54.343000,993,3101,600.0,566.4739884393064,13.005,251.0,5.587668593448939
2025-10-15,13:07:54.354000,993,3101,600.0,578.0346820809249,13.005,251.0,3.6608863198458534
2025-10-15,13:07:54.362000,993,3101,600.0,566.4739884393064,13.005,251.0,5.587668593448939
2025-10-15,13:07:54.372000,993,3101,600.0,578.0346820809249,13.009,247.0,3.6608863198458534
2025-10-15,13:07:54.380000,993,3101,600.0,578.0346820809249,13.005,251.0,3.6608863198458534
2025-10-15,13:07:54.388000,993,3101,600.0,578.0346820809249,13.009,255.0,3.6608863198458534
2025-10-15,13:07:54.396000,993,3101,600.0,578.0346820809249,13.005,255.0,3.6608863198458534
2025-10-15,13:07:54.405000,993,3101,600.0,578.0346820809249,13.005,255.0,3.6608863198458534
2025-10-15,13:07:54.413000,993,3101,600.0,578.0346820809249,13.009,247.0,3.6608863198458534
2025-10-15,13:07:54.421000,993,3101,600.0,578.0346820809249,13.005,251.0,3.6608863198458534
2025-10-15,13:07:54.429000,993,3101,600.0,578.0346820809249,13.009,247.0,3.6608863198458534
2025-10-15,13:07:54.437000,993,3101,600.0,578.0346820809249,13.005,251.0,3.6608863198458534
2025-10-15,13:07:54.446000,993,3101,600.0,578.0346820809249,13.005,251.0,3.6608863198458534
2025-10-15,13:07:54.455000,993,3101,600.0,578.0346820809249,13.005,255.0,3.6608863198458534
2025-10-15,13:07:54.463000,993,3101,600.0,578.0346820809249,13.005,251.0,3.6608863198458534
2025-10-15,13:07:54.472000,993,3101,600.0,566.4739884393064,13.005,251.0,5.587668593448939
2025-10-15,13:07:54.480000,993,3101,600.0,578.0346820809249,13.009,247.0,3.6608863198458534
2025-10-15,13:07:54.488000,993,3101,600.0,578.0346820809249,13.009,251.0,3.6608863198458534
2025-10-15,13:07:54.496000,993,3101,600.0,566.4739884393064,13.013,251.0,5.587668593448939
2025-10-15,13:07:54.505000,993,3101,600.0,566.4739884393064,13.013,251.0,5.587668593448939
2025-10-15,13:07:54.514000,993,3101,600.0,566.4739884393064,13.005,251.0,5.587668593448939
2025-10-15,13:07:54.523000,993,3101,600.0,578.0346820809249,13.005,251.0,3.6608863198458534
2025-10-15,13:07:54.532000,993,3101,600.0,566.4739884393064,13.005,247.0,5.587668593448939
2025-10-15,13:07:54.541000,993,3101,600.0,578.0346820809249,13.005,255.0,3.6608863198458534
2025-10-15,13:07:54.557000,993,3101,600.0,578.0346820809249,13.009,247.0,3.6608863198458534
2025-10-15,13:07:54.567000,993,3101,600.0,578.0346820809249,13.009,255.0,3.6608863198458534
2025-10-15,13:07:54.578000,993,3101,600.0,578.0346820809249,13.009,255.0,3.6608863198458534
2025-10-15,13:07:54.588000,993,3101,600.0,578.0346820809249,13.009,251.0,3.6608863198458534
2025-10-15,13:07:54.597000,993,3101,600.0,578.0346820809249,13.009,244.0,3.6608863198458534
2025-10-15,13:07:54.606000,993,3101,600.0,578.0346820809249,13.009,247.0,3.6608863198458534
2025-10-15,13:07:54.616000,993,3101,600.0,578.0346820809249,13.009,251.0,3.6608863198458534
2025-10-15,13:07:54.626000,993,3101,600.0,578.0346820809249,13.009,251.0,3.6608863198458534
2025-10-15,13:07:54.635000,993,3101,600.0,578.0346820809249,13.009,244.0,3.6608863198458534
2025-10-15,13:07:54.645000,993,3101,600.0,578.0346820809249,13.009,244.0,3.6608863198458534
2025-10-15,13:07:54.656000,993,3101,600.0,578.0346820809249,13.009,251.0,3.6608863198458534
2025-10-15,13:07:54.666000,993,3101,600.0,578.0346820809249,13.009,247.0,3.6608863198458534
2025-10-15,13:07:54.675000,993,3101,600.0,578.0346820809249,13.005,255.0,3.6608863198458534
2025-10-15,13:07:54.685000,993,3101,600.0,578.0346820809249,13.009,247.0,3.6608863198458534
2025-10-15,13:07:54.693000,993,3101,600.0,578.0346820809249,13.009,247.0,3.6608863198458534
2025-10-15,13:07:54.701000,993,3101,600.0,578.0346820809249,13.009,255.0,3.6608863198458534
2025-10-15,13:07:54.710000,993,3101,600.0,578.0346820809249,13.009,247.0,3.6608863198458534
2025-10-15,13:07:54.718000,993,3101,600.0,578.0346820809249,13.005,251.0,3.6608863198458534
2025-10-15,13:07:54.729000,993,3101,600.0,578.0346820809249,13.009,244.0,3.6608863198458534
2025-10-15,13:07:54.737000,993,3101,600.0,578.0346820809249,13.005,244.0,3.6608863198458534
2025-10-15,13:07:54.745000,993,3101,600.0,578.0346820809249,13.005,255.0,3.6608863198458534
2025-10-15,13:07:54.753000,993,3101,600.0,578.0346820809249,13.005,255.0,3.6608863198458534
2025-10-15,13:07:54.762000,993,3101,600.0,578.0346820809249,13.005,251.0,3.6608863198458534
2025-10-15,13:07:54.770000,993,3101,600.0,578.0346820809249,13.005,251.0,3.6608863198458534
2025-10-15,13:07:54.778000,993,3101,600.0,578.0346820809249,13.009,247.0,3.6608863198458534
2025-10-15,13:07:54.786000,993,3101,600.0,578.0346820809249,13.009,247.0,3.6608863198458534
2025-10-15,13:07:54.794000,993,3101,600.0,578.0346820809249,13.005,255.0,3.6608863198458534
2025-10-15,13:07:54.802000,993,3101,600.0,578.0346820809249,13.005,251.0,3.6608863198458534
2025-10-15,13:07:54.810000,993,3101,600.0,578.0346820809249,13.005,247.0,3.6608863198458534
2025-10-15,13:07:54.818000,993,3101,600.0,578.0346820809249,13.009,251.0,3.6608863198458534
2025-10-15,13:07:54.826000,993,3101,600.0,578.0346820809249,13.009,251.0,3.6608863198458534
2025-10-15,13:07:54.835000,993,3101,600.0,578.0346820809249,13.009,247.0,3.6608863198458534
2025-10-15,13:07:54.843000,993,3101,600.0,578.0346820809249,13.005,247.0,3.6608863198458534
2025-10-15,13:07:54.851000,993,3101,600.0,578.0346820809249,13.009,247.0,3.6608863198458534
2025-10-15,13:07:54.860000,993,3101,600.0,578.0346820809249,13.005,255.0,3.6608863198458534
2025-10-15,13:07:54.868000,993,3101,600.0,578.0346820809249,13.009,247.0,3.6608863198458534
2025-10-15,13:07:54.877000,993,3101,600.0,578.0346820809249,13.005,247.0,3.6608863198458534
2025-10-15,13:07:54.885000,993,3101,600.0,589.5953757225434,13.005,251.0,1.7341040462427675
2025-10-15,13:07:54.894000,993,3101,600.0,578.0346820809249,13.005,255.0,3.6608863198458534
2025-10-15,13:07:54.904000,993,3101,600.0,578.0346820809249,13.009,251.0,3.6608863198458534
2025-10-15,13:07:54.913000,993,3101,600.0,578.0346820809249,13.009,251.0,3.6608863198458534
2025-10-15,13:07:54.923000,993,3101,600.0,578.0346820809249,13.009,247.0,3.6608863198458534
2025-10-15,13:07:54.932000,993,3101,600.0,566.4739884393064,13.009,255.0,5.587668593448939
2025-10-15,13:07:54.941000,993,3101,600.0,578.0346820809249,13.005,247.0,3.6608863198458534
2025-10-15,13:07:54.951000,993,3101,600.0,578.0346820809249,13.009,247.0,3.6608863198458534
2025-10-15,13:07:54.960000,993,3101,600.0,578.0346820809249,13.009,255.0,3.6608863198458534
2025-10-15,13:07:54.969000,993,3101,600.0,578.0346820809249,13.009,247.0,3.6608863198458534
2025-10-15,13:07:54.978000,993,3101,600.0,578.0346820809249,13.005,255.0,3.6608863198458534
2025-10-15,13:07:54.988000,993,3101,600.0,589.5953757225434,13.009,251.0,1.7341040462427675
2025-10-15,13:07:54.998000,993,3101,600.0,589.5953757225434,13.005,255.0,1.7341040462427675
2025-10-15,13:07:55.008000,993,3101,600.0,589.5953757225434,13.009,244.0,1.7341040462427675
2025-10-15,13:07:55.019000,993,3101,600.0,589.5953757225434,13.009,247.0,1.7341040462427675
2025-10-15,13:07:55.030000,993,3101,600.0,589.5953757225434,13.009,251.0,1.7341040462427675
2025-10-15,13:07:55.040000,993,3101,600.0,578.0346820809249,13.005,244.0,3.6608863198458534
2025-10-15,13:07:55.053000,993,3101,600.0,578.0346820809249,13.009,247.0,3.6608863198458534
2025-10-15,13:07:55.063000,993,3101,600.0,578.0346820809249,13.009,247.0,3.6608863198458534
2025-10-15,13:07:55.077000,993,3101,600.0,578.0346820809249,13.009,251.0,3.6608863198458534
2025-10-15,13:07:55.090000,993,3101,600.0,578.0346820809249,13.009,251.0,3.6608863198458534
2025-10-15,13:07:55.101000,993,3101,600.0,578.0346820809249,13.009,247.0,3.6608863198458534
2025-10-15,13:07:55.111000,993,3101,600.0,578.0346820809249,13.009,247.0,3.6608863198458534
2025-10-15,13:07:55.122000,993,3101,600.0,578.0346820809249,13.009,251.0,3.6608863198458534
2025-10-15,13:07:55.134000,993,3101,600.0,578.0346820809249,13.009,251.0,3.6608863198458534
2025-10-15,13:07:55.144000,993,3101,600.0,578.0346820809249,13.009,251.0,3.6608863198458534
2025-10-15,13:07:55.155000,993,3101,600.0,578.0346820809249,13.009,247.0,3.6608863198458534
2025-10-15,13:07:55.167000,993,3101,600.0,578.0346820809249,13.009,251.0,3.6608863198458534
2025-10-15,13:07:55.178000,993,3101,600.0,578.0346820809249,13.009,255.0,3.6608863198458534
2025-10-15,13:07:55.191000,993,3101,600.0,578.0346820809249,13.005,247.0,3.6608863198458534
2025-10-15,13:07:55.202000,993,3101,600.0,589.5953757225434,13.005,247.0,1.7341040462427675
2025-10-15,13:07:55.213000,993,3101,600.0,589.5953757225434,13.009,255.0,1.7341040462427675
2025-10-15,13:07:55.225000,993,3101,600.0,589.5953757225434,13.009,255.0,1.7341040462427675
2025-10-15,13:07:55.235000,993,3101,600.0,578.0346820809249,13.009,247.0,3.6608863198458534
2025-10-15,13:07:55.245000,993,3101,600.0,589.5953757225434,13.009,247.0,1.7341040462427675
2025-10-15,13:07:55.256000,993,3101,600.0,578.0346820809249,13.005,251.0,3.6608863198458534
2025-10-15,13:07:55.266000,993,3101,600.0,578.0346820809249,13.009,251.0,3.6608863198458534
2025-10-15,13:07:55.277000,993,3101,600.0,578.0346820809249,13.009,247.0,3.6608863198458534
2025-10-15,13:07:55.288000,993,3101,600.0,578.0346820809249,13.009,247.0,3.6608863198458534
2025-10-15,13:07:55.299000,993,3101,600.0,578.0346820809249,13.005,247.0,3.6608863198458534
2025-10-15,13:07:55.310000,993,3101,600.0,578.0346820809249,13.013,247.0,3.6608863198458534
2025-10-15,13:07:55.319000,993,3101,600.0,578.0346820809249,13.005,251.0,3.6608863198458534
2025-10-15,13:07:55.329000,993,3101,600.0,578.0346820809249,13.005,247.0,3.6608863198458534
2025-10-15,13:07:55.338000,993,3101,600.0,578.0346820809249,13.009,251.0,3.6608863198458534
2025-10-15,13:07:55.346000,993,3101,600.0,578.0346820809249,13.009,251.0,3.6608863198458534
2025-10-15,13:07:55.355000,993,3101,600.0,578.0346820809249,13.009,244.0,3.6608863198458534
2025-10-15,13:07:55.364000,993,3101,600.0,578.0346820809249,13.009,244.0,3.6608863198458534
2025-10-15,13:07:55.373000,993,3101,600.0,578.0346820809249,13.005,244.0,3.6608863198458534
2025-10-15,13:07:55.381000,993,3101,600.0,578.0346820809249,13.009,251.0,3.6608863198458534
2025-10-15,13:07:55.393000,993,3101,600.0,578.0346820809249,13.009,251.0,3.6608863198458534
2025-10-15,13:07:55.403000,993,3101,600.0,589.5953757225434,13.005,247.0,1.7341040462427675
2025-10-15,13:07:55.412000,993,3101,600.0,578.0346820809249,13.005,251.0,3.6608863198458534
2025-10-15,13:07:55.421000,993,3101,600.0,589.5953757225434,13.009,255.0,1.7341040462427675
2025-10-15,13:07:55.430000,993,3101,600.0,589.5953757225434,13.005,244.0,1.7341040462427675
2025-10-15,13:07:55.438000,993,3101,600.0,589.5953757225434,13.009,251.0,1.7341040462427675
2025-10-15,13:07:55.447000,993,3101,600.0,589.5953757225434,13.009,244.0,1.7341040462427675
2025-10-15,13:07:55.455000,993,3101,600.0,578.0346820809249,13.009,244.0,3.6608863198458534
2025-10-15,13:07:55.463000,993,3101,600.0,589.5953757225434,13.0,247.0,1.7341040462427675
2025-10-15,13:07:55.472000,993,3101,600.0,578.0346820809249,13.005,251.0,3.6608863198458534
2025-10-15,13:07:55.480000,993,3101,600.0,578.0346820809249,13.005,247.0,3.6608863198458534
2025-10-15,13:07:55.488000,993,3101,600.0,578.0346820809249,13.005,255.0,3.6608863198458534
2025-10-15,13:07:55.497000,993,3101,600.0,578.0346820809249,13.009,255.0,3.6608863198458534
2025-10-15,13:07:55.505000,993,3101,600.0,578.0346820809249,13.009,251.0,3.6608863198458534
2025-10-15,13:07:55.513000,993,3101,600.0,578.0346820809249,13.005,255.0,3.6608863198458534
2025-10-15,13:07:55.520000,993,3101,600.0,578.0346820809249,13.005,247.0,3.6608863198458534
2025-10-15,13:07:55.528000,993,3101,600.0,578.0346820809249,13.005,251.0,3.6608863198458534
2025-10-15,13:07:55.536000,993,3101,600.0,578.0346820809249,13.005,251.0,3.6608863198458534
2025-10-15,13:07:55.544000,993,3101,600.0,589.5953757225434,13.005,244.0,1.7341040462427675
2025-10-15,13:07:55.554000,993,3101,600.0,589.5953757225434,13.005,244.0,1.7341040462427675
2025-10-15,13:07:55.563000,993,3101,600.0,589.5953757225434,13.005,251.0,1.7341040462427675
2025-10-15,13:07:55.574000,993,3101,600.0,589.5953757225434,13.005,251.0,1.7341040462427675
2025-10-15,13:07:55.584000,993,3101,600.0,589.5953757225434,13.0,244.0,1.7341040462427675
2025-10-15,13:07:55.594000,993,3101,600.0,578.0346820809249,13.009,247.0,3.6608863198458534
2025-10-15,13:07:55.603000,993,3101,600.0,578.0346820809249,13.009,247.0,3.6608863198458534
2025-10-15,13:07:55.613000,993,3101,600.0,578.0346820809249,13.005,251.0,3.6608863198458534
2025-10-15,13:07:55.621000,993,3101,600.0,578.0346820809249,13.005,251.0,3.6608863198458534
2025-10-15,13:07:55.630000,993,3101,600.0,578.0346820809249,13.005,244.0,3.6608863198458534
2025-10-15,13:07:55.638000,993,3101,600.0,578.0346820809249,13.005,240.0,3.6608863198458534
2025-10-15,13:07:55.650000,993,3101,600.0,578.0346820809249,13.009,240.0,3.6608863198458534
2025-10-15,13:07:55.658000,993,3101,600.0,578.0346820809249,13.005,236.0,3.6608863198458534
2025-10-15,13:07:55.668000,993,3101,600.0,578.0346820809249,13.005,266.0,3.6608863198458534
2025-10-15,13:07:55.676000,993,3101,600.0,578.0346820809249,13.005,266.0,3.6608863198458534
2025-10-15,13:07:55.685000,993,3101,600.0,589.5953757225434,13.005,277.0,1.7341040462427675
2025-10-15,13:07:55.696000,993,3101,600.0,578.0346820809249,13.005,273.0,3.6608863198458534
2025-10-15,13:07:55.706000,993,3101,600.0,589.5953757225434,13.005,277.0,1.7341040462427675
2025-10-15,13:07:55.715000,993,3101,600.0,589.5953757225434,13.005,287.0,1.7341040462427675
2025-10-15,13:07:55.727000,993,3101,600.0,589.5953757225434,13.005,262.0,1.7341040462427675
2025-10-15,13:07:55.735000,993,3101,600.0,578.0346820809249,13.005,255.0,3.6608863198458534
2025-10-15,13:07:55.743000,993,3101,600.0,589.5953757225434,13.005,251.0,1.7341040462427675
2025-10-15,13:07:55.751000,993,3101,600.0,578.0346820809249,13.005,247.0,3.6608863198458534
2025-10-15,13:07:55.759000,993,3101,600.0,578.0346820809249,13.005,244.0,3.6608863198458534
2025-10-15,13:07:55.767000,993,3101,600.0,589.5953757225434,13.005,251.0,1.7341040462427675
2025-10-15,13:07:55.775000,993,3101,600.0,589.5953757225434,13.005,251.0,1.7341040462427675
2025-10-15,13:07:55.783000,993,3101,600.0,589.5953757225434,13.009,247.0,1.7341040462427675
2025-10-15,13:07:55.791000,993,3101,600.0,589.5953757225434,13.005,247.0,1.7341040462427675
2025-10-15,13:07:55.799000,993,3101,600.0,589.5953757225434,13.009,244.0,1.7341040462427675
2025-10-15,13:07:55.808000,993,3101,600.0,589.5953757225434,13.005,251.0,1.7341040462427675
2025-10-15,13:07:55.818000,993,3101,600.0,578.0346820809249,13.005,266.0,3.6608863198458534
2025-10-15,13:07:55.827000,993,3101,600.0,578.0346820809249,13.005,266.0,3.6608863198458534
2025-10-15,13:07:55.836000,993,3101,600.0,578.0346820809249,13.005,269.0,3.6608863198458534
2025-10-15,13:07:55.845000,993,3101,600.0,578.0346820809249,13.005,273.0,3.6608863198458534
2025-10-15,13:07:55.853000,993,3101,600.0,578.0346820809249,13.0,273.0,3.6608863198458534
2025-10-15,13:07:55.863000,993,3101,600.0,589.5953757225434,13.005,269.0,1.7341040462427675
2025-10-15,13:07:55.872000,993,3101,600.0,589.5953757225434,13.005,251.0,1.7341040462427675
2025-10-15,13:07:55.880000,993,3101,600.0,589.5953757225434,13.009,251.0,1.7341040462427675
2025-10-15,13:07:55.889000,993,3101,600.0,589.5953757225434,13.009,251.0,1.7341040462427675
2025-10-15,13:07:55.898000,993,3101,600.0,589.5953757225434,13.009,244.0,1.7341040462427675
2025-10-15,13:07:55.911000,993,3101,600.0,589.5953757225434,13.009,244.0,1.7341040462427675
2025-10-15,13:07:55.920000,993,3101,600.0,589.5953757225434,13.005,251.0,1.7341040462427675
2025-10-15,13:07:55.929000,993,3101,600.0,589.5953757225434,13.005,251.0,1.7341040462427675
2025-10-15,13:07:55.938000,993,3101,600.0,589.5953757225434,13.009,244.0,1.7341040462427675
2025-10-15,13:07:55.948000,993,3101,600.0,589.5953757225434,13.005,244.0,1.7341040462427675
2025-10-15,13:07:55.957000,993,3101,600.0,589.5953757225434,13.005,244.0,1.7341040462427675
2025-10-15,13:07:55.966000,993,3101,600.0,578.0346820809249,13.005,244.0,3.6608863198458534
2025-10-15,13:07:55.975000,993,3101,600.0,578.0346820809249,13.005,258.0,3.6608863198458534
2025-10-15,13:07:55.984000,993,3101,600.0,589.5953757225434,13.005,269.0,1.7341040462427675
2025-10-15,13:07:55.994000,993,3101,600.0,589.5953757225434,13.005,273.0,1.7341040462427675
2025-10-15,13:07:56.003000,993,3101,600.0,589.5953757225434,13.005,280.0,1.7341040462427675
2025-10-15,13:07:56.013000,993,3101,600.0,589.5953757225434,13.005,277.0,1.7341040462427675
2025-10-15,13:07:56.022000,993,3101,600.0,589.5953757225434,13.0,277.0,1.7341040462427675
2025-10-15,13:07:56.033000,993,3101,600.0,589.5953757225434,13.0,284.0,1.7341040462427675
2025-10-15,13:07:56.043000,993,3101,600.0,589.5953757225434,13.0,277.0,1.7341040462427675
2025-10-15,13:07:56.051000,993,3101,600.0,589.5953757225434,13.005,277.0,1.7341040462427675
2025-10-15,13:07:56.065000,993,3101,600.0,589.5953757225434,13.005,277.0,1.7341040462427675
2025-10-15,13:07:56.083000,993,3101,600.0,589.5953757225434,13.0,266.0,1.7341040462427675
2025-10-15,13:07:56.092000,993,3101,600.0,589.5953757225434,13.005,269.0,1.7341040462427675
2025-10-15,13:07:56.126000,993,3101,600.0,589.5953757225434,13.009,255.0,1.7341040462427675
2025-10-15,13:07:56.134000,993,3101,600.0,589.5953757225434,13.009,251.0,1.7341040462427675
2025-10-15,13:07:56.151000,993,3101,600.0,589.5953757225434,13.005,247.0,1.7341040462427675
2025-10-15,13:07:56.160000,993,3101,600.0,589.5953757225434,13.005,240.0,1.7341040462427675
2025-10-15,13:07:56.198000,993,3101,600.0,589.5953757225434,13.009,240.0,1.7341040462427675
2025-10-15,13:07:56.206000,993,3101,600.0,589.5953757225434,13.009,240.0,1.7341040462427675
2025-10-15,13:07:56.223000,993,3101,600.0,589.5953757225434,13.005,247.0,1.7341040462427675
2025-10-15,13:07:56.232000,993,3101,600.0,589.5953757225434,13.005,240.0,1.7341040462427675
2025-10-15,13:07:56.266000,993,3101,600.0,589.5953757225434,13.009,244.0,1.7341040462427675
2025-10-15,13:07:56.274000,993,3101,600.0,589.5953757225434,13.005,262.0,1.7341040462427675
2025-10-15,13:07:56.290000,993,3101,600.0,589.5953757225434,13.005,269.0,1.7341040462427675
2025-10-15,13:07:56.298000,993,3101,600.0,589.5953757225434,13.005,269.0,1.7341040462427675
2025-10-15,13:07:56.307000,993,3101,600.0,589.5953757225434,13.005,269.0,1.7341040462427675
2025-10-15,13:07:56.333000,993,3101,600.0,589.5953757225434,13.005,247.0,1.7341040462427675
2025-10-15,13:07:56.341000,993,3101,600.0,589.5953757225434,13.005,244.0,1.7341040462427675
2025-10-15,13:07:56.366000,993,3101,600.0,589.5953757225434,13.005,244.0,1.7341040462427675
2025-10-15,13:07:56.403000,993,3101,600.0,589.5953757225434,13.005,266.0,1.7341040462427675
2025-10-15,13:07:56.421000,993,3101,600.0,589.5953757225434,13.005,255.0,1.7341040462427675
2025-10-15,13:07:56.433000,993,3101,600.0,589.5953757225434,13.005,247.0,1.7341040462427675
2025-10-15,13:07:56.461000,993,3101,600.0,589.5953757225434,13.005,240.0,1.7341040462427675
2025-10-15,13:07:56.525000,993,3101,600.0,589.5953757225434,13.009,255.0,1.7341040462427675
2025-10-15,13:07:56.544000,993,3101,600.0,589.5953757225434,13.005,244.0,1.7341040462427675
2025-10-15,13:07:56.602000,993,3101,600.0,589.5953757225434,13.005,247.0,1.7341040462427675
2025-10-15,13:07:56.666000,993,3101,600.0,589.5953757225434,13.009,236.0,1.7341040462427675
2025-10-15,13:07:56.691000,993,3101,600.0,589.5953757225434,13.005,266.0,1.7341040462427675
2025-10-15,13:07:56.724000,993,3101,600.0,589.5953757225434,13.009,255.0,1.7341040462427675
2025-10-15,13:07:56.752000,993,3101,600.0,589.5953757225434,13.005,240.0,1.7341040462427675
2025-10-15,13:07:56.817000,993,3101,600.0,589.5953757225434,13.005,244.0,1.7341040462427675
2025-10-15,13:07:56.826000,993,3101,600.0,589.5953757225434,13.005,258.0,1.7341040462427675
2025-10-15,13:07:56.836000,993,3101,600.0,589.5953757225434,13.005,262.0,1.7341040462427675
2025-10-15,13:07:56.845000,993,3101,600.0,589.5953757225434,13.009,262.0,1.7341040462427675
2025-10-15,13:07:56.936000,993,3101,600.0,589.5953757225434,13.005,244.0,1.7341040462427675
2025-10-15,13:07:56.958000,993,3101,600.0,589.5953757225434,13.009,240.0,1.7341040462427675
2025-10-15,13:07:56.995000,993,3101,600.0,589.5953757225434,13.005,244.0,1.7341040462427675
2025-10-15,13:07:57.013000,993,3101,600.0,589.5953757225434,13.005,240.0,1.7341040462427675
2025-10-15,13:07:57.102000,993,3101,600.0,589.5953757225434,13.005,247.0,1.7341040462427675
2025-10-15,13:07:57.121000,993,3101,600.0,589.5953757225434,13.005,244.0,1.7341040462427675
2025-10-15,13:07:57.129000,993,3101,600.0,589.5953757225434,13.005,247.0,1.7341040462427675
2025-10-15,13:07:57.137000,993,3101,600.0,589.5953757225434,13.005,247.0,1.7341040462427675
2025-10-15,13:07:57.162000,993,3101,600.0,589.5953757225434,13.005,244.0,1.7341040462427675
2025-10-15,13:07:57.236000,993,3101,600.0,589.5953757225434,13.009,244.0,1.7341040462427675
2025-10-15,13:07:57.376000,993,3101,600.0,589.5953757225434,13.009,236.0,1.7341040462427675
2025-10-15,13:07:57.395000,993,3101,600.0,589.5953757225434,13.009,240.0,1.7341040462427675
2025-10-15,13:07:57.432000,993,3101,600.0,589.5953757225434,13.005,251.0,1.7341040462427675
2025-10-15,13:07:57.452000,993,3101,600.0,589.5953757225434,13.005,247.0,1.7341040462427675
2025-10-15,13:07:57.510000,993,3101,600.0,589.5953757225434,13.005,247.0,1.7341040462427675
2025-10-15,13:07:57.546000,993,3101,600.0,589.5953757225434,13.009,269.0,1.7341040462427675
2025-10-15,13:07:57.625000,993,3101,600.0,589.5953757225434,13.005,240.0,1.7341040462427675
2025-10-15,13:07:57.651000,993,3101,600.0,589.5953757225434,13.005,240.0,1.7341040462427675
2025-10-15,13:07:57.818000,993,3101,600.0,589.5953757225434,13.005,269.0,1.7341040462427675
2025-10-15,13:07:57.834000,993,3101,600.0,589.5953757225434,13.005,277.0,1.7341040462427675
2025-10-15,13:07:58.246000,993,3101,600.0,589.5953757225434,13.005,251.0,1.7341040462427675
2025-10-15,13:07:58.272000,993,3101,600.0,589.5953757225434,13.005,251.0,1.7341040462427675
2025-10-15,13:07:58.438000,993,3101,600.0,589.5953757225434,13.005,240.0,1.7341040462427675
2025-10-15,13:07:58.456000,993,3101,600.0,589.5953757225434,13.005,236.0,1.7341040462427675
2025-10-15,13:07:58.496000,993,3101,600.0,589.5953757225434,13.0,247.0,1.7341040462427675
2025-10-15,13:07:58.515000,993,3101,600.0,589.5953757225434,13.005,244.0,1.7341040462427675
2025-10-15,13:07:58.574000,993,3101,600.0,589.5953757225434,13.0,262.0,1.7341040462427675
2025-10-15,13:07:58.606000,993,3101,600.0,589.5953757225434,13.005,244.0,1.7341040462427675
2025-10-15,13:07:58.714000,993,3101,600.0,589.5953757225434,13.005,244.0,1.7341040462427675
2025-10-15,13:07:58.736000,993,3101,600.0,589.5953757225434,13.005,269.0,1.7341040462427675
2025-10-15,13:07:58.794000,993,3101,600.0,589.5953757225434,13.005,247.0,1.7341040462427675
2025-10-15,13:07:58.875000,993,3101,600.0,589.5953757225434,13.005,244.0,1.7341040462427675
2025-10-15,13:07:59.026000,993,3101,600.0,589.5953757225434,13.005,247.0,1.7341040462427675
2025-10-15,13:07:59.042000,993,3101,600.0,589.5953757225434,13.005,244.0,1.7341040462427675
2025-10-15,13:07:59.050000,993,3101,600.0,589.5953757225434,13.005,244.0,1.7341040462427675
2025-10-15,13:07:59.059000,993,3101,600.0,589.5953757225434,13.005,244.0,1.7341040462427675
2025-10-15,13:07:59.206000,993,3101,600.0,589.5953757225434,13.005,244.0,1.7341040462427675
2025-10-15,13:07:59.234000,993,3101,600.0,589.5953757225434,13.0,240.0,1.7341040462427675
2025-10-15,13:07:59.295000,993,3101,600.0,589.5953757225434,13.005,244.0,1.7341040462427675
2025-10-15,13:07:59.312000,993,3101,600.0,589.5953757225434,13.0,244.0,1.7341040462427675
2025-10-15,13:07:59.354000,993,3101,600.0,589.5953757225434,13.0,273.0,1.7341040462427675
2025-10-15,13:07:59.371000,993,3101,600.0,589.5953757225434,13.005,258.0,1.7341040462427675
2025-10-15,13:07:59.379000,993,3101,600.0,589.5953757225434,13.005,247.0,1.7341040462427675
2025-10-15,13:07:59.514000,993,3101,600.0,589.5953757225434,13.005,233.0,1.7341040462427675
2025-10-15,13:07:59.533000,993,3101,600.0,589.5953757225434,13.0,258.0,1.7341040462427675
2025-10-15,13:07:59.541000,993,3101,600.0,589.5953757225434,13.0,262.0,1.7341040462427675
2025-10-15,13:07:59.549000,993,3101,600.0,589.5953757225434,13.005,258.0,1.7341040462427675
2025-10-15,13:07:59.576000,993,3101,600.0,589.5953757225434,13.005,255.0,1.7341040462427675
2025-10-15,13:07:59.634000,993,3101,600.0,589.5953757225434,13.005,240.0,1.7341040462427675
2025-10-15,13:07:59.650000,993,3101,600.0,589.5953757225434,13.005,247.0,1.7341040462427675
2025-10-15,13:07:59.659000,993,3101,600.0,589.5953757225434,13.005,244.0,1.7341040462427675
2025-10-15,13:07:59.711000,993,3101,600.0,589.5953757225434,13.005,244.0,1.7341040462427675
2025-10-15,13:07:59.741000,993,3101,600.0,589.5953757225434,13.0,262.0,1.7341040462427675
2025-10-15,13:07:59.802000,993,3101,600.0,589.5953757225434,13.0,244.0,1.7341040462427675
2025-10-15,13:07:59.827000,993,3101,600.0,589.5953757225434,13.005,244.0,1.7341040462427675
2025-10-15,13:07:59.912000,993,3101,600.0,589.5953757225434,13.005,240.0,1.7341040462427675
2025-10-15,13:07:59.921000,993,3101,600.0,589.5953757225434,13.0,266.0,1.7341040462427675
2025-10-15,13:07:59.930000,993,3101,600.0,589.5953757225434,13.0,266.0,1.7341040462427675
2025-10-15,13:07:59.993000,993,3101,600.0,589.5953757225434,13.005,244.0,1.7341040462427675
2025-10-15,13:08:00.029000,993,3101,600.0,589.5953757225434,13.0,247.0,1.7341040462427675
2025-10-15,13:08:00.105000,993,3101,600.0,589.5953757225434,13.005,244.0,1.7341040462427675
2025-10-15,13:08:00.129000,993,3101,600.0,589.5953757225434,13.005,244.0,1.7341040462427675
2025-10-15,13:08:00.137000,993,3101,600.0,589.5953757225434,13.005,244.0,1.7341040462427675
2025-10-15,13:08:00.162000,993,3101,600.0,589.5953757225434,13.0,244.0,1.7341040462427675
2025-10-15,13:08:00.195000,993,3101,600.0,589.5953757225434,13.0,269.0,1.7341040462427675
2025-10-15,13:08:00.272000,993,3101,600.0,589.5953757225434,13.005,244.0,1.7341040462427675
2025-10-15,13:08:00.300000,993,3101,600.0,589.5953757225434,13.0,247.0,1.7341040462427675
2025-10-15,13:08:00.308000,993,3101,600.0,589.5953757225434,13.0,244.0,1.7341040462427675
2025-10-15,13:08:00.410000,993,3101,600.0,589.5953757225434,13.005,244.0,1.7341040462427675
2025-10-15,13:08:00.419000,993,3101,600.0,589.5953757225434,13.0,262.0,1.7341040462427675
2025-10-15,13:08:00.438000,993,3101,600.0,589.5953757225434,13.005,273.0,1.7341040462427675
2025-10-15,13:08:00.532000,993,3101,600.0,589.5953757225434,13.0,251.0,1.7341040462427675
2025-10-15,13:08:00.616000,993,3101,600.0,589.5953757225434,13.005,247.0,1.7341040462427675
2025-10-15,13:08:00.632000,993,3101,600.0,589.5953757225434,13.0,273.0,1.7341040462427675
2025-10-15,13:08:01.002000,993,3101,600.0,589.5953757225434,13.005,251.0,1.7341040462427675
2025-10-15,13:08:01.024000,993,3101,600.0,589.5953757225434,13.005,247.0,1.7341040462427675
2025-10-15,13:08:01.317000,993,3101,600.0,589.5953757225434,13.005,247.0,1.7341040462427675
2025-10-15,13:08:01.334000,993,3101,600.0,589.5953757225434,13.005,273.0,1.7341040462427675
2025-10-15,13:08:03.057000,993,3101,90.0,80.92485549132948,13.013,153.0,10.083493898522798
2025-10-15,13:08:03.076000,993,3101,90.0,80.92485549132948,13.013,138.0,10.083493898522798
2025-10-15,13:08:03.084000,993,3101,90.0,80.92485549132948,13.013,164.0,10.083493898522798
2025-10-15,13:08:03.094000,993,3101,90.0,80.92485549132948,13.018,164.0,10.083493898522798
2025-10-15,13:08:03.116000,993,3101,90.0,80.92485549132948,13.013,171.0,10.083493898522798
2025-10-15,13:08:03.125000,993,3101,90.0,80.92485549132948,13.013,193.0,10.083493898522798
2025-10-15,13:08:03.134000,993,3101,90.0,80.92485549132948,13.018,215.0,10.083493898522798
2025-10-15,13:08:03.142000,993,3101,90.0,80.92485549132948,13.013,207.0,10.083493898522798
2025-10-15,13:08:03.150000,993,3101,90.0,80.92485549132948,13.018,222.0,10.083493898522798
2025-10-15,13:08:03.160000,993,3101,90.0,80.92485549132948,13.013,218.0,10.083493898522798
2025-10-15,13:08:03.169000,993,3101,90.0,80.92485549132948,13.018,222.0,10.083493898522798
2025-10-15,13:08:03.186000,993,3101,90.0,80.92485549132948,13.013,215.0,10.083493898522798
2025-10-15,13:08:03.194000,993,3101,90.0,80.92485549132948,13.013,218.0,10.083493898522798
2025-10-15,13:08:03.202000,993,3101,90.0,80.92485549132948,13.013,225.0,10.083493898522798
2025-10-15,13:08:03.219000,993,3101,90.0,80.92485549132948,13.018,196.0,10.083493898522798
2025-10-15,13:08:03.227000,993,3101,90.0,80.92485549132948,13.018,185.0,10.083493898522798
2025-10-15,13:08:03.236000,993,3101,90.0,80.92485549132948,13.018,185.0,10.083493898522798
2025-10-15,13:08:03.255000,993,3101,90.0,80.92485549132948,13.018,174.0,10.083493898522798
2025-10-15,13:08:03.264000,993,3101,90.0,69.36416184971098,13.018,156.0,22.928709055876688
2025-10-15,13:08:03.272000,993,3101,90.0,80.92485549132948,13.018,178.0,10.083493898522798
2025-10-15,13:08:03.281000,993,3101,90.0,80.92485549132948,13.013,204.0,10.083493898522798
2025-10-15,13:08:03.289000,993,3101,90.0,80.92485549132948,13.013,225.0,10.083493898522798
2025-10-15,13:08:03.297000,993,3101,90.0,80.92485549132948,13.013,229.0,10.083493898522798
2025-10-15,13:08:03.306000,993,3101,90.0,80.92485549132948,13.013,229.0,10.083493898522798
2025-10-15,13:08:03.321000,993,3101,90.0,80.92485549132948,13.013,218.0,10.083493898522798
2025-10-15,13:08:03.345000,993,3101,90.0,80.92485549132948,13.013,218.0,10.083493898522798
2025-10-15,13:08:03.362000,993,3101,90.0,80.92485549132948,13.013,218.0,10.083493898522798
2025-10-15,13:08:03.373000,993,3101,90.0,80.92485549132948,13.013,211.0,10.083493898522798
2025-10-15,13:08:03.382000,993,3101,90.0,80.92485549132948,13.013,215.0,10.083493898522798
2025-10-15,13:08:03.400000,993,3101,90.0,80.92485549132948,13.013,218.0,10.083493898522798
2025-10-15,13:08:03.447000,993,3101,90.0,80.92485549132948,13.018,229.0,10.083493898522798
2025-10-15,13:08:03.465000,993,3101,90.0,80.92485549132948,13.013,204.0,10.083493898522798
2025-10-15,13:08:03.483000,993,3101,90.0,80.92485549132948,13.013,218.0,10.083493898522798
2025-10-15,13:08:03.501000,993,3101,90.0,80.92485549132948,13.018,215.0,10.083493898522798
2025-10-15,13:08:03.830000,993,3101,90.0,80.92485549132948,13.018,178.0,10.083493898522798
2025-10-15,13:08:03.839000,993,3101,90.0,80.92485549132948,13.013,174.0,10.083493898522798
2025-10-15,13:08:03.847000,993,3101,90.0,80.92485549132948,13.018,178.0,10.083493898522798
2025-10-15,13:08:03.855000,993,3101,90.0,80.92485549132948,13.018,178.0,10.083493898522798
2025-10-15,13:08:03.863000,993,3101,90.0,80.92485549132948,13.018,178.0,10.083493898522798
2025-10-15,13:08:03.872000,993,3101,90.0,80.92485549132948,13.013,207.0,10.083493898522798
2025-10-15,13:08:03.884000,993,3101,90.0,80.92485549132948,13.013,215.0,10.083493898522798
2025-10-15,13:08:03.903000,993,3101,90.0,80.92485549132948,13.013,222.0,10.083493898522798
2025-10-15,13:08:03.922000,993,3101,90.0,80.92485549132948,13.013,218.0,10.083493898522798
2025-10-15,13:08:03.940000,993,3101,90.0,80.92485549132948,13.013,229.0,10.083493898522798
2025-10-15,13:08:03.948000,993,3101,90.0,80.92485549132948,13.013,222.0,10.083493898522798
2025-10-15,13:08:03.966000,993,3101,90.0,80.92485549132948,13.013,229.0,10.083493898522798
2025-10-15,13:08:04.083000,993,3101,90.0,80.92485549132948,13.013,211.0,10.083493898522798
2025-10-15,13:08:04.293000,993,3101,90.0,80.92485549132948,13.018,174.0,10.083493898522798
2025-10-15,13:08:04.312000,993,3101,90.0,80.92485549132948,13.018,185.0,10.083493898522798
2025-10-15,13:08:04.337000,993,3101,90.0,80.92485549132948,13.018,211.0,10.083493898522798
2025-10-15,13:08:04.354000,993,3101,90.0,80.92485549132948,13.013,218.0,10.083493898522798
2025-10-15,13:08:04.371000,993,3101,90.0,80.92485549132948,13.013,240.0,10.083493898522798
2025-10-15,13:08:04.399000,993,3101,90.0,80.92485549132948,13.013,229.0,10.083493898522798
2025-10-15,13:08:04.465000,993,3101,90.0,80.92485549132948,13.013,178.0,10.083493898522798
2025-10-15,13:08:04.482000,993,3101,90.0,80.92485549132948,13.013,218.0,10.083493898522798
2025-10-15,13:08:04.551000,993,3101,90.0,80.92485549132948,13.013,229.0,10.083493898522798
2025-10-15,13:08:04.625000,993,3101,90.0,80.92485549132948,13.018,160.0,10.083493898522798
2025-10-15,13:08:04.643000,993,3101,90.0,80.92485549132948,13.018,171.0,10.083493898522798
2025-10-15,13:08:04.663000,993,3101,90.0,80.92485549132948,13.018,174.0,10.083493898522798
2025-10-15,13:08:04.706000,993,3101,90.0,80.92485549132948,13.013,211.0,10.083493898522798
2025-10-15,13:08:04.734000,993,3101,90.0,80.92485549132948,13.013,233.0,10.083493898522798
2025-10-15,13:08:04.821000,993,3101,90.0,80.92485549132948,13.018,174.0,10.083493898522798
2025-10-15,13:08:04.846000,993,3101,90.0,80.92485549132948,13.013,167.0,10.083493898522798
2025-10-15,13:08:04.863000,993,3101,90.0,80.92485549132948,13.018,182.0,10.083493898522798
2025-10-15,13:08:04.881000,993,3101,90.0,80.92485549132948,13.013,211.0,10.083493898522798
2025-10-15,13:08:04.908000,993,3101,90.0,80.92485549132948,13.013,229.0,10.083493898522798
2025-10-15,13:08:04.926000,993,3101,90.0,80.92485549132948,13.009,229.0,10.083493898522798
2025-10-15,13:08:04.942000,993,3101,90.0,80.92485549132948,13.013,222.0,10.083493898522798
2025-10-15,13:08:04.965000,993,3101,90.0,80.92485549132948,13.013,218.0,10.083493898522798
2025-10-15,13:08:05.164000,993,3101,90.0,80.92485549132948,13.018,160.0,10.083493898522798
2025-10-15,13:08:05.181000,993,3101,90.0,80.92485549132948,13.013,218.0,10.083493898522798
2025-10-15,13:08:05.207000,993,3101,90.0,80.92485549132948,13.018,225.0,10.083493898522798
2025-10-15,13:08:05.277000,993,3101,90.0,80.92485549132948,13.013,200.0,10.083493898522798
2025-10-15,13:08:05.295000,993,3101,90.0,80.92485549132948,13.009,171.0,10.083493898522798
2025-10-15,13:08:05.329000,993,3101,90.0,80.92485549132948,13.009,167.0,10.083493898522798
2025-10-15,13:08:05.337000,993,3101,90.0,80.92485549132948,13.018,167.0,10.083493898522798
2025-10-15,13:08:05.360000,993,3101,90.0,80.92485549132948,13.013,174.0,10.083493898522798
2025-10-15,13:08:05.367000,993,3101,90.0,80.92485549132948,13.013,174.0,10.083493898522798
2025-10-15,13:08:05.375000,993,3101,90.0,80.92485549132948,13.013,204.0,10.083493898522798
2025-10-15,13:08:05.405000,993,3101,90.0,80.92485549132948,13.013,236.0,10.083493898522798
2025-10-15,13:08:05.442000,993,3101,90.0,80.92485549132948,13.013,215.0,10.083493898522798
2025-10-15,13:08:05.512000,993,3101,90.0,80.92485549132948,13.013,164.0,10.083493898522798
2025-10-15,13:08:05.795000,993,3101,90.0,80.92485549132948,13.018,164.0,10.083493898522798
2025-10-15,13:08:05.815000,993,3101,90.0,80.92485549132948,13.018,171.0,10.083493898522798
2025-10-15,13:08:05.982000,993,3101,90.0,80.92485549132948,13.018,178.0,10.083493898522798
2025-10-15,13:08:06.001000,993,3101,90.0,80.92485549132948,13.018,171.0,10.083493898522798
2025-10-15,13:08:06.030000,993,3101,90.0,80.92485549132948,13.018,174.0,10.083493898522798
2025-10-15,13:08:06.050000,993,3101,90.0,80.92485549132948,13.018,167.0,10.083493898522798
2025-10-15,13:08:06.062000,993,3101,90.0,80.92485549132948,13.013,167.0,10.083493898522798
2025-10-15,13:08:06.081000,993,3101,90.0,80.92485549132948,13.013,211.0,10.083493898522798
2025-10-15,13:08:06.103000,993,3101,90.0,80.92485549132948,13.005,222.0,10.083493898522798
2025-10-15,13:08:06.123000,993,3101,90.0,80.92485549132948,13.013,236.0,10.083493898522798
2025-10-15,13:08:06.147000,993,3101,90.0,80.92485549132948,13.013,211.0,10.083493898522798
2025-10-15,13:08:06.163000,993,3101,90.0,80.92485549132948,13.013,236.0,10.083493898522798
2025-10-15,13:08:06.388000,993,3101,90.0,80.92485549132948,13.018,167.0,10.083493898522798
2025-10-15,13:08:06.407000,993,3101,90.0,80.92485549132948,13.018,167.0,10.083493898522798
2025-10-15,13:08:06.425000,993,3101,90.0,80.92485549132948,13.013,160.0,10.083493898522798
2025-10-15,13:08:06.447000,993,3101,90.0,80.92485549132948,13.018,222.0,10.083493898522798
2025-10-15,13:08:06.465000,993,3101,90.0,80.92485549132948,13.013,222.0,10.083493898522798
2025-10-15,13:08:06.484000,993,3101,90.0,80.92485549132948,13.013,233.0,10.083493898522798
2025-10-15,13:08:06.503000,993,3101,90.0,80.92485549132948,13.013,204.0,10.083493898522798
2025-10-15,13:08:06.521000,993,3101,90.0,80.92485549132948,13.009,225.0,10.083493898522798
2025-10-15,13:08:06.875000,993,3101,90.0,80.92485549132948,13.018,178.0,10.083493898522798
2025-10-15,13:08:06.894000,993,3101,90.0,80.92485549132948,13.018,171.0,10.083493898522798
2025-10-15,13:08:06.912000,993,3101,90.0,80.92485549132948,13.018,171.0,10.083493898522798
2025-10-15,13:08:06.921000,993,3101,90.0,80.92485549132948,13.018,171.0,10.083493898522798
2025-10-15,13:08:06.931000,993,3101,90.0,80.92485549132948,13.018,171.0,10.083493898522798
2025-10-15,13:08:06.940000,993,3101,90.0,80.92485549132948,13.013,178.0,10.083493898522798
2025-10-15,13:08:06.949000,993,3101,90.0,80.92485549132948,13.018,178.0,10.083493898522798
2025-10-15,13:08:06.960000,993,3101,90.0,80.92485549132948,13.013,189.0,10.083493898522798
2025-10-15,13:08:06.969000,993,3101,90.0,80.92485549132948,13.013,215.0,10.083493898522798
2025-10-15,13:08:06.987000,993,3101,90.0,80.92485549132948,13.013,244.0,10.083493898522798
2025-10-15,13:08:07.004000,993,3101,90.0,80.92485549132948,13.013,211.0,10.083493898522798
2025-10-15,13:08:07.022000,993,3101,90.0,80.92485549132948,13.013,189.0,10.083493898522798
2025-10-15,13:08:07.030000,993,3101,90.0,80.92485549132948,13.018,189.0,10.083493898522798
2025-10-15,13:08:07.039000,993,3101,90.0,80.92485549132948,13.018,164.0,10.083493898522798
2025-10-15,13:08:07.047000,993,3101,90.0,80.92485549132948,13.018,171.0,10.083493898522798
2025-10-15,13:08:07.064000,993,3101,90.0,80.92485549132948,13.013,222.0,10.083493898522798
2025-10-15,13:08:07.073000,993,3101,90.0,80.92485549132948,13.013,229.0,10.083493898522798
2025-10-15,13:08:07.094000,993,3101,90.0,80.92485549132948,13.013,225.0,10.083493898522798
2025-10-15,13:08:07.103000,993,3101,90.0,80.92485549132948,13.009,225.0,10.083493898522798
2025-10-15,13:08:07.112000,993,3101,90.0,80.92485549132948,13.013,233.0,10.083493898522798
2025-10-15,13:08:07.376000,993,3101,90.0,80.92485549132948,13.018,182.0,10.083493898522798
2025-10-15,13:08:07.411000,993,3101,90.0,80.92485549132948,13.018,174.0,10.083493898522798
2025-10-15,13:08:07.447000,993,3101,90.0,80.92485549132948,13.013,225.0,10.083493898522798
2025-10-15,13:08:07.532000,993,3101,90.0,80.92485549132948,13.018,207.0,10.083493898522798
2025-10-15,13:08:07.551000,993,3101,90.0,80.92485549132948,13.018,185.0,10.083493898522798
2025-10-15,13:08:07.626000,993,3101,90.0,80.92485549132948,13.018,174.0,10.083493898522798
2025-10-15,13:08:07.645000,993,3101,90.0,80.92485549132948,13.013,193.0,10.083493898522798
2025-10-15,13:08:07.682000,993,3101,90.0,80.92485549132948,13.013,218.0,10.083493898522798
2025-10-15,13:08:07.722000,993,3101,90.0,80.92485549132948,13.013,233.0,10.083493898522798
2025-10-15,13:08:07.752000,993,3101,90.0,80.92485549132948,13.013,204.0,10.083493898522798
2025-10-15,13:08:07.933000,993,3101,90.0,80.92485549132948,13.013,182.0,10.083493898522798
2025-10-15,13:08:08.102000,993,3101,90.0,80.92485549132948,13.013,145.0,10.083493898522798
2025-10-15,13:08:08.111000,993,3101,90.0,80.92485549132948,13.013,145.0,10.083493898522798
2025-10-15,13:08:08.120000,993,3101,90.0,80.92485549132948,13.013,149.0,10.083493898522798
2025-10-15,13:08:08.130000,993,3101,90.0,80.92485549132948,13.018,167.0,10.083493898522798
2025-10-15,13:08:08.146000,993,3101,90.0,80.92485549132948,13.013,156.0,10.083493898522798
2025-10-15,13:08:08.155000,993,3101,90.0,80.92485549132948,13.013,149.0,10.083493898522798
2025-10-15,13:08:08.171000,993,3101,90.0,80.92485549132948,13.018,153.0,10.083493898522798
2025-10-15,13:08:08.180000,993,3101,90.0,69.36416184971098,13.018,153.0,22.928709055876688
2025-10-15,13:08:08.188000,993,3101,90.0,69.36416184971098,13.013,156.0,22.928709055876688
2025-10-15,13:08:08.195000,993,3101,90.0,80.92485549132948,13.013,174.0,10.083493898522798
2025-10-15,13:08:08.204000,993,3101,90.0,80.92485549132948,13.013,185.0,10.083493898522798
2025-10-15,13:08:08.212000,993,3101,90.0,69.36416184971098,13.018,185.0,22.928709055876688
2025-10-15,13:08:08.220000,993,3101,90.0,80.92485549132948,13.018,185.0,10.083493898522798
2025-10-15,13:08:08.229000,993,3101,90.0,80.92485549132948,13.018,200.0,10.083493898522798
2025-10-15,13:08:08.237000,993,3101,90.0,80.92485549132948,13.009,218.0,10.083493898522798
2025-10-15,13:08:08.248000,993,3101,90.0,69.36416184971098,13.013,236.0,22.928709055876688
2025-10-15,13:08:08.256000,993,3101,90.0,80.92485549132948,13.013,229.0,10.083493898522798
2025-10-15,13:08:08.265000,993,3101,90.0,80.92485549132948,13.013,229.0,10.083493898522798
2025-10-15,13:08:08.273000,993,3101,90.0,69.36416184971098,13.013,244.0,22.928709055876688
2025-10-15,13:08:08.282000,993,3101,90.0,80.92485549132948,13.013,255.0,10.083493898522798
2025-10-15,13:08:08.292000,993,3101,90.0,80.92485549132948,13.013,255.0,10.083493898522798
2025-10-15,13:08:08.301000,993,3101,90.0,80.92485549132948,13.013,251.0,10.083493898522798
2025-10-15,13:08:08.310000,993,3101,90.0,80.92485549132948,13.013,222.0,10.083493898522798
2025-10-15,13:08:08.319000,993,3101,90.0,80.92485549132948,13.013,244.0,10.083493898522798
2025-10-15,13:08:08.338000,993,3101,90.0,80.92485549132948,13.013,244.0,10.083493898522798
2025-10-15,13:08:08.358000,993,3101,90.0,80.92485549132948,13.013,211.0,10.083493898522798
2025-10-15,13:08:08.376000,993,3101,90.0,80.92485549132948,13.018,218.0,10.083493898522798
2025-10-15,13:08:08.397000,993,3101,90.0,80.92485549132948,13.013,204.0,10.083493898522798
2025-10-15,13:08:08.766000,993,3101,90.0,80.92485549132948,13.018,156.0,10.083493898522798
2025-10-15,13:08:08.784000,993,3101,90.0,80.92485549132948,13.013,215.0,10.083493898522798
2025-10-15,13:08:08.802000,993,3101,90.0,80.92485549132948,13.013,222.0,10.083493898522798
2025-10-15,13:08:08.826000,993,3101,90.0,80.92485549132948,13.018,207.0,10.083493898522798
2025-10-15,13:08:08.842000,993,3101,90.0,80.92485549132948,13.013,204.0,10.083493898522798
2025-10-15,13:08:08.912000,993,3101,90.0,80.92485549132948,13.013,153.0,10.083493898522798
2025-10-15,13:08:08.937000,993,3101,90.0,80.92485549132948,13.013,174.0,10.083493898522798
2025-10-15,13:08:08.954000,993,3101,90.0,80.92485549132948,13.013,189.0,10.083493898522798
2025-10-15,13:08:08.963000,993,3101,90.0,80.92485549132948,13.013,193.0,10.083493898522798
2025-10-15,13:08:08.971000,993,3101,90.0,80.92485549132948,13.013,207.0,10.083493898522798
2025-10-15,13:08:08.980000,993,3101,90.0,80.92485549132948,13.013,189.0,10.083493898522798
2025-10-15,13:08:08.989000,993,3101,90.0,80.92485549132948,13.013,211.0,10.083493898522798
2025-10-15,13:08:08.997000,993,3101,90.0,80.92485549132948,13.013,215.0,10.083493898522798
2025-10-15,13:08:09.005000,993,3101,90.0,80.92485549132948,13.013,229.0,10.083493898522798
2025-10-15,13:08:09.074000,993,3101,90.0,80.92485549132948,13.013,204.0,10.083493898522798
2025-10-15,13:08:09.090000,993,3101,90.0,80.92485549132948,13.013,204.0,10.083493898522798
2025-10-15,13:08:09.099000,993,3101,90.0,80.92485549132948,13.013,215.0,10.083493898522798
2025-10-15,13:08:09.136000,993,3101,90.0,80.92485549132948,13.013,229.0,10.083493898522798
2025-10-15,13:08:09.161000,993,3101,90.0,80.92485549132948,13.013,207.0,10.083493898522798
2025-10-15,13:08:09.345000,993,3101,90.0,80.92485549132948,13.018,153.0,10.083493898522798
2025-10-15,13:08:09.384000,993,3101,90.0,80.92485549132948,13.018,156.0,10.083493898522798
2025-10-15,13:08:09.412000,993,3101,90.0,80.92485549132948,13.013,215.0,10.083493898522798
2025-10-15,13:08:09.458000,993,3101,90.0,80.92485549132948,13.018,215.0,10.083493898522798
2025-10-15,13:08:09.478000,993,3101,90.0,80.92485549132948,13.013,207.0,10.083493898522798
2025-10-15,13:08:09.499000,993,3101,90.0,80.92485549132948,13.013,215.0,10.083493898522798
2025-10-15,13:08:09.561000,993,3101,90.0,80.92485549132948,13.013,207.0,10.083493898522798
2025-10-15,13:08:09.643000,993,3101,90.0,80.92485549132948,13.013,164.0,10.083493898522798
2025-10-15,13:08:09.659000,993,3101,90.0,80.92485549132948,13.009,204.0,10.083493898522798
2025-10-15,13:08:09.666000,993,3101,90.0,80.92485549132948,13.013,218.0,10.083493898522798
2025-10-15,13:08:09.951000,993,3101,90.0,80.92485549132948,13.013,174.0,10.083493898522798
2025-10-15,13:08:09.960000,993,3101,90.0,80.92485549132948,13.013,189.0,10.083493898522798
2025-10-15,13:08:09.968000,993,3101,90.0,80.92485549132948,13.013,211.0,10.083493898522798
2025-10-15,13:08:09.977000,993,3101,90.0,80.92485549132948,13.018,211.0,10.083493898522798
2025-10-15,13:08:09.993000,993,3101,90.0,80.92485549132948,13.009,218.0,10.083493898522798
2025-10-15,13:08:10.100000,993,3101,90.0,80.92485549132948,13.009,178.0,10.083493898522798
2025-10-15,13:08:10.108000,993,3101,90.0,80.92485549132948,13.018,171.0,10.083493898522798
2025-10-15,13:08:10.134000,993,3101,90.0,80.92485549132948,13.013,167.0,10.083493898522798
2025-10-15,13:08:10.175000,993,3101,90.0,80.92485549132948,13.013,174.0,10.083493898522798
2025-10-15,13:08:10.191000,993,3101,90.0,80.92485549132948,13.013,174.0,10.083493898522798
2025-10-15,13:08:10.199000,993,3101,90.0,80.92485549132948,13.009,185.0,10.083493898522798
2025-10-15,13:08:10.216000,993,3101,90.0,80.92485549132948,13.013,185.0,10.083493898522798
2025-10-15,13:08:10.233000,993,3101,90.0,80.92485549132948,13.013,218.0,10.083493898522798
2025-10-15,13:08:10.250000,993,3101,90.0,80.92485549132948,13.013,255.0,10.083493898522798
2025-10-15,13:08:10.258000,993,3101,90.0,80.92485549132948,13.013,225.0,10.083493898522798
2025-10-15,13:08:10.276000,993,3101,90.0,80.92485549132948,13.013,225.0,10.083493898522798
2025-10-15,13:08:10.390000,993,3101,90.0,80.92485549132948,13.013,174.0,10.083493898522798
2025-10-15,13:08:10.399000,993,3101,90.0,80.92485549132948,13.013,156.0,10.083493898522798
2025-10-15,13:08:10.415000,993,3101,90.0,80.92485549132948,13.013,167.0,10.083493898522798
2025-10-15,13:08:10.432000,993,3101,90.0,80.92485549132948,13.013,178.0,10.083493898522798
2025-10-15,13:08:10.440000,993,3101,90.0,80.92485549132948,13.013,156.0,10.083493898522798
2025-10-15,13:08:10.448000,993,3101,90.0,80.92485549132948,13.013,160.0,10.083493898522798
2025-10-15,13:08:10.457000,993,3101,90.0,80.92485549132948,13.013,160.0,10.083493898522798
2025-10-15,13:08:10.465000,993,3101,90.0,80.92485549132948,13.013,178.0,10.083493898522798
2025-10-15,13:08:10.474000,993,3101,90.0,80.92485549132948,13.013,189.0,10.083493898522798
2025-10-15,13:08:10.482000,993,3101,90.0,80.92485549132948,13.013,200.0,10.083493898522798
2025-10-15,13:08:10.500000,993,3101,90.0,80.92485549132948,13.013,218.0,10.083493898522798
2025-10-15,13:08:10.508000,993,3101,90.0,80.92485549132948,13.013,233.0,10.083493898522798
2025-10-15,13:08:10.524000,993,3101,90.0,80.92485549132948,13.013,233.0,10.083493898522798
2025-10-15,13:08:10.541000,993,3101,90.0,80.92485549132948,13.013,229.0,10.083493898522798
2025-10-15,13:08:10.550000,993,3101,90.0,80.92485549132948,13.013,222.0,10.083493898522798
2025-10-15,13:08:10.558000,993,3101,90.0,80.92485549132948,13.013,229.0,10.083493898522798
2025-10-15,13:08:10.569000,993,3101,90.0,80.92485549132948,13.013,229.0,10.083493898522798
2025-10-15,13:08:10.586000,993,3101,90.0,80.92485549132948,13.013,247.0,10.083493898522798
2025-10-15,13:08:10.671000,993,3101,90.0,80.92485549132948,13.013,153.0,10.083493898522798
2025-10-15,13:08:10.680000,993,3101,90.0,80.92485549132948,13.013,145.0,10.083493898522798
2025-10-15,13:08:10.698000,993,3101,90.0,80.92485549132948,13.013,134.0,10.083493898522798
2025-10-15,13:08:10.720000,993,3101,90.0,80.92485549132948,13.013,131.0,10.083493898522798
2025-10-15,13:08:10.730000,993,3101,90.0,80.92485549132948,13.018,134.0,10.083493898522798
2025-10-15,13:08:10.739000,993,3101,90.0,80.92485549132948,13.018,149.0,10.083493898522798
2025-10-15,13:08:10.749000,993,3101,90.0,80.92485549132948,13.013,149.0,10.083493898522798
2025-10-15,13:08:10.758000,993,3101,90.0,69.36416184971098,13.013,171.0,22.928709055876688
2025-10-15,13:08:10.767000,993,3101,90.0,80.92485549132948,13.013,193.0,10.083493898522798
2025-10-15,13:08:10.775000,993,3101,90.0,80.92485549132948,13.013,200.0,10.083493898522798
2025-10-15,13:08:10.784000,993,3101,90.0,80.92485549132948,13.013,182.0,10.083493898522798
2025-10-15,13:08:10.793000,993,3101,90.0,80.92485549132948,13.009,200.0,10.083493898522798
2025-10-15,13:08:10.801000,993,3101,90.0,80.92485549132948,13.013,222.0,10.083493898522798
2025-10-15,13:08:10.812000,993,3101,90.0,69.36416184971098,13.013,229.0,22.928709055876688
2025-10-15,13:08:10.824000,993,3101,90.0,80.92485549132948,13.013,215.0,10.083493898522798
2025-10-15,13:08:10.833000,993,3101,90.0,69.36416184971098,13.013,204.0,22.928709055876688
2025-10-15,13:08:10.843000,993,3101,90.0,69.36416184971098,13.013,233.0,22.928709055876688
2025-10-15,13:08:10.852000,993,3101,90.0,80.92485549132948,13.013,229.0,10.083493898522798
2025-10-15,13:08:10.862000,993,3101,90.0,80.92485549132948,13.013,225.0,10.083493898522798
2025-10-15,13:08:10.871000,993,3101,90.0,80.92485549132948,13.013,225.0,10.083493898522798
2025-10-15,13:08:10.881000,993,3101,90.0,80.92485549132948,13.013,218.0,10.083493898522798
2025-10-15,13:08:10.900000,993,3101,90.0,80.92485549132948,13.013,211.0,10.083493898522798
2025-10-15,13:08:10.908000,993,3101,90.0,80.92485549132948,13.013,211.0,10.083493898522798
2025-10-15,13:08:10.917000,993,3101,90.0,80.92485549132948,13.013,215.0,10.083493898522798
2025-10-15,13:08:10.926000,993,3101,90.0,80.92485549132948,13.013,215.0,10.083493898522798
2025-10-15,13:08:10.935000,993,3101,90.0,80.92485549132948,13.013,218.0,10.083493898522798
2025-10-15,13:08:10.943000,993,3101,90.0,80.92485549132948,13.013,204.0,10.083493898522798
2025-10-15,13:08:10.951000,993,3101,90.0,80.92485549132948,13.013,207.0,10.083493898522798
2025-10-15,13:08:10.960000,993,3101,90.0,80.92485549132948,13.009,222.0,10.083493898522798
2025-10-15,13:08:10.968000,993,3101,90.0,80.92485549132948,13.013,222.0,10.083493898522798
2025-10-15,13:08:10.976000,993,3101,90.0,80.92485549132948,13.013,218.0,10.083493898522798
2025-10-15,13:08:10.984000,993,3101,90.0,80.92485549132948,13.013,207.0,10.083493898522798
2025-10-15,13:08:10.992000,993,3101,90.0,80.92485549132948,13.009,196.0,10.083493898522798
2025-10-15,13:08:11.000000,993,3101,90.0,80.92485549132948,13.013,218.0,10.083493898522798
2025-10-15,13:08:11.008000,993,3101,90.0,80.92485549132948,13.013,218.0,10.083493898522798
2025-10-15,13:08:11.017000,993,3101,90.0,80.92485549132948,13.013,225.0,10.083493898522798
2025-10-15,13:08:11.024000,993,3101,90.0,80.92485549132948,13.009,200.0,10.083493898522798
2025-10-15,13:08:11.041000,993,3101,90.0,80.92485549132948,13.013,211.0,10.083493898522798
2025-10-15,13:08:11.050000,993,3101,90.0,80.92485549132948,13.013,222.0,10.083493898522798
2025-10-15,13:08:11.058000,993,3101,90.0,80.92485549132948,13.013,222.0,10.083493898522798
2025-10-15,13:08:11.077000,993,3101,90.0,80.92485549132948,13.013,222.0,10.083493898522798
2025-10-15,13:08:11.086000,993,3101,90.0,80.92485549132948,13.013,207.0,10.083493898522798
2025-10-15,13:08:11.095000,993,3101,90.0,80.92485549132948,13.013,211.0,10.083493898522798
2025-10-15,13:08:11.119000,993,3101,90.0,80.92485549132948,13.013,215.0,10.083493898522798
2025-10-15,13:08:11.138000,993,3101,90.0,80.92485549132948,13.013,204.0,10.083493898522798
2025-10-15,13:08:11.157000,993,3101,90.0,80.92485549132948,13.013,229.0,10.083493898522798
2025-10-15,13:08:11.175000,993,3101,90.0,80.92485549132948,13.013,211.0,10.083493898522798
2025-10-15,13:08:11.214000,993,3101,90.0,80.92485549132948,13.013,196.0,10.083493898522798
2025-10-15,13:08:11.234000,993,3101,90.0,80.92485549132948,13.009,204.0,10.083493898522798
2025-10-15,13:08:11.243000,993,3101,90.0,80.92485549132948,13.013,207.0,10.083493898522798
2025-10-15,13:08:11.252000,993,3101,90.0,80.92485549132948,13.013,204.0,10.083493898522798
2025-10-15,13:08:11.394000,993,3101,1000.0,92.48554913294798,13.009,193.0,90.75144508670519
2025-10-15,13:08:11.403000,993,3101,1000.0,92.48554913294798,13.013,207.0,90.75144508670519
2025-10-15,13:08:11.413000,993,3101,1000.0,92.48554913294798,12.795,743.0,90.75144508670519
2025-10-15,13:08:11.422000,993,3101,1000.0,104.04624277456648,12.747,1906.0,89.59537572254335
2025-10-15,13:08:11.432000,993,3101,1000.0,138.72832369942196,12.777000000000001,2369.0,86.12716763005781
2025-10-15,13:08:11.441000,993,3101,1000.0,173.41040462427748,12.799,2518.0,82.65895953757226
2025-10-15,13:08:11.450000,993,3101,1000.0,219.65317919075147,12.804,2547.0,78.03468208092485
2025-10-15,13:08:11.459000,993,3101,1000.0,219.65317919075147,12.799,2547.0,78.03468208092485
2025-10-15,13:08:11.468000,993,3101,1000.0,265.89595375722547,12.799,2489.0,73.41040462427745
2025-10-15,13:08:11.478000,993,3101,1000.0,312.13872832369947,12.817,2358.0,68.78612716763006
2025-10-15,13:08:11.487000,993,3101,1000.0,358.38150289017346,12.847,2172.0,64.16184971098265
2025-10-15,13:08:11.497000,993,3101,1000.0,393.06358381502895,12.865,1957.0,60.6936416184971
2025-10-15,13:08:11.506000,993,3101,1000.0,439.30635838150295,12.86,1804.0,56.06936416184971
2025-10-15,13:08:11.515000,993,3101,1000.0,473.98843930635843,12.874,1673.0,52.60115606936415
2025-10-15,13:08:11.524000,993,3101,1000.0,508.6705202312139,12.922,1396.0,49.13294797687861
2025-10-15,13:08:11.534000,993,3101,1000.0,531.7919075144509,12.922,1213.0,46.82080924855491
2025-10-15,13:08:11.543000,993,3101,1000.0,554.9132947976879,12.93,1093.0,44.50867052023121
2025-10-15,13:08:11.553000,993,3101,1000.0,578.0346820809249,12.935,991.0,42.19653179190751
2025-10-15,13:08:11.562000,993,3101,1000.0,601.1560693641619,12.939,922.0,39.884393063583815
2025-10-15,13:08:11.572000,993,3101,1000.0,601.1560693641619,12.957,820.0,39.884393063583815
2025-10-15,13:08:11.582000,993,3101,1000.0,612.7167630057804,12.97,696.0,38.728323699421956
2025-10-15,13:08:11.594000,993,3101,1000.0,635.8381502890173,12.97,616.0,36.41618497109826
2025-10-15,13:08:11.604000,993,3101,1000.0,635.8381502890173,12.97,557.0,36.41618497109826
2025-10-15,13:08:11.615000,993,3101,1000.0,647.3988439306358,12.97,532.0,35.26011560693642
2025-10-15,13:08:11.624000,993,3101,1000.0,658.9595375722544,12.961,510.0,34.104046242774565
2025-10-15,13:08:11.635000,993,3101,1000.0,670.5202312138729,12.97,488.0,32.947976878612714
2025-10-15,13:08:11.644000,993,3101,1000.0,670.5202312138729,12.974,470.0,32.947976878612714
2025-10-15,13:08:11.654000,993,3101,1000.0,670.5202312138729,12.978,448.0,32.947976878612714
2025-10-15,13:08:11.663000,993,3101,1000.0,670.5202312138729,12.978,430.0,32.947976878612714
2025-10-15,13:08:11.673000,993,3101,1000.0,682.0809248554914,12.983,408.0,31.791907514450862
2025-10-15,13:08:11.684000,993,3101,1000.0,682.0809248554914,12.978,404.0,31.791907514450862
2025-10-15,13:08:11.694000,993,3101,1000.0,682.0809248554914,12.978,390.0,31.791907514450862
2025-10-15,13:08:11.703000,993,3101,1000.0,693.6416184971099,12.983,393.0,30.635838150289008
2025-10-15,13:08:11.712000,993,3101,1000.0,693.6416184971099,12.983,393.0,30.635838150289008
2025-10-15,13:08:11.723000,993,3101,1000.0,693.6416184971099,12.983,386.0,30.635838150289008
2025-10-15,13:08:11.732000,993,3101,1000.0,693.6416184971099,12.983,386.0,30.635838150289008
2025-10-15,13:08:11.741000,993,3101,1000.0,705.2023121387284,12.983,379.0,29.47976878612716
2025-10-15,13:08:11.751000,993,3101,1000.0,705.2023121387284,12.983,375.0,29.47976878612716
2025-10-15,13:08:11.760000,993,3101,1000.0,705.2023121387284,12.983,371.0,29.47976878612716
2025-10-15,13:08:11.770000,993,3101,1000.0,705.2023121387284,12.983,371.0,29.47976878612716
2025-10-15,13:08:11.779000,993,3101,1000.0,716.7630057803469,12.987,360.0,28.32369942196531
2025-10-15,13:08:11.788000,993,3101,1000.0,716.7630057803469,12.987,353.0,28.32369942196531
2025-10-15,13:08:11.797000,993,3101,1000.0,705.2023121387284,12.987,357.0,29.47976878612716
2025-10-15,13:08:11.806000,993,3101,1000.0,716.7630057803469,12.987,346.0,28.32369942196531
2025-10-15,13:08:11.816000,993,3101,1000.0,728.3236994219653,12.983,353.0,27.167630057803464
2025-10-15,13:08:11.826000,993,3101,1000.0,716.7630057803469,12.987,346.0,28.32369942196531
2025-10-15,13:08:11.835000,993,3101,1000.0,716.7630057803469,12.987,342.0,28.32369942196531
2025-10-15,13:08:11.844000,993,3101,1000.0,728.3236994219653,12.987,331.0,27.167630057803464
2025-10-15,13:08:11.856000,993,3101,1000.0,728.3236994219653,12.987,328.0,27.167630057803464
2025-10-15,13:08:11.866000,993,3101,1000.0,716.7630057803469,12.987,328.0,28.32369942196531
2025-10-15,13:08:11.875000,993,3101,1000.0,728.3236994219653,12.987,328.0,27.167630057803464
2025-10-15,13:08:11.884000,993,3101,1000.0,739.8843930635838,12.987,328.0,26.011560693641616
2025-10-15,13:08:11.895000,993,3101,1000.0,728.3236994219653,12.987,328.0,27.167630057803464
2025-10-15,13:08:11.904000,993,3101,1000.0,728.3236994219653,12.987,324.0,27.167630057803464
2025-10-15,13:08:11.913000,993,3101,1000.0,739.8843930635838,12.992,324.0,26.011560693641616
2025-10-15,13:08:11.922000,993,3101,1000.0,728.3236994219653,12.987,320.0,27.167630057803464
2025-10-15,13:08:11.931000,993,3101,1000.0,728.3236994219653,12.987,324.0,27.167630057803464
2025-10-15,13:08:11.940000,993,3101,1000.0,739.8843930635838,12.983,331.0,26.011560693641616
2025-10-15,13:08:11.950000,993,3101,1000.0,739.8843930635838,12.987,353.0,26.011560693641616
2025-10-15,13:08:11.960000,993,3101,1000.0,739.8843930635838,12.978,368.0,26.011560693641616
2025-10-15,13:08:11.969000,993,3101,1000.0,739.8843930635838,12.983,368.0,26.011560693641616
2025-10-15,13:08:11.978000,993,3101,1000.0,739.8843930635838,12.983,360.0,26.011560693641616
2025-10-15,13:08:11.987000,993,3101,1000.0,751.4450867052024,12.983,353.0,24.855491329479765
2025-10-15,13:08:11.996000,993,3101,1000.0,739.8843930635838,12.978,360.0,26.011560693641616
2025-10-15,13:08:12.005000,993,3101,1000.0,751.4450867052024,12.987,349.0,24.855491329479765
2025-10-15,13:08:12.014000,993,3101,1000.0,751.4450867052024,12.987,342.0,24.855491329479765
2025-10-15,13:08:12.023000,993,3101,1000.0,763.0057803468209,12.987,342.0,23.699421965317914
2025-10-15,13:08:12.032000,993,3101,1000.0,739.8843930635838,12.992,331.0,26.011560693641616
2025-10-15,13:08:12.041000,993,3101,1000.0,751.4450867052024,12.987,338.0,24.855491329479765
2025-10-15,13:08:12.050000,993,3101,1000.0,751.4450867052024,12.987,338.0,24.855491329479765
2025-10-15,13:08:12.060000,993,3101,1000.0,751.4450867052024,12.987,335.0,24.855491329479765
2025-10-15,13:08:12.070000,993,3101,1000.0,751.4450867052024,12.987,331.0,24.855491329479765
2025-10-15,13:08:12.079000,993,3101,1000.0,763.0057803468209,12.987,338.0,23.699421965317914
2025-10-15,13:08:12.087000,993,3101,1000.0,774.5664739884394,12.987,328.0,22.543352601156062
2025-10-15,13:08:12.096000,993,3101,1000.0,774.5664739884394,12.987,320.0,22.543352601156062
2025-10-15,13:08:12.104000,993,3101,1000.0,763.0057803468209,12.987,317.0,23.699421965317914
2025-10-15,13:08:12.116000,993,3101,1000.0,763.0057803468209,12.987,317.0,23.699421965317914
2025-10-15,13:08:12.125000,993,3101,1000.0,763.0057803468209,12.983,324.0,23.699421965317914
2025-10-15,13:08:12.134000,993,3101,1000.0,763.0057803468209,12.987,324.0,23.699421965317914
2025-10-15,13:08:12.142000,993,3101,1000.0,763.0057803468209,12.983,335.0,23.699421965317914
2025-10-15,13:08:12.151000,993,3101,1000.0,774.5664739884394,12.983,335.0,22.543352601156062
2025-10-15,13:08:12.160000,993,3101,1000.0,763.0057803468209,12.983,346.0,23.699421965317914
2025-10-15,13:08:12.170000,993,3101,1000.0,763.0057803468209,12.983,342.0,23.699421965317914
2025-10-15,13:08:12.178000,993,3101,1000.0,763.0057803468209,12.983,342.0,23.699421965317914
2025-10-15,13:08:12.187000,993,3101,1000.0,774.5664739884394,12.983,349.0,22.543352601156062
2025-10-15,13:08:12.195000,993,3101,1000.0,786.1271676300579,12.983,346.0,21.387283236994207
2025-10-15,13:08:12.203000,993,3101,1000.0,774.5664739884394,12.983,357.0,22.543352601156062
2025-10-15,13:08:12.211000,993,3101,1000.0,797.6878612716764,12.987,357.0,20.23121387283236
2025-10-15,13:08:12.220000,993,3101,1000.0,786.1271676300579,12.987,346.0,21.387283236994207
2025-10-15,13:08:12.228000,993,3101,1000.0,786.1271676300579,12.983,349.0,21.387283236994207
2025-10-15,13:08:12.236000,993,3101,1000.0,786.1271676300579,12.983,342.0,21.387283236994207
2025-10-15,13:08:12.244000,993,3101,1000.0,786.1271676300579,12.983,335.0,21.387283236994207
2025-10-15,13:08:12.252000,993,3101,1000.0,797.6878612716764,12.992,320.0,20.23121387283236
2025-10-15,13:08:12.260000,993,3101,1000.0,786.1271676300579,12.987,320.0,21.387283236994207
2025-10-15,13:08:12.270000,993,3101,1000.0,786.1271676300579,12.987,317.0,21.387283236994207
2025-10-15,13:08:12.278000,993,3101,1000.0,797.6878612716764,12.987,324.0,20.23121387283236
2025-10-15,13:08:12.287000,993,3101,1000.0,797.6878612716764,12.987,324.0,20.23121387283236
2025-10-15,13:08:12.296000,993,3101,1000.0,786.1271676300579,12.987,320.0,21.387283236994207
2025-10-15,13:08:12.304000,993,3101,1000.0,786.1271676300579,12.983,328.0,21.387283236994207
2025-10-15,13:08:12.313000,993,3101,1000.0,797.6878612716764,12.992,320.0,20.23121387283236
2025-10-15,13:08:12.323000,993,3101,1000.0,786.1271676300579,12.987,309.0,21.387283236994207
2025-10-15,13:08:12.332000,993,3101,1000.0,786.1271676300579,12.987,306.0,21.387283236994207
2025-10-15,13:08:12.341000,993,3101,1000.0,797.6878612716764,12.987,306.0,20.23121387283236
2025-10-15,13:08:12.350000,993,3101,1000.0,797.6878612716764,12.987,306.0,20.23121387283236
2025-10-15,13:08:12.359000,993,3101,1000.0,797.6878612716764,12.987,313.0,20.23121387283236
2025-10-15,13:08:12.372000,993,3101,1000.0,809.2485549132948,12.987,313.0,19.07514450867052
2025-10-15,13:08:12.381000,993,3101,1000.0,809.2485549132948,12.992,320.0,19.07514450867052
2025-10-15,13:08:12.390000,993,3101,1000.0,809.2485549132948,12.987,309.0,19.07514450867052
2025-10-15,13:08:12.405000,993,3101,1000.0,809.2485549132948,12.992,298.0,19.07514450867052
2025-10-15,13:08:12.414000,993,3101,1000.0,797.6878612716764,12.987,309.0,20.23121387283236
2025-10-15,13:08:12.424000,993,3101,1000.0,809.2485549132948,12.983,302.0,19.07514450867052
2025-10-15,13:08:12.435000,993,3101,1000.0,809.2485549132948,12.987,309.0,19.07514450867052
2025-10-15,13:08:12.444000,993,3101,1000.0,809.2485549132948,12.983,313.0,19.07514450867052
2025-10-15,13:08:12.453000,993,3101,1000.0,797.6878612716764,12.978,317.0,20.23121387283236
2025-10-15,13:08:12.462000,993,3101,1000.0,809.2485549132948,12.983,328.0,19.07514450867052
2025-10-15,13:08:12.471000,993,3101,1000.0,809.2485549132948,12.974,328.0,19.07514450867052
2025-10-15,13:08:12.480000,993,3101,1000.0,809.2485549132948,12.974,328.0,19.07514450867052
2025-10-15,13:08:12.488000,993,3101,1000.0,809.2485549132948,12.978,331.0,19.07514450867052
2025-10-15,13:08:12.497000,993,3101,1000.0,809.2485549132948,12.978,338.0,19.07514450867052
2025-10-15,13:08:12.504000,993,3101,1000.0,832.3699421965318,12.987,335.0,16.763005780346816
2025-10-15,13:08:12.513000,993,3101,1000.0,820.8092485549133,12.987,313.0,17.919075144508668
2025-10-15,13:08:12.521000,993,3101,1000.0,809.2485549132948,12.987,298.0,19.07514450867052
2025-10-15,13:08:12.530000,993,3101,1000.0,809.2485549132948,12.987,298.0,19.07514450867052
2025-10-15,13:08:12.538000,993,3101,1000.0,809.2485549132948,12.987,291.0,19.07514450867052
2025-10-15,13:08:12.546000,993,3101,1000.0,820.8092485549133,12.992,280.0,17.919075144508668
2025-10-15,13:08:12.554000,993,3101,1000.0,809.2485549132948,12.987,284.0,19.07514450867052
2025-10-15,13:08:12.562000,993,3101,1000.0,820.8092485549133,12.987,309.0,17.919075144508668
2025-10-15,13:08:12.570000,993,3101,1000.0,820.8092485549133,12.987,309.0,17.919075144508668
2025-10-15,13:08:12.579000,993,3101,1000.0,820.8092485549133,12.987,320.0,17.919075144508668
2025-10-15,13:08:12.587000,993,3101,1000.0,832.3699421965318,12.983,320.0,16.763005780346816
2025-10-15,13:08:12.595000,993,3101,1000.0,832.3699421965318,12.983,328.0,16.763005780346816
2025-10-15,13:08:12.607000,993,3101,1000.0,832.3699421965318,12.983,328.0,16.763005780346816
2025-10-15,13:08:12.616000,993,3101,1000.0,820.8092485549133,12.983,317.0,17.919075144508668
2025-10-15,13:08:12.627000,993,3101,1000.0,832.3699421965318,12.987,309.0,16.763005780346816
2025-10-15,13:08:12.636000,993,3101,1000.0,832.3699421965318,12.987,317.0,16.763005780346816
2025-10-15,13:08:12.645000,993,3101,1000.0,820.8092485549133,12.987,317.0,17.919075144508668
2025-10-15,13:08:12.654000,993,3101,1000.0,832.3699421965318,12.987,320.0,16.763005780346816
2025-10-15,13:08:12.662000,993,3101,1000.0,832.3699421965318,12.983,335.0,16.763005780346816
2025-10-15,13:08:12.670000,993,3101,1000.0,832.3699421965318,12.983,335.0,16.763005780346816
2025-10-15,13:08:12.680000,993,3101,1000.0,832.3699421965318,12.983,342.0,16.763005780346816
2025-10-15,13:08:12.688000,993,3101,1000.0,832.3699421965318,12.978,349.0,16.763005780346816
2025-10-15,13:08:12.696000,993,3101,1000.0,843.9306358381504,12.983,342.0,15.606936416184967
2025-10-15,13:08:12.705000,993,3101,1000.0,832.3699421965318,12.983,346.0,16.763005780346816
2025-10-15,13:08:12.713000,993,3101,1000.0,843.9306358381504,12.978,349.0,15.606936416184967
2025-10-15,13:08:12.722000,993,3101,1000.0,843.9306358381504,12.983,364.0,15.606936416184967
2025-10-15,13:08:12.734000,993,3101,1000.0,843.9306358381504,12.983,338.0,15.606936416184967
2025-10-15,13:08:12.743000,993,3101,1000.0,843.9306358381504,12.983,346.0,15.606936416184967
2025-10-15,13:08:12.751000,993,3101,1000.0,832.3699421965318,12.983,346.0,16.763005780346816
2025-10-15,13:08:12.759000,993,3101,1000.0,843.9306358381504,12.983,328.0,15.606936416184967
2025-10-15,13:08:12.767000,993,3101,1000.0,843.9306358381504,12.987,324.0,15.606936416184967
2025-10-15,13:08:12.775000,993,3101,1000.0,855.4913294797689,12.987,320.0,14.450867052023114
2025-10-15,13:08:12.784000,993,3101,1000.0,855.4913294797689,12.983,324.0,14.450867052023114
2025-10-15,13:08:12.792000,993,3101,1000.0,843.9306358381504,12.983,328.0,15.606936416184967
2025-10-15,13:08:12.801000,993,3101,1000.0,867.0520231213874,12.983,328.0,13.294797687861262
2025-10-15,13:08:12.809000,993,3101,1000.0,867.0520231213874,12.983,328.0,13.294797687861262
2025-10-15,13:08:12.818000,993,3101,1000.0,855.4913294797689,12.987,324.0,14.450867052023114
2025-10-15,13:08:12.827000,993,3101,1000.0,855.4913294797689,12.987,320.0,14.450867052023114
2025-10-15,13:08:12.835000,993,3101,1000.0,855.4913294797689,12.983,320.0,14.450867052023114
2025-10-15,13:08:12.843000,993,3101,1000.0,855.4913294797689,12.983,317.0,14.450867052023114
2025-10-15,13:08:12.852000,993,3101,1000.0,855.4913294797689,12.983,324.0,14.450867052023114
2025-10-15,13:08:12.861000,993,3101,1000.0,855.4913294797689,12.983,324.0,14.450867052023114
2025-10-15,13:08:12.870000,993,3101,1000.0,843.9306358381504,12.983,324.0,15.606936416184967
2025-10-15,13:08:12.882000,993,3101,1000.0,843.9306358381504,12.983,324.0,15.606936416184967
2025-10-15,13:08:12.892000,993,3101,1000.0,867.0520231213874,12.983,324.0,13.294797687861262
2025-10-15,13:08:12.900000,993,3101,1000.0,855.4913294797689,12.992,324.0,14.450867052023114
2025-10-15,13:08:12.911000,993,3101,1000.0,867.0520231213874,12.987,309.0,13.294797687861262
2025-10-15,13:08:12.920000,993,3101,1000.0,867.0520231213874,12.987,313.0,13.294797687861262
2025-10-15,13:08:12.930000,993,3101,1000.0,867.0520231213874,12.983,317.0,13.294797687861262
2025-10-15,13:08:12.939000,993,3101,1000.0,867.0520231213874,12.987,320.0,13.294797687861262
2025-10-15,13:08:12.948000,993,3101,1000.0,867.0520231213874,12.987,313.0,13.294797687861262
2025-10-15,13:08:12.958000,993,3101,1000.0,878.6127167630059,12.987,313.0,12.13872832369941
2025-10-15,13:08:12.967000,993,3101,1000.0,867.0520231213874,12.987,306.0,13.294797687861262
2025-10-15,13:08:12.976000,993,3101,1000.0,890.1734104046243,12.987,306.0,10.98265895953757
2025-10-15,13:08:12.985000,993,3101,1000.0,867.0520231213874,12.987,298.0,13.294797687861262
2025-10-15,13:08:12.995000,993,3101,1000.0,878.6127167630059,12.983,309.0,12.13872832369941
2025-10-15,13:08:13.005000,993,3101,1000.0,878.6127167630059,12.987,309.0,12.13872832369941
2025-10-15,13:08:13.014000,993,3101,1000.0,878.6127167630059,12.987,302.0,12.13872832369941
2025-10-15,13:08:13.023000,993,3101,1000.0,867.0520231213874,12.987,309.0,13.294797687861262
2025-10-15,13:08:13.033000,993,3101,1000.0,878.6127167630059,12.987,295.0,12.13872832369941
2025-10-15,13:08:13.042000,993,3101,1000.0,855.4913294797689,12.992,295.0,14.450867052023114
2025-10-15,13:08:13.051000,993,3101,1000.0,867.0520231213874,12.987,295.0,13.294797687861262
2025-10-15,13:08:13.060000,993,3101,1000.0,855.4913294797689,12.987,291.0,14.450867052023114
2025-10-15,13:08:13.069000,993,3101,1000.0,855.4913294797689,12.987,295.0,14.450867052023114
2025-10-15,13:08:13.078000,993,3101,1000.0,878.6127167630059,12.987,298.0,12.13872832369941
2025-10-15,13:08:13.087000,993,3101,1000.0,878.6127167630059,12.992,295.0,12.13872832369941
2025-10-15,13:08:13.098000,993,3101,1000.0,890.1734104046243,12.983,302.0,10.98265895953757
2025-10-15,13:08:13.107000,993,3101,1000.0,890.1734104046243,12.987,295.0,10.98265895953757
2025-10-15,13:08:13.118000,993,3101,1000.0,901.7341040462428,12.987,287.0,9.826589595375719
2025-10-15,13:08:13.128000,993,3101,1000.0,878.6127167630059,12.983,291.0,12.13872832369941
2025-10-15,13:08:13.140000,993,3101,1000.0,878.6127167630059,12.983,298.0,12.13872832369941
2025-10-15,13:08:13.150000,993,3101,1000.0,878.6127167630059,12.987,302.0,12.13872832369941
2025-10-15,13:08:13.159000,993,3101,1000.0,878.6127167630059,12.987,302.0,12.13872832369941
2025-10-15,13:08:13.168000,993,3101,1000.0,878.6127167630059,12.987,298.0,12.13872832369941
2025-10-15,13:08:13.177000,993,3101,1000.0,878.6127167630059,12.987,291.0,12.13872832369941
2025-10-15,13:08:13.185000,993,3101,1000.0,878.6127167630059,12.987,284.0,12.13872832369941
2025-10-15,13:08:13.195000,993,3101,1000.0,878.6127167630059,12.987,284.0,12.13872832369941
2025-10-15,13:08:13.204000,993,3101,1000.0,878.6127167630059,12.983,287.0,12.13872832369941
2025-10-15,13:08:13.213000,993,3101,1000.0,878.6127167630059,12.992,284.0,12.13872832369941
2025-10-15,13:08:13.222000,993,3101,1000.0,878.6127167630059,12.987,291.0,12.13872832369941
2025-10-15,13:08:13.231000,993,3101,1000.0,890.1734104046243,12.987,291.0,10.98265895953757
2025-10-15,13:08:13.241000,993,3101,1000.0,867.0520231213874,12.992,284.0,13.294797687861262
2025-10-15,13:08:13.250000,993,3101,1000.0,890.1734104046243,12.992,280.0,10.98265895953757
2025-10-15,13:08:13.259000,993,3101,1000.0,890.1734104046243,12.992,280.0,10.98265895953757
2025-10-15,13:08:13.268000,993,3101,1000.0,890.1734104046243,12.987,287.0,10.98265895953757
2025-10-15,13:08:13.277000,993,3101,1000.0,890.1734104046243,12.992,287.0,10.98265895953757
2025-10-15,13:08:13.286000,993,3101,1000.0,890.1734104046243,12.987,295.0,10.98265895953757
2025-10-15,13:08:13.295000,993,3101,1000.0,901.7341040462428,12.983,313.0,9.826589595375719
2025-10-15,13:08:13.305000,993,3101,1000.0,878.6127167630059,12.983,317.0,12.13872832369941
2025-10-15,13:08:13.315000,993,3101,1000.0,890.1734104046243,12.983,324.0,10.98265895953757
2025-10-15,13:08:13.324000,993,3101,1000.0,890.1734104046243,12.987,320.0,10.98265895953757
2025-10-15,13:08:13.336000,993,3101,1000.0,878.6127167630059,12.983,328.0,12.13872832369941
2025-10-15,13:08:13.345000,993,3101,1000.0,890.1734104046243,12.983,324.0,10.98265895953757
2025-10-15,13:08:13.354000,993,3101,1000.0,890.1734104046243,12.983,331.0,10.98265895953757
2025-10-15,13:08:13.363000,993,3101,1000.0,890.1734104046243,12.983,328.0,10.98265895953757
2025-10-15,13:08:13.372000,993,3101,1000.0,890.1734104046243,12.983,317.0,10.98265895953757
2025-10-15,13:08:13.381000,993,3101,1000.0,901.7341040462428,12.987,317.0,9.826589595375719
2025-10-15,13:08:13.390000,993,3101,1000.0,890.1734104046243,12.987,302.0,10.98265895953757
2025-10-15,13:08:13.402000,993,3101,1000.0,901.7341040462428,12.987,309.0,9.826589595375719
2025-10-15,13:08:13.413000,993,3101,1000.0,890.1734104046243,12.987,309.0,10.98265895953757
2025-10-15,13:08:13.422000,993,3101,1000.0,890.1734104046243,12.983,317.0,10.98265895953757
2025-10-15,13:08:13.430000,993,3101,1000.0,890.1734104046243,12.987,317.0,10.98265895953757
2025-10-15,13:08:13.440000,993,3101,1000.0,901.7341040462428,12.987,309.0,9.826589595375719
2025-10-15,13:08:13.449000,993,3101,1000.0,901.7341040462428,12.983,313.0,9.826589595375719
2025-10-15,13:08:13.458000,993,3101,1000.0,901.7341040462428,12.987,302.0,9.826589595375719
2025-10-15,13:08:13.467000,993,3101,1000.0,901.7341040462428,12.983,306.0,9.826589595375719
2025-10-15,13:08:13.477000,993,3101,1000.0,913.2947976878613,12.983,309.0,8.67052023121387
2025-10-15,13:08:13.487000,993,3101,1000.0,913.2947976878613,12.987,306.0,8.67052023121387
2025-10-15,13:08:13.496000,993,3101,1000.0,890.1734104046243,12.983,317.0,10.98265895953757
2025-10-15,13:08:13.506000,993,3101,1000.0,901.7341040462428,12.987,302.0,9.826589595375719
2025-10-15,13:08:13.515000,993,3101,1000.0,901.7341040462428,12.983,295.0,9.826589595375719
2025-10-15,13:08:13.524000,993,3101,1000.0,901.7341040462428,12.987,298.0,9.826589595375719
2025-10-15,13:08:13.533000,993,3101,1000.0,901.7341040462428,12.987,298.0,9.826589595375719
2025-10-15,13:08:13.542000,993,3101,1000.0,924.8554913294798,12.983,302.0,7.514450867052017
2025-10-15,13:08:13.550000,993,3101,1000.0,890.1734104046243,12.983,302.0,10.98265895953757
2025-10-15,13:08:13.559000,993,3101,1000.0,890.1734104046243,12.987,302.0,10.98265895953757
2025-10-15,13:08:13.567000,993,3101,1000.0,913.2947976878613,12.987,302.0,8.67052023121387
2025-10-15,13:08:13.575000,993,3101,1000.0,913.2947976878613,12.987,298.0,8.67052023121387
2025-10-15,13:08:13.583000,993,3101,1000.0,901.7341040462428,12.987,291.0,9.826589595375719
2025-10-15,13:08:13.591000,993,3101,1000.0,890.1734104046243,12.983,291.0,10.98265895953757
2025-10-15,13:08:13.600000,993,3101,1000.0,924.8554913294798,12.983,295.0,7.514450867052017
2025-10-15,13:08:13.608000,993,3101,1000.0,924.8554913294798,12.987,295.0,7.514450867052017
2025-10-15,13:08:13.619000,993,3101,1000.0,890.1734104046243,12.983,298.0,10.98265895953757
2025-10-15,13:08:13.627000,993,3101,1000.0,913.2947976878613,12.983,298.0,8.67052023121387
2025-10-15,13:08:13.635000,993,3101,1000.0,913.2947976878613,12.987,291.0,8.67052023121387
2025-10-15,13:08:13.644000,993,3101,1000.0,924.8554913294798,12.987,284.0,7.514450867052017
2025-10-15,13:08:13.656000,993,3101,1000.0,913.2947976878613,12.987,291.0,8.67052023121387
2025-10-15,13:08:13.665000,993,3101,1000.0,936.4161849710983,12.983,284.0,6.3583815028901665
2025-10-15,13:08:13.673000,993,3101,1000.0,901.7341040462428,12.987,291.0,9.826589595375719
2025-10-15,13:08:13.682000,993,3101,1000.0,913.2947976878613,12.983,291.0,8.67052023121387
2025-10-15,13:08:13.691000,993,3101,1000.0,901.7341040462428,12.983,291.0,9.826589595375719
2025-10-15,13:08:13.700000,993,3101,1000.0,901.7341040462428,12.983,291.0,9.826589595375719
2025-10-15,13:08:13.708000,993,3101,1000.0,901.7341040462428,12.987,287.0,9.826589595375719
2025-10-15,13:08:13.719000,993,3101,1000.0,913.2947976878613,12.987,280.0,8.67052023121387
2025-10-15,13:08:13.728000,993,3101,1000.0,924.8554913294798,12.987,291.0,7.514450867052017
2025-10-15,13:08:13.737000,993,3101,1000.0,913.2947976878613,12.983,287.0,8.67052023121387
2025-10-15,13:08:13.745000,993,3101,1000.0,924.8554913294798,12.987,295.0,7.514450867052017
2025-10-15,13:08:13.754000,993,3101,1000.0,913.2947976878613,12.983,298.0,8.67052023121387
2025-10-15,13:08:13.763000,993,3101,1000.0,913.2947976878613,12.987,298.0,8.67052023121387
2025-10-15,13:08:13.771000,993,3101,1000.0,901.7341040462428,12.987,298.0,9.826589595375719
2025-10-15,13:08:13.780000,993,3101,1000.0,901.7341040462428,12.987,291.0,9.826589595375719
2025-10-15,13:08:13.787000,993,3101,1000.0,901.7341040462428,12.987,287.0,9.826589595375719
2025-10-15,13:08:13.796000,993,3101,1000.0,913.2947976878613,12.987,284.0,8.67052023121387
2025-10-15,13:08:13.805000,993,3101,1000.0,924.8554913294798,12.987,287.0,7.514450867052017
2025-10-15,13:08:13.815000,993,3101,1000.0,913.2947976878613,12.987,295.0,8.67052023121387
2025-10-15,13:08:13.824000,993,3101,1000.0,924.8554913294798,12.987,287.0,7.514450867052017
2025-10-15,13:08:13.833000,993,3101,1000.0,936.4161849710983,12.987,287.0,6.3583815028901665
2025-10-15,13:08:13.843000,993,3101,1000.0,924.8554913294798,12.987,284.0,7.514450867052017
2025-10-15,13:08:13.853000,993,3101,1000.0,924.8554913294798,12.987,277.0,7.514450867052017
2025-10-15,13:08:13.863000,993,3101,1000.0,924.8554913294798,12.987,277.0,7.514450867052017
2025-10-15,13:08:13.872000,993,3101,1000.0,913.2947976878613,12.987,280.0,8.67052023121387
2025-10-15,13:08:13.881000,993,3101,1000.0,924.8554913294798,12.987,280.0,7.514450867052017
2025-10-15,13:08:13.890000,993,3101,1000.0,924.8554913294798,12.983,284.0,7.514450867052017
2025-10-15,13:08:13.899000,993,3101,1000.0,924.8554913294798,12.987,287.0,7.514450867052017
2025-10-15,13:08:13.911000,993,3101,1000.0,924.8554913294798,12.987,280.0,7.514450867052017
2025-10-15,13:08:13.921000,993,3101,1000.0,936.4161849710983,12.987,284.0,6.3583815028901665
2025-10-15,13:08:13.930000,993,3101,1000.0,901.7341040462428,12.983,284.0,9.826589595375719
2025-10-15,13:08:13.939000,993,3101,1000.0,901.7341040462428,12.992,287.0,9.826589595375719
2025-10-15,13:08:13.948000,993,3101,1000.0,913.2947976878613,12.987,284.0,8.67052023121387
2025-10-15,13:08:13.958000,993,3101,1000.0,913.2947976878613,12.987,291.0,8.67052023121387
2025-10-15,13:08:13.966000,993,3101,1000.0,913.2947976878613,12.983,309.0,8.67052023121387
2025-10-15,13:08:13.976000,993,3101,1000.0,913.2947976878613,12.983,313.0,8.67052023121387
2025-10-15,13:08:13.986000,993,3101,1000.0,936.4161849710983,12.983,317.0,6.3583815028901665
2025-10-15,13:08:13.995000,993,3101,1000.0,924.8554913294798,12.983,324.0,7.514450867052017
2025-10-15,13:08:14.003000,993,3101,1000.0,924.8554913294798,12.983,324.0,7.514450867052017
2025-10-15,13:08:14.012000,993,3101,1000.0,913.2947976878613,12.983,324.0,8.67052023121387
2025-10-15,13:08:14.020000,993,3101,1000.0,924.8554913294798,12.983,324.0,7.514450867052017
2025-10-15,13:08:14.028000,993,3101,1000.0,924.8554913294798,12.983,320.0,7.514450867052017
2025-10-15,13:08:14.036000,993,3101,1000.0,924.8554913294798,12.983,309.0,7.514450867052017
2025-10-15,13:08:14.044000,993,3101,1000.0,924.8554913294798,12.983,313.0,7.514450867052017
2025-10-15,13:08:14.052000,993,3101,1000.0,924.8554913294798,12.978,313.0,7.514450867052017
2025-10-15,13:08:14.061000,993,3101,1000.0,947.9768786127169,12.978,313.0,5.202312138728314
2025-10-15,13:08:14.070000,993,3101,1000.0,936.4161849710983,12.987,298.0,6.3583815028901665
2025-10-15,13:08:14.078000,993,3101,1000.0,936.4161849710983,12.983,295.0,6.3583815028901665
2025-10-15,13:08:14.087000,993,3101,1000.0,936.4161849710983,12.983,280.0,6.3583815028901665
2025-10-15,13:08:14.095000,993,3101,1000.0,936.4161849710983,12.983,273.0,6.3583815028901665
2025-10-15,13:08:14.103000,993,3101,1000.0,936.4161849710983,12.983,273.0,6.3583815028901665
2025-10-15,13:08:14.114000,993,3101,1000.0,913.2947976878613,12.987,269.0,8.67052023121387
2025-10-15,13:08:14.123000,993,3101,1000.0,924.8554913294798,12.983,284.0,7.514450867052017
2025-10-15,13:08:14.132000,993,3101,1000.0,913.2947976878613,12.983,295.0,8.67052023121387
2025-10-15,13:08:14.139000,993,3101,1000.0,913.2947976878613,12.983,306.0,8.67052023121387
2025-10-15,13:08:14.148000,993,3101,1000.0,913.2947976878613,12.983,306.0,8.67052023121387
2025-10-15,13:08:14.156000,993,3101,1000.0,924.8554913294798,12.983,306.0,7.514450867052017
2025-10-15,13:08:14.167000,993,3101,1000.0,947.9768786127169,12.983,306.0,5.202312138728314
2025-10-15,13:08:14.175000,993,3101,1000.0,936.4161849710983,12.983,295.0,6.3583815028901665
2025-10-15,13:08:14.183000,993,3101,1000.0,947.9768786127169,12.983,302.0,5.202312138728314
2025-10-15,13:08:14.191000,993,3101,1000.0,947.9768786127169,12.983,302.0,5.202312138728314
2025-10-15,13:08:14.200000,993,3101,1000.0,924.8554913294798,12.983,302.0,7.514450867052017
2025-10-15,13:08:14.209000,993,3101,1000.0,924.8554913294798,12.987,306.0,7.514450867052017
2025-10-15,13:08:14.218000,993,3101,1000.0,936.4161849710983,12.983,306.0,6.3583815028901665
2025-10-15,13:08:14.227000,993,3101,1000.0,936.4161849710983,12.983,302.0,6.3583815028901665
2025-10-15,13:08:14.238000,993,3101,1000.0,936.4161849710983,12.983,298.0,6.3583815028901665
2025-10-15,13:08:14.246000,993,3101,1000.0,936.4161849710983,12.983,298.0,6.3583815028901665
2025-10-15,13:08:14.255000,993,3101,1000.0,947.9768786127169,12.983,302.0,5.202312138728314
2025-10-15,13:08:14.264000,993,3101,1000.0,936.4161849710983,12.987,306.0,6.3583815028901665
2025-10-15,13:08:14.272000,993,3101,1000.0,924.8554913294798,12.987,306.0,7.514450867052017
2025-10-15,13:08:14.282000,993,3101,1000.0,924.8554913294798,12.987,302.0,7.514450867052017
2025-10-15,13:08:14.292000,993,3101,1000.0,936.4161849710983,12.987,306.0,6.3583815028901665
2025-10-15,13:08:14.300000,993,3101,1000.0,936.4161849710983,12.987,295.0,6.3583815028901665
2025-10-15,13:08:14.310000,993,3101,1000.0,936.4161849710983,12.987,291.0,6.3583815028901665
2025-10-15,13:08:14.319000,993,3101,1000.0,936.4161849710983,12.987,295.0,6.3583815028901665
2025-10-15,13:08:14.327000,993,3101,1000.0,936.4161849710983,12.992,295.0,6.3583815028901665
2025-10-15,13:08:14.337000,993,3101,1000.0,959.5375722543354,12.983,295.0,4.046242774566463
2025-10-15,13:08:14.348000,993,3101,1000.0,947.9768786127169,12.978,295.0,5.202312138728314
2025-10-15,13:08:14.357000,993,3101,1000.0,947.9768786127169,12.983,298.0,5.202312138728314
2025-10-15,13:08:14.366000,993,3101,1000.0,947.9768786127169,12.987,291.0,5.202312138728314
2025-10-15,13:08:14.375000,993,3101,1000.0,959.5375722543354,12.987,291.0,4.046242774566463
2025-10-15,13:08:14.383000,993,3101,1000.0,936.4161849710983,12.983,291.0,6.3583815028901665
2025-10-15,13:08:14.393000,993,3101,1000.0,936.4161849710983,12.987,295.0,6.3583815028901665
2025-10-15,13:08:14.401000,993,3101,1000.0,936.4161849710983,12.987,291.0,6.3583815028901665
2025-10-15,13:08:14.410000,993,3101,1000.0,924.8554913294798,12.987,298.0,7.514450867052017
2025-10-15,13:08:14.422000,993,3101,1000.0,924.8554913294798,12.987,291.0,7.514450867052017
2025-10-15,13:08:14.432000,993,3101,1000.0,947.9768786127169,12.987,287.0,5.202312138728314
2025-10-15,13:08:14.442000,993,3101,1000.0,936.4161849710983,12.987,287.0,6.3583815028901665
2025-10-15,13:08:14.451000,993,3101,1000.0,959.5375722543354,12.987,291.0,4.046242774566463
2025-10-15,13:08:14.460000,993,3101,1000.0,947.9768786127169,12.983,295.0,5.202312138728314
2025-10-15,13:08:14.469000,993,3101,1000.0,947.9768786127169,12.983,291.0,5.202312138728314
2025-10-15,13:08:14.478000,993,3101,1000.0,947.9768786127169,12.983,298.0,5.202312138728314
2025-10-15,13:08:14.486000,993,3101,1000.0,947.9768786127169,12.983,291.0,5.202312138728314
2025-10-15,13:08:14.495000,993,3101,1000.0,959.5375722543354,12.987,287.0,4.046242774566463
2025-10-15,13:08:14.504000,993,3101,1000.0,947.9768786127169,12.987,291.0,5.202312138728314
2025-10-15,13:08:14.513000,993,3101,1000.0,959.5375722543354,12.983,291.0,4.046242774566463
2025-10-15,13:08:14.522000,993,3101,1000.0,936.4161849710983,12.983,291.0,6.3583815028901665
2025-10-15,13:08:14.531000,993,3101,1000.0,936.4161849710983,12.983,295.0,6.3583815028901665
2025-10-15,13:08:14.540000,993,3101,1000.0,947.9768786127169,12.987,287.0,5.202312138728314
2025-10-15,13:08:14.549000,993,3101,1000.0,947.9768786127169,12.978,306.0,5.202312138728314
2025-10-15,13:08:14.558000,993,3101,1000.0,947.9768786127169,12.978,313.0,5.202312138728314
2025-10-15,13:08:14.567000,993,3101,1000.0,947.9768786127169,12.983,320.0,5.202312138728314
2025-10-15,13:08:14.576000,993,3101,1000.0,959.5375722543354,12.983,331.0,4.046242774566463
2025-10-15,13:08:14.585000,993,3101,1000.0,959.5375722543354,12.983,331.0,4.046242774566463
2025-10-15,13:08:14.594000,993,3101,1000.0,947.9768786127169,12.983,317.0,5.202312138728314
2025-10-15,13:08:14.603000,993,3101,1000.0,947.9768786127169,12.987,317.0,5.202312138728314
2025-10-15,13:08:14.614000,993,3101,1000.0,947.9768786127169,12.987,295.0,5.202312138728314
2025-10-15,13:08:14.624000,993,3101,1000.0,947.9768786127169,12.987,277.0,5.202312138728314
2025-10-15,13:08:14.633000,993,3101,1000.0,959.5375722543354,12.983,277.0,4.046242774566463
2025-10-15,13:08:14.645000,993,3101,1000.0,971.0982658959539,12.987,287.0,2.8901734104046115
2025-10-15,13:08:14.655000,993,3101,1000.0,959.5375722543354,12.983,284.0,4.046242774566463
2025-10-15,13:08:14.663000,993,3101,1000.0,959.5375722543354,12.987,284.0,4.046242774566463
2025-10-15,13:08:14.674000,993,3101,1000.0,959.5375722543354,12.983,284.0,4.046242774566463
2025-10-15,13:08:14.683000,993,3101,1000.0,959.5375722543354,12.987,280.0,4.046242774566463
2025-10-15,13:08:14.691000,993,3101,1000.0,936.4161849710983,12.987,277.0,6.3583815028901665
2025-10-15,13:08:14.700000,993,3101,1000.0,947.9768786127169,12.983,295.0,5.202312138728314
2025-10-15,13:08:14.708000,993,3101,1000.0,947.9768786127169,12.978,313.0,5.202312138728314
2025-10-15,13:08:14.721000,993,3101,1000.0,959.5375722543354,12.983,317.0,4.046242774566463
2025-10-15,13:08:14.730000,993,3101,1000.0,947.9768786127169,12.983,317.0,5.202312138728314
2025-10-15,13:08:14.739000,993,3101,1000.0,947.9768786127169,12.983,313.0,5.202312138728314
2025-10-15,13:08:14.749000,993,3101,1000.0,971.0982658959539,12.978,313.0,2.8901734104046115
2025-10-15,13:08:14.758000,993,3101,1000.0,971.0982658959539,12.983,287.0,2.8901734104046115
2025-10-15,13:08:14.767000,993,3101,1000.0,959.5375722543354,12.987,287.0,4.046242774566463
2025-10-15,13:08:14.777000,993,3101,1000.0,959.5375722543354,12.983,284.0,4.046242774566463
2025-10-15,13:08:14.787000,993,3101,1000.0,971.0982658959539,12.987,277.0,2.8901734104046115
2025-10-15,13:08:14.796000,993,3101,1000.0,959.5375722543354,12.987,273.0,4.046242774566463
2025-10-15,13:08:14.804000,993,3101,1000.0,959.5375722543354,12.983,291.0,4.046242774566463
2025-10-15,13:08:14.812000,993,3101,1000.0,959.5375722543354,12.983,291.0,4.046242774566463
2025-10-15,13:08:14.821000,993,3101,1000.0,959.5375722543354,12.983,295.0,4.046242774566463
2025-10-15,13:08:14.829000,993,3101,1000.0,936.4161849710983,12.983,309.0,6.3583815028901665
2025-10-15,13:08:14.838000,993,3101,1000.0,936.4161849710983,12.983,313.0,6.3583815028901665
2025-10-15,13:08:14.847000,993,3101,1000.0,971.0982658959539,12.983,317.0,2.8901734104046115
2025-10-15,13:08:14.856000,993,3101,1000.0,959.5375722543354,12.978,313.0,4.046242774566463
2025-10-15,13:08:14.865000,993,3101,1000.0,971.0982658959539,12.983,309.0,2.8901734104046115
2025-10-15,13:08:14.874000,993,3101,1000.0,971.0982658959539,12.983,309.0,2.8901734104046115
2025-10-15,13:08:14.883000,993,3101,1000.0,982.6589595375723,12.983,309.0,1.7341040462427713
2025-10-15,13:08:14.892000,993,3101,1000.0,959.5375722543354,12.983,317.0,4.046242774566463
2025-10-15,13:08:14.901000,993,3101,1000.0,947.9768786127169,12.983,306.0,5.202312138728314
2025-10-15,13:08:14.911000,993,3101,1000.0,959.5375722543354,12.983,313.0,4.046242774566463
2025-10-15,13:08:14.920000,993,3101,1000.0,959.5375722543354,12.978,313.0,4.046242774566463
2025-10-15,13:08:14.932000,993,3101,1000.0,959.5375722543354,12.983,306.0,4.046242774566463
2025-10-15,13:08:14.942000,993,3101,1000.0,971.0982658959539,12.987,298.0,2.8901734104046115
2025-10-15,13:08:14.951000,993,3101,1000.0,994.2196531791908,12.983,302.0,0.57803468208092
2025-10-15,13:08:14.960000,993,3101,1000.0,959.5375722543354,12.978,306.0,4.046242774566463
2025-10-15,13:08:14.969000,993,3101,1000.0,959.5375722543354,12.983,295.0,4.046242774566463
2025-10-15,13:08:14.978000,993,3101,1000.0,971.0982658959539,12.987,273.0,2.8901734104046115
2025-10-15,13:08:14.987000,993,3101,1000.0,971.0982658959539,12.987,269.0,2.8901734104046115
2025-10-15,13:08:14.996000,993,3101,1000.0,971.0982658959539,12.987,266.0,2.8901734104046115
2025-10-15,13:08:15.006000,993,3101,1000.0,971.0982658959539,12.987,266.0,2.8901734104046115
2025-10-15,13:08:15.015000,993,3101,1000.0,982.6589595375723,12.992,269.0,1.7341040462427713
2025-10-15,13:08:15.024000,993,3101,1000.0,971.0982658959539,12.987,269.0,2.8901734104046115
2025-10-15,13:08:15.033000,993,3101,1000.0,971.0982658959539,12.987,266.0,2.8901734104046115
2025-10-15,13:08:15.042000,993,3101,1000.0,971.0982658959539,12.987,269.0,2.8901734104046115
2025-10-15,13:08:15.052000,993,3101,1000.0,947.9768786127169,12.987,262.0,5.202312138728314
2025-10-15,13:08:15.060000,993,3101,1000.0,971.0982658959539,12.987,266.0,2.8901734104046115
2025-10-15,13:08:15.070000,993,3101,1000.0,959.5375722543354,12.983,266.0,4.046242774566463
2025-10-15,13:08:15.079000,993,3101,1000.0,959.5375722543354,12.983,280.0,4.046242774566463
2025-10-15,13:08:15.088000,993,3101,1000.0,971.0982658959539,12.983,284.0,2.8901734104046115
2025-10-15,13:08:15.097000,993,3101,1000.0,959.5375722543354,12.983,295.0,4.046242774566463
2025-10-15,13:08:15.107000,993,3101,1000.0,982.6589595375723,12.983,298.0,1.7341040462427713
2025-10-15,13:08:15.118000,993,3101,1000.0,971.0982658959539,12.983,295.0,2.8901734104046115
2025-10-15,13:08:15.127000,993,3101,1000.0,971.0982658959539,12.983,295.0,2.8901734104046115
2025-10-15,13:08:15.137000,993,3101,1000.0,971.0982658959539,12.983,295.0,2.8901734104046115
2025-10-15,13:08:15.146000,993,3101,1000.0,971.0982658959539,12.983,306.0,2.8901734104046115
2025-10-15,13:08:15.155000,993,3101,1000.0,971.0982658959539,12.983,298.0,2.8901734104046115
2025-10-15,13:08:15.163000,993,3101,1000.0,971.0982658959539,12.983,298.0,2.8901734104046115
2025-10-15,13:08:15.172000,993,3101,1000.0,982.6589595375723,12.983,295.0,1.7341040462427713
2025-10-15,13:08:15.181000,993,3101,1000.0,971.0982658959539,12.987,277.0,2.8901734104046115
2025-10-15,13:08:15.191000,993,3101,1000.0,971.0982658959539,12.987,269.0,2.8901734104046115
2025-10-15,13:08:15.200000,993,3101,1000.0,971.0982658959539,12.987,269.0,2.8901734104046115
2025-10-15,13:08:15.208000,993,3101,1000.0,971.0982658959539,12.987,269.0,2.8901734104046115
2025-10-15,13:08:15.216000,993,3101,1000.0,971.0982658959539,12.987,269.0,2.8901734104046115
2025-10-15,13:08:15.226000,993,3101,1000.0,971.0982658959539,12.983,266.0,2.8901734104046115
2025-10-15,13:08:15.235000,993,3101,1000.0,971.0982658959539,12.987,277.0,2.8901734104046115
2025-10-15,13:08:15.244000,993,3101,1000.0,971.0982658959539,12.983,277.0,2.8901734104046115
2025-10-15,13:08:15.254000,993,3101,1000.0,982.6589595375723,12.983,280.0,1.7341040462427713
2025-10-15,13:08:15.263000,993,3101,1000.0,971.0982658959539,12.983,295.0,2.8901734104046115
2025-10-15,13:08:15.273000,993,3101,1000.0,971.0982658959539,12.983,302.0,2.8901734104046115
2025-10-15,13:08:15.283000,993,3101,1000.0,959.5375722543354,12.978,295.0,4.046242774566463
2025-10-15,13:08:15.293000,993,3101,1000.0,971.0982658959539,12.983,298.0,2.8901734104046115
2025-10-15,13:08:15.302000,993,3101,1000.0,959.5375722543354,12.987,295.0,4.046242774566463
2025-10-15,13:08:15.311000,993,3101,1000.0,971.0982658959539,12.983,302.0,2.8901734104046115
2025-10-15,13:08:15.320000,993,3101,1000.0,971.0982658959539,12.983,298.0,2.8901734104046115
2025-10-15,13:08:15.328000,993,3101,1000.0,971.0982658959539,12.983,302.0,2.8901734104046115
2025-10-15,13:08:15.338000,993,3101,1000.0,982.6589595375723,12.987,295.0,1.7341040462427713
2025-10-15,13:08:15.349000,993,3101,1000.0,971.0982658959539,12.983,295.0,2.8901734104046115
2025-10-15,13:08:15.358000,993,3101,1000.0,982.6589595375723,12.983,291.0,1.7341040462427713
2025-10-15,13:08:15.368000,993,3101,1000.0,982.6589595375723,12.983,295.0,1.7341040462427713
2025-10-15,13:08:15.378000,993,3101,1000.0,982.6589595375723,12.983,295.0,1.7341040462427713
2025-10-15,13:08:15.387000,993,3101,1000.0,982.6589595375723,12.983,291.0,1.7341040462427713
2025-10-15,13:08:15.396000,993,3101,1000.0,982.6589595375723,12.983,298.0,1.7341040462427713
2025-10-15,13:08:15.405000,993,3101,1000.0,971.0982658959539,12.987,295.0,2.8901734104046115
2025-10-15,13:08:15.414000,993,3101,1000.0,971.0982658959539,12.983,295.0,2.8901734104046115
2025-10-15,13:08:15.424000,993,3101,1000.0,971.0982658959539,12.983,291.0,2.8901734104046115
2025-10-15,13:08:15.433000,993,3101,1000.0,971.0982658959539,12.983,291.0,2.8901734104046115
2025-10-15,13:08:15.445000,993,3101,1000.0,959.5375722543354,12.987,287.0,4.046242774566463
2025-10-15,13:08:15.455000,993,3101,1000.0,982.6589595375723,12.983,295.0,1.7341040462427713
2025-10-15,13:08:15.464000,993,3101,1000.0,982.6589595375723,12.987,295.0,1.7341040462427713
2025-10-15,13:08:15.473000,993,3101,1000.0,982.6589595375723,12.987,291.0,1.7341040462427713
2025-10-15,13:08:15.483000,993,3101,1000.0,971.0982658959539,12.987,284.0,2.8901734104046115
2025-10-15,13:08:15.493000,993,3101,1000.0,982.6589595375723,12.983,280.0,1.7341040462427713
2025-10-15,13:08:15.501000,993,3101,1000.0,971.0982658959539,12.983,284.0,2.8901734104046115
2025-10-15,13:08:15.510000,993,3101,1000.0,971.0982658959539,12.983,295.0,2.8901734104046115
2025-10-15,13:08:15.519000,993,3101,1000.0,982.6589595375723,12.978,291.0,1.7341040462427713
2025-10-15,13:08:15.528000,993,3101,1000.0,982.6589595375723,12.983,291.0,1.7341040462427713
2025-10-15,13:08:15.538000,993,3101,1000.0,994.2196531791908,12.983,287.0,0.57803468208092
2025-10-15,13:08:15.547000,993,3101,1000.0,994.2196531791908,12.987,273.0,0.57803468208092
2025-10-15,13:08:15.556000,993,3101,1000.0,994.2196531791908,12.987,266.0,0.57803468208092
2025-10-15,13:08:15.565000,993,3101,1000.0,994.2196531791908,12.987,262.0,0.57803468208092
2025-10-15,13:08:15.575000,993,3101,1000.0,971.0982658959539,12.983,262.0,2.8901734104046115
2025-10-15,13:08:15.585000,993,3101,1000.0,971.0982658959539,12.987,262.0,2.8901734104046115
2025-10-15,13:08:15.594000,993,3101,1000.0,971.0982658959539,12.983,258.0,2.8901734104046115
2025-10-15,13:08:15.604000,993,3101,1000.0,971.0982658959539,12.983,269.0,2.8901734104046115
2025-10-15,13:08:15.615000,993,3101,1000.0,971.0982658959539,12.983,280.0,2.8901734104046115
2025-10-15,13:08:15.624000,993,3101,1000.0,982.6589595375723,12.983,287.0,1.7341040462427713
2025-10-15,13:08:15.636000,993,3101,1000.0,982.6589595375723,12.978,287.0,1.7341040462427713
2025-10-15,13:08:15.647000,993,3101,1000.0,982.6589595375723,12.983,291.0,1.7341040462427713
2025-10-15,13:08:15.657000,993,3101,1000.0,982.6589595375723,12.983,291.0,1.7341040462427713
2025-10-15,13:08:15.666000,993,3101,1000.0,982.6589595375723,12.987,287.0,1.7341040462427713
2025-10-15,13:08:15.675000,993,3101,1000.0,982.6589595375723,12.983,291.0,1.7341040462427713
2025-10-15,13:08:15.685000,993,3101,1000.0,982.6589595375723,12.978,295.0,1.7341040462427713
2025-10-15,13:08:15.694000,993,3101,1000.0,982.6589595375723,12.987,295.0,1.7341040462427713
2025-10-15,13:08:15.706000,993,3101,1000.0,982.6589595375723,12.987,295.0,1.7341040462427713
2025-10-15,13:08:15.717000,993,3101,1000.0,982.6589595375723,12.983,287.0,1.7341040462427713
2025-10-15,13:08:15.726000,993,3101,1000.0,982.6589595375723,12.987,291.0,1.7341040462427713
2025-10-15,13:08:15.735000,993,3101,1000.0,982.6589595375723,12.983,287.0,1.7341040462427713
2025-10-15,13:08:15.745000,993,3101,1000.0,982.6589595375723,12.987,291.0,1.7341040462427713
2025-10-15,13:08:15.755000,993,3101,1000.0,982.6589595375723,12.987,287.0,1.7341040462427713
2025-10-15,13:08:15.764000,993,3101,1000.0,982.6589595375723,12.983,287.0,1.7341040462427713
2025-10-15,13:08:15.774000,993,3101,1000.0,982.6589595375723,12.983,287.0,1.7341040462427713
2025-10-15,13:08:15.784000,993,3101,1000.0,982.6589595375723,12.983,287.0,1.7341040462427713
2025-10-15,13:08:15.794000,993,3101,1000.0,982.6589595375723,12.983,284.0,1.7341040462427713
2025-10-15,13:08:15.803000,993,3101,1000.0,982.6589595375723,12.983,284.0,1.7341040462427713
2025-10-15,13:08:15.813000,993,3101,1000.0,982.6589595375723,12.983,291.0,1.7341040462427713
2025-10-15,13:08:15.822000,993,3101,1000.0,971.0982658959539,12.987,287.0,2.8901734104046115
2025-10-15,13:08:15.832000,993,3101,1000.0,971.0982658959539,12.983,295.0,2.8901734104046115
2025-10-15,13:08:15.842000,993,3101,1000.0,971.0982658959539,12.978,291.0,2.8901734104046115
2025-10-15,13:08:15.853000,993,3101,1000.0,971.0982658959539,12.983,287.0,2.8901734104046115
2025-10-15,13:08:15.862000,993,3101,1000.0,971.0982658959539,12.987,280.0,2.8901734104046115
2025-10-15,13:08:15.871000,993,3101,1000.0,994.2196531791908,12.983,284.0,0.57803468208092
2025-10-15,13:08:15.879000,993,3101,1000.0,994.2196531791908,12.983,291.0,0.57803468208092
2025-10-15,13:08:15.888000,993,3101,1000.0,994.2196531791908,12.983,287.0,0.57803468208092
2025-10-15,13:08:15.897000,993,3101,1000.0,994.2196531791908,12.983,284.0,0.57803468208092
2025-10-15,13:08:15.905000,993,3101,1000.0,994.2196531791908,12.983,280.0,0.57803468208092
2025-10-15,13:08:15.914000,993,3101,1000.0,994.2196531791908,12.983,280.0,0.57803468208092
2025-10-15,13:08:15.923000,993,3101,1000.0,982.6589595375723,12.983,284.0,1.7341040462427713
2025-10-15,13:08:15.932000,993,3101,1000.0,982.6589595375723,12.983,287.0,1.7341040462427713
2025-10-15,13:08:15.941000,993,3101,1000.0,982.6589595375723,12.987,287.0,1.7341040462427713
2025-10-15,13:08:15.950000,993,3101,1000.0,982.6589595375723,12.987,280.0,1.7341040462427713
2025-10-15,13:08:15.964000,993,3101,1000.0,994.2196531791908,12.978,284.0,0.57803468208092
2025-10-15,13:08:15.973000,993,3101,1000.0,971.0982658959539,12.983,284.0,2.8901734104046115
2025-10-15,13:08:15.982000,993,3101,1000.0,982.6589595375723,12.983,284.0,1.7341040462427713
2025-10-15,13:08:15.990000,993,3101,1000.0,982.6589595375723,12.987,280.0,1.7341040462427713
2025-10-15,13:08:16.000000,993,3101,1000.0,994.2196531791908,12.983,284.0,0.57803468208092
2025-10-15,13:08:16.009000,993,3101,1000.0,994.2196531791908,12.983,287.0,0.57803468208092
2025-10-15,13:08:16.018000,993,3101,1000.0,982.6589595375723,12.983,284.0,1.7341040462427713
2025-10-15,13:08:16.036000,993,3101,1000.0,994.2196531791908,12.987,262.0,0.57803468208092
2025-10-15,13:08:16.046000,993,3101,1000.0,994.2196531791908,12.987,255.0,0.57803468208092
2025-10-15,13:08:16.055000,993,3101,1000.0,982.6589595375723,12.983,262.0,1.7341040462427713
2025-10-15,13:08:16.065000,993,3101,1000.0,982.6589595375723,12.987,258.0,1.7341040462427713
2025-10-15,13:08:16.076000,993,3101,1000.0,982.6589595375723,12.983,258.0,1.7341040462427713
2025-10-15,13:08:16.085000,993,3101,1000.0,982.6589595375723,12.983,277.0,1.7341040462427713
2025-10-15,13:08:16.095000,993,3101,1000.0,982.6589595375723,12.983,277.0,1.7341040462427713
2025-10-15,13:08:16.105000,993,3101,1000.0,982.6589595375723,12.978,287.0,1.7341040462427713
2025-10-15,13:08:16.114000,993,3101,1000.0,982.6589595375723,12.978,287.0,1.7341040462427713
2025-10-15,13:08:16.124000,993,3101,1000.0,982.6589595375723,12.983,287.0,1.7341040462427713
2025-10-15,13:08:16.134000,993,3101,1000.0,982.6589595375723,12.983,284.0,1.7341040462427713
2025-10-15,13:08:16.144000,993,3101,1000.0,982.6589595375723,12.983,284.0,1.7341040462427713
2025-10-15,13:08:16.152000,993,3101,1000.0,982.6589595375723,12.983,280.0,1.7341040462427713
2025-10-15,13:08:16.161000,993,3101,1000.0,982.6589595375723,12.983,280.0,1.7341040462427713
2025-10-15,13:08:16.169000,993,3101,1000.0,982.6589595375723,12.983,280.0,1.7341040462427713
2025-10-15,13:08:16.178000,993,3101,1000.0,982.6589595375723,12.983,284.0,1.7341040462427713
2025-10-15,13:08:16.185000,993,3101,1000.0,982.6589595375723,12.983,291.0,1.7341040462427713
2025-10-15,13:08:16.194000,993,3101,1000.0,982.6589595375723,12.983,291.0,1.7341040462427713
2025-10-15,13:08:16.202000,993,3101,1000.0,982.6589595375723,12.983,284.0,1.7341040462427713
2025-10-15,13:08:16.210000,993,3101,1000.0,982.6589595375723,12.983,284.0,1.7341040462427713
2025-10-15,13:08:16.221000,993,3101,1000.0,982.6589595375723,12.983,277.0,1.7341040462427713
2025-10-15,13:08:16.229000,993,3101,1000.0,982.6589595375723,12.983,280.0,1.7341040462427713
2025-10-15,13:08:16.238000,993,3101,1000.0,982.6589595375723,12.987,284.0,1.7341040462427713
2025-10-15,13:08:16.246000,993,3101,1000.0,982.6589595375723,12.978,284.0,1.7341040462427713
2025-10-15,13:08:16.255000,993,3101,1000.0,982.6589595375723,12.983,284.0,1.7341040462427713
2025-10-15,13:08:16.264000,993,3101,1000.0,982.6589595375723,12.983,284.0,1.7341040462427713
2025-10-15,13:08:16.272000,993,3101,1000.0,994.2196531791908,12.983,280.0,0.57803468208092
2025-10-15,13:08:16.280000,993,3101,1000.0,982.6589595375723,12.983,284.0,1.7341040462427713
2025-10-15,13:08:16.288000,993,3101,1000.0,982.6589595375723,12.983,284.0,1.7341040462427713
2025-10-15,13:08:16.296000,993,3101,1000.0,994.2196531791908,12.978,287.0,0.57803468208092
2025-10-15,13:08:16.305000,993,3101,1000.0,982.6589595375723,12.983,284.0,1.7341040462427713
2025-10-15,13:08:16.314000,993,3101,1000.0,994.2196531791908,12.983,284.0,0.57803468208092
2025-10-15,13:08:16.322000,993,3101,1000.0,982.6589595375723,12.983,287.0,1.7341040462427713
2025-10-15,13:08:16.331000,993,3101,1000.0,982.6589595375723,12.983,287.0,1.7341040462427713
2025-10-15,13:08:16.339000,993,3101,1000.0,982.6589595375723,12.983,280.0,1.7341040462427713
2025-10-15,13:08:16.348000,993,3101,1000.0,982.6589595375723,12.983,284.0,1.7341040462427713
2025-10-15,13:08:16.358000,993,3101,1000.0,994.2196531791908,12.983,280.0,0.57803468208092
2025-10-15,13:08:16.367000,993,3101,1000.0,982.6589595375723,12.978,287.0,1.7341040462427713
2025-10-15,13:08:16.375000,993,3101,1000.0,982.6589595375723,12.987,287.0,1.7341040462427713
2025-10-15,13:08:16.384000,993,3101,1000.0,994.2196531791908,12.983,287.0,0.57803468208092
2025-10-15,13:08:16.392000,993,3101,1000.0,982.6589595375723,12.983,284.0,1.7341040462427713
2025-10-15,13:08:16.401000,993,3101,1000.0,971.0982658959539,12.983,280.0,2.8901734104046115
2025-10-15,13:08:16.410000,993,3101,1000.0,982.6589595375723,12.983,284.0,1.7341040462427713
2025-10-15,13:08:16.418000,993,3101,1000.0,982.6589595375723,12.978,287.0,1.7341040462427713
2025-10-15,13:08:16.427000,993,3101,1000.0,982.6589595375723,12.983,291.0,1.7341040462427713
2025-10-15,13:08:16.435000,993,3101,1000.0,982.6589595375723,12.983,287.0,1.7341040462427713
2025-10-15,13:08:16.444000,993,3101,1000.0,994.2196531791908,12.983,287.0,0.57803468208092
2025-10-15,13:08:16.462000,993,3101,1000.0,971.0982658959539,12.983,277.0,2.8901734104046115
2025-10-15,13:08:16.470000,993,3101,1000.0,994.2196531791908,12.983,284.0,0.57803468208092
2025-10-15,13:08:16.481000,993,3101,1000.0,994.2196531791908,12.983,284.0,0.57803468208092
2025-10-15,13:08:16.490000,993,3101,1000.0,971.0982658959539,12.983,284.0,2.8901734104046115
2025-10-15,13:08:16.498000,993,3101,1000.0,971.0982658959539,12.983,291.0,2.8901734104046115
2025-10-15,13:08:16.507000,993,3101,1000.0,982.6589595375723,12.983,291.0,1.7341040462427713
2025-10-15,13:08:16.524000,993,3101,1000.0,982.6589595375723,12.978,287.0,1.7341040462427713
2025-10-15,13:08:16.533000,993,3101,1000.0,982.6589595375723,12.983,287.0,1.7341040462427713
2025-10-15,13:08:16.542000,993,3101,1000.0,982.6589595375723,12.983,291.0,1.7341040462427713
2025-10-15,13:08:16.550000,993,3101,1000.0,982.6589595375723,12.983,287.0,1.7341040462427713
2025-10-15,13:08:16.558000,993,3101,1000.0,982.6589595375723,12.983,287.0,1.7341040462427713
2025-10-15,13:08:16.567000,993,3101,1000.0,994.2196531791908,12.983,287.0,0.57803468208092
2025-10-15,13:08:16.575000,993,3101,1000.0,994.2196531791908,12.987,284.0,0.57803468208092
2025-10-15,13:08:16.583000,993,3101,1000.0,994.2196531791908,12.983,284.0,0.57803468208092
2025-10-15,13:08:16.600000,993,3101,1000.0,994.2196531791908,12.983,280.0,0.57803468208092
2025-10-15,13:08:16.608000,993,3101,1000.0,994.2196531791908,12.983,287.0,0.57803468208092
2025-10-15,13:08:16.618000,993,3101,1000.0,982.6589595375723,12.978,287.0,1.7341040462427713
2025-10-15,13:08:16.626000,993,3101,1000.0,982.6589595375723,12.983,284.0,1.7341040462427713
2025-10-15,13:08:16.635000,993,3101,1000.0,982.6589595375723,12.983,269.0,1.7341040462427713
2025-10-15,13:08:16.644000,993,3101,1000.0,994.2196531791908,12.983,273.0,0.57803468208092
2025-10-15,13:08:16.653000,993,3101,1000.0,994.2196531791908,12.983,273.0,0.57803468208092
2025-10-15,13:08:16.662000,993,3101,1000.0,994.2196531791908,12.983,280.0,0.57803468208092
2025-10-15,13:08:16.670000,993,3101,1000.0,982.6589595375723,12.983,284.0,1.7341040462427713
2025-10-15,13:08:16.679000,993,3101,1000.0,982.6589595375723,12.978,284.0,1.7341040462427713
2025-10-15,13:08:16.688000,993,3101,1000.0,994.2196531791908,12.978,287.0,0.57803468208092
2025-10-15,13:08:16.697000,993,3101,1000.0,982.6589595375723,12.983,284.0,1.7341040462427713
2025-10-15,13:08:16.705000,993,3101,1000.0,982.6589595375723,12.978,280.0,1.7341040462427713
2025-10-15,13:08:16.713000,993,3101,1000.0,982.6589595375723,12.983,280.0,1.7341040462427713
2025-10-15,13:08:16.723000,993,3101,1000.0,994.2196531791908,12.983,284.0,0.57803468208092
2025-10-15,13:08:16.734000,993,3101,1000.0,982.6589595375723,12.978,284.0,1.7341040462427713
2025-10-15,13:08:16.743000,993,3101,1000.0,994.2196531791908,12.983,284.0,0.57803468208092
2025-10-15,13:08:16.752000,993,3101,1000.0,982.6589595375723,12.983,280.0,1.7341040462427713
2025-10-15,13:08:16.760000,993,3101,1000.0,994.2196531791908,12.983,284.0,0.57803468208092
2025-10-15,13:08:16.770000,993,3101,1000.0,994.2196531791908,12.983,280.0,0.57803468208092
2025-10-15,13:08:16.779000,993,3101,1000.0,994.2196531791908,12.987,280.0,0.57803468208092
2025-10-15,13:08:16.788000,993,3101,1000.0,994.2196531791908,12.987,287.0,0.57803468208092
2025-10-15,13:08:16.797000,993,3101,1000.0,982.6589595375723,12.983,284.0,1.7341040462427713
2025-10-15,13:08:16.806000,993,3101,1000.0,994.2196531791908,12.983,284.0,0.57803468208092
2025-10-15,13:08:16.815000,993,3101,1000.0,982.6589595375723,12.983,277.0,1.7341040462427713
2025-10-15,13:08:16.824000,993,3101,1000.0,994.2196531791908,12.983,277.0,0.57803468208092
2025-10-15,13:08:16.833000,993,3101,1000.0,994.2196531791908,12.978,277.0,0.57803468208092
2025-10-15,13:08:16.842000,993,3101,1000.0,994.2196531791908,12.978,284.0,0.57803468208092
2025-10-15,13:08:16.852000,993,3101,1000.0,982.6589595375723,12.987,280.0,1.7341040462427713
2025-10-15,13:08:16.862000,993,3101,1000.0,994.2196531791908,12.987,287.0,0.57803468208092
2025-10-15,13:08:16.872000,993,3101,1000.0,971.0982658959539,12.987,280.0,2.8901734104046115
2025-10-15,13:08:16.881000,993,3101,1000.0,982.6589595375723,12.983,280.0,1.7341040462427713
2025-10-15,13:08:16.890000,993,3101,1000.0,971.0982658959539,12.987,284.0,2.8901734104046115
2025-10-15,13:08:16.899000,993,3101,1000.0,971.0982658959539,12.987,277.0,2.8901734104046115
2025-10-15,13:08:16.908000,993,3101,1000.0,994.2196531791908,12.983,284.0,0.57803468208092
2025-10-15,13:08:16.917000,993,3101,1000.0,994.2196531791908,12.978,287.0,0.57803468208092
2025-10-15,13:08:16.935000,993,3101,1000.0,994.2196531791908,12.983,277.0,0.57803468208092
2025-10-15,13:08:16.953000,993,3101,1000.0,994.2196531791908,12.983,273.0,0.57803468208092
2025-10-15,13:08:16.962000,993,3101,1000.0,971.0982658959539,12.983,284.0,2.8901734104046115
2025-10-15,13:08:16.972000,993,3101,1000.0,982.6589595375723,12.983,284.0,1.7341040462427713
2025-10-15,13:08:16.981000,993,3101,1000.0,971.0982658959539,12.987,284.0,2.8901734104046115
2025-10-15,13:08:16.993000,993,3101,1000.0,982.6589595375723,12.987,284.0,1.7341040462427713
2025-10-15,13:08:17.001000,993,3101,1000.0,994.2196531791908,12.987,277.0,0.57803468208092
2025-10-15,13:08:17.011000,993,3101,1000.0,994.2196531791908,12.983,280.0,0.57803468208092
2025-10-15,13:08:17.023000,993,3101,1000.0,971.0982658959539,12.983,280.0,2.8901734104046115
2025-10-15,13:08:17.043000,993,3101,1000.0,994.2196531791908,12.974,284.0,0.57803468208092
2025-10-15,13:08:17.054000,993,3101,1000.0,982.6589595375723,12.978,280.0,1.7341040462427713
2025-10-15,13:08:17.064000,993,3101,1000.0,994.2196531791908,12.978,277.0,0.57803468208092
2025-10-15,13:08:17.082000,993,3101,1000.0,994.2196531791908,12.978,280.0,0.57803468208092
2025-10-15,13:08:17.093000,993,3101,1000.0,971.0982658959539,12.974,280.0,2.8901734104046115
2025-10-15,13:08:17.102000,993,3101,1000.0,982.6589595375723,12.974,280.0,1.7341040462427713
2025-10-15,13:08:17.111000,993,3101,1000.0,994.2196531791908,12.974,284.0,0.57803468208092
2025-10-15,13:08:17.121000,993,3101,1000.0,982.6589595375723,12.978,284.0,1.7341040462427713
2025-10-15,13:08:17.133000,993,3101,1000.0,971.0982658959539,12.978,273.0,2.8901734104046115
2025-10-15,13:08:17.142000,993,3101,1000.0,994.2196531791908,12.97,280.0,0.57803468208092
2025-10-15,13:08:17.152000,993,3101,1000.0,994.2196531791908,12.974,284.0,0.57803468208092
2025-10-15,13:08:17.161000,993,3101,1000.0,982.6589595375723,12.978,284.0,1.7341040462427713
2025-10-15,13:08:17.171000,993,3101,1000.0,994.2196531791908,12.978,280.0,0.57803468208092
2025-10-15,13:08:17.181000,993,3101,1000.0,982.6589595375723,12.978,280.0,1.7341040462427713
2025-10-15,13:08:17.189000,993,3101,1000.0,982.6589595375723,12.978,280.0,1.7341040462427713
2025-10-15,13:08:17.205000,993,3101,1000.0,994.2196531791908,12.978,284.0,0.57803468208092
2025-10-15,13:08:17.214000,993,3101,1000.0,994.2196531791908,12.978,284.0,0.57803468208092
2025-10-15,13:08:17.221000,993,3101,1000.0,982.6589595375723,12.978,287.0,1.7341040462427713
2025-10-15,13:08:17.248000,993,3101,1000.0,982.6589595375723,12.978,273.0,1.7341040462427713
2025-10-15,13:08:17.256000,993,3101,1000.0,994.2196531791908,12.983,280.0,0.57803468208092
2025-10-15,13:08:17.263000,993,3101,1000.0,994.2196531791908,12.983,280.0,0.57803468208092
2025-10-15,13:08:17.279000,993,3101,1000.0,994.2196531791908,12.983,287.0,0.57803468208092
2025-10-15,13:08:17.288000,993,3101,1000.0,994.2196531791908,12.983,287.0,0.57803468208092
2025-10-15,13:08:17.296000,993,3101,1000.0,994.2196531791908,12.983,280.0,0.57803468208092
2025-10-15,13:08:17.304000,993,3101,1000.0,982.6589595375723,12.983,280.0,1.7341040462427713
2025-10-15,13:08:17.312000,993,3101,1000.0,982.6589595375723,12.983,273.0,1.7341040462427713
2025-10-15,13:08:17.320000,993,3101,1000.0,982.6589595375723,12.983,277.0,1.7341040462427713
2025-10-15,13:08:17.329000,993,3101,1000.0,982.6589595375723,12.978,284.0,1.7341040462427713
2025-10-15,13:08:17.337000,993,3101,1000.0,982.6589595375723,12.983,284.0,1.7341040462427713
2025-10-15,13:08:17.345000,993,3101,1000.0,994.2196531791908,12.983,277.0,0.57803468208092
2025-10-15,13:08:17.353000,993,3101,1000.0,994.2196531791908,12.987,277.0,0.57803468208092
2025-10-15,13:08:17.362000,993,3101,1000.0,994.2196531791908,12.987,280.0,0.57803468208092
2025-10-15,13:08:17.370000,993,3101,1000.0,982.6589595375723,12.983,277.0,1.7341040462427713
2025-10-15,13:08:17.379000,993,3101,1000.0,982.6589595375723,12.983,280.0,1.7341040462427713
2025-10-15,13:08:17.386000,993,3101,1000.0,994.2196531791908,12.983,280.0,0.57803468208092
2025-10-15,13:08:17.395000,993,3101,1000.0,982.6589595375723,12.983,280.0,1.7341040462427713
2025-10-15,13:08:17.403000,993,3101,1000.0,982.6589595375723,12.983,280.0,1.7341040462427713
2025-10-15,13:08:17.412000,993,3101,1000.0,994.2196531791908,12.983,280.0,0.57803468208092
2025-10-15,13:08:17.420000,993,3101,1000.0,994.2196531791908,12.978,284.0,0.57803468208092
2025-10-15,13:08:17.428000,993,3101,1000.0,994.2196531791908,12.978,277.0,0.57803468208092
2025-10-15,13:08:17.437000,993,3101,1000.0,994.2196531791908,12.983,280.0,0.57803468208092
2025-10-15,13:08:17.446000,993,3101,1000.0,994.2196531791908,12.978,280.0,0.57803468208092
2025-10-15,13:08:17.454000,993,3101,1000.0,994.2196531791908,12.983,280.0,0.57803468208092
2025-10-15,13:08:17.462000,993,3101,1000.0,982.6589595375723,12.983,280.0,1.7341040462427713
2025-10-15,13:08:17.470000,993,3101,1000.0,994.2196531791908,12.983,280.0,0.57803468208092
2025-10-15,13:08:17.480000,993,3101,1000.0,982.6589595375723,12.983,273.0,1.7341040462427713
2025-10-15,13:08:17.488000,993,3101,1000.0,982.6589595375723,12.983,273.0,1.7341040462427713
2025-10-15,13:08:17.497000,993,3101,1000.0,982.6589595375723,12.978,284.0,1.7341040462427713
2025-10-15,13:08:17.507000,993,3101,1000.0,982.6589595375723,12.983,280.0,1.7341040462427713
2025-10-15,13:08:17.516000,993,3101,1000.0,982.6589595375723,12.983,284.0,1.7341040462427713
2025-10-15,13:08:17.525000,993,3101,1000.0,994.2196531791908,12.983,284.0,0.57803468208092
2025-10-15,13:08:17.534000,993,3101,1000.0,982.6589595375723,12.983,284.0,1.7341040462427713
2025-10-15,13:08:17.542000,993,3101,1000.0,994.2196531791908,12.983,280.0,0.57803468208092
2025-10-15,13:08:17.550000,993,3101,1000.0,994.2196531791908,12.983,277.0,0.57803468208092
2025-10-15,13:08:17.558000,993,3101,1000.0,994.2196531791908,12.983,280.0,0.57803468208092
2025-10-15,13:08:17.566000,993,3101,1000.0,994.2196531791908,12.983,287.0,0.57803468208092
2025-10-15,13:08:17.574000,993,3101,1000.0,982.6589595375723,12.983,287.0,1.7341040462427713
2025-10-15,13:08:17.582000,993,3101,1000.0,994.2196531791908,12.983,284.0,0.57803468208092
2025-10-15,13:08:17.591000,993,3101,1000.0,982.6589595375723,12.983,280.0,1.7341040462427713
2025-10-15,13:08:17.599000,993,3101,1000.0,982.6589595375723,12.983,280.0,1.7341040462427713
2025-10-15,13:08:17.608000,993,3101,1000.0,982.6589595375723,12.978,277.0,1.7341040462427713
2025-10-15,13:08:17.617000,993,3101,1000.0,994.2196531791908,12.983,273.0,0.57803468208092
2025-10-15,13:08:17.625000,993,3101,1000.0,994.2196531791908,12.983,277.0,0.57803468208092
2025-10-15,13:08:17.635000,993,3101,1000.0,994.2196531791908,12.978,284.0,0.57803468208092
2025-10-15,13:08:17.644000,993,3101,1000.0,994.2196531791908,12.983,284.0,0.57803468208092
2025-10-15,13:08:17.653000,993,3101,1000.0,994.2196531791908,12.983,284.0,0.57803468208092
2025-10-15,13:08:17.663000,993,3101,1000.0,982.6589595375723,12.983,280.0,1.7341040462427713
2025-10-15,13:08:17.672000,993,3101,1000.0,982.6589595375723,12.983,269.0,1.7341040462427713
2025-10-15,13:08:17.680000,993,3101,1000.0,982.6589595375723,12.983,280.0,1.7341040462427713
2025-10-15,13:08:17.689000,993,3101,1000.0,982.6589595375723,12.978,284.0,1.7341040462427713
2025-10-15,13:08:17.697000,993,3101,1000.0,982.6589595375723,12.978,284.0,1.7341040462427713
2025-10-15,13:08:17.705000,993,3101,1000.0,982.6589595375723,12.983,284.0,1.7341040462427713
2025-10-15,13:08:17.713000,993,3101,1000.0,982.6589595375723,12.983,284.0,1.7341040462427713
2025-10-15,13:08:17.722000,993,3101,1000.0,971.0982658959539,12.978,284.0,2.8901734104046115
2025-10-15,13:08:17.730000,993,3101,1000.0,971.0982658959539,12.983,284.0,2.8901734104046115
2025-10-15,13:08:17.738000,993,3101,1000.0,971.0982658959539,12.983,277.0,2.8901734104046115
2025-10-15,13:08:17.746000,993,3101,1000.0,994.2196531791908,12.978,284.0,0.57803468208092
2025-10-15,13:08:17.754000,993,3101,1000.0,994.2196531791908,12.978,284.0,0.57803468208092
2025-10-15,13:08:17.765000,993,3101,1000.0,994.2196531791908,12.978,280.0,0.57803468208092
2025-10-15,13:08:17.781000,993,3101,1000.0,994.2196531791908,12.983,291.0,0.57803468208092
2025-10-15,13:08:17.789000,993,3101,1000.0,982.6589595375723,12.978,284.0,1.7341040462427713
2025-10-15,13:08:17.798000,993,3101,1000.0,982.6589595375723,12.983,277.0,1.7341040462427713
2025-10-15,13:08:17.805000,993,3101,1000.0,982.6589595375723,12.978,284.0,1.7341040462427713
2025-10-15,13:08:17.814000,993,3101,1000.0,982.6589595375723,12.983,284.0,1.7341040462427713
2025-10-15,13:08:17.822000,993,3101,1000.0,982.6589595375723,12.983,291.0,1.7341040462427713
2025-10-15,13:08:17.831000,993,3101,1000.0,982.6589595375723,12.978,291.0,1.7341040462427713
2025-10-15,13:08:17.840000,993,3101,1000.0,982.6589595375723,12.983,280.0,1.7341040462427713
2025-10-15,13:08:17.848000,993,3101,1000.0,982.6589595375723,12.983,284.0,1.7341040462427713
2025-10-15,13:08:17.856000,993,3101,1000.0,982.6589595375723,12.983,280.0,1.7341040462427713
2025-10-15,13:08:17.866000,993,3101,1000.0,982.6589595375723,12.983,287.0,1.7341040462427713
2025-10-15,13:08:17.875000,993,3101,1000.0,994.2196531791908,12.983,287.0,0.57803468208092
2025-10-15,13:08:17.892000,993,3101,1000.0,971.0982658959539,12.983,284.0,2.8901734104046115
2025-10-15,13:08:17.900000,993,3101,1000.0,994.2196531791908,12.983,287.0,0.57803468208092
2025-10-15,13:08:17.910000,993,3101,1000.0,994.2196531791908,12.983,280.0,0.57803468208092
2025-10-15,13:08:17.919000,993,3101,1000.0,994.2196531791908,12.978,287.0,0.57803468208092
2025-10-15,13:08:17.928000,993,3101,1000.0,982.6589595375723,12.983,280.0,1.7341040462427713
2025-10-15,13:08:17.937000,993,3101,1000.0,982.6589595375723,12.983,284.0,1.7341040462427713
2025-10-15,13:08:17.955000,993,3101,1000.0,982.6589595375723,12.983,291.0,1.7341040462427713
2025-10-15,13:08:17.964000,993,3101,1000.0,982.6589595375723,12.983,284.0,1.7341040462427713
2025-10-15,13:08:17.974000,993,3101,1000.0,982.6589595375723,12.983,284.0,1.7341040462427713
2025-10-15,13:08:17.985000,993,3101,1000.0,994.2196531791908,12.978,284.0,0.57803468208092
2025-10-15,13:08:17.995000,993,3101,1000.0,994.2196531791908,12.983,284.0,0.57803468208092
2025-10-15,13:08:18.004000,993,3101,1000.0,994.2196531791908,12.983,284.0,0.57803468208092
2025-10-15,13:08:18.013000,993,3101,1000.0,994.2196531791908,12.983,287.0,0.57803468208092
2025-10-15,13:08:18.024000,993,3101,1000.0,994.2196531791908,12.987,277.0,0.57803468208092
2025-10-15,13:08:18.034000,993,3101,1000.0,982.6589595375723,12.983,277.0,1.7341040462427713
2025-10-15,13:08:18.043000,993,3101,1000.0,982.6589595375723,12.983,273.0,1.7341040462427713
2025-10-15,13:08:18.052000,993,3101,1000.0,982.6589595375723,12.983,280.0,1.7341040462427713
2025-10-15,13:08:18.063000,993,3101,1000.0,971.0982658959539,12.978,287.0,2.8901734104046115
2025-10-15,13:08:18.073000,993,3101,1000.0,994.2196531791908,12.983,280.0,0.57803468208092
2025-10-15,13:08:18.084000,993,3101,1000.0,982.6589595375723,12.983,277.0,1.7341040462427713
2025-10-15,13:08:18.095000,993,3101,1000.0,994.2196531791908,12.978,280.0,0.57803468208092
2025-10-15,13:08:18.105000,993,3101,1000.0,994.2196531791908,12.983,284.0,0.57803468208092
2025-10-15,13:08:18.124000,993,3101,1000.0,982.6589595375723,12.983,284.0,1.7341040462427713
2025-10-15,13:08:18.134000,993,3101,1000.0,994.2196531791908,12.978,284.0,0.57803468208092
2025-10-15,13:08:18.143000,993,3101,1000.0,982.6589595375723,12.978,287.0,1.7341040462427713
2025-10-15,13:08:18.151000,993,3101,1000.0,982.6589595375723,12.983,284.0,1.7341040462427713
2025-10-15,13:08:18.160000,993,3101,1000.0,971.0982658959539,12.983,280.0,2.8901734104046115
2025-10-15,13:08:18.169000,993,3101,1000.0,971.0982658959539,12.978,284.0,2.8901734104046115
2025-10-15,13:08:18.177000,993,3101,1000.0,982.6589595375723,12.978,291.0,1.7341040462427713
2025-10-15,13:08:18.185000,993,3101,1000.0,994.2196531791908,12.978,287.0,0.57803468208092
2025-10-15,13:08:18.194000,993,3101,1000.0,994.2196531791908,12.983,284.0,0.57803468208092
2025-10-15,13:08:18.202000,993,3101,1000.0,994.2196531791908,12.983,284.0,0.57803468208092
2025-10-15,13:08:18.211000,993,3101,1000.0,994.2196531791908,12.983,280.0,0.57803468208092
2025-10-15,13:08:18.219000,993,3101,1000.0,994.2196531791908,12.983,280.0,0.57803468208092
2025-10-15,13:08:18.227000,993,3101,1000.0,994.2196531791908,12.978,280.0,0.57803468208092
2025-10-15,13:08:18.235000,993,3101,1000.0,982.6589595375723,12.983,284.0,1.7341040462427713
2025-10-15,13:08:18.244000,993,3101,1000.0,982.6589595375723,12.983,284.0,1.7341040462427713
2025-10-15,13:08:18.252000,993,3101,1000.0,982.6589595375723,12.983,284.0,1.7341040462427713
2025-10-15,13:08:18.261000,993,3101,1000.0,982.6589595375723,12.983,280.0,1.7341040462427713
2025-10-15,13:08:18.270000,993,3101,1000.0,971.0982658959539,12.983,284.0,2.8901734104046115
2025-10-15,13:08:18.280000,993,3101,1000.0,971.0982658959539,12.983,277.0,2.8901734104046115
2025-10-15,13:08:18.291000,993,3101,1000.0,982.6589595375723,12.978,280.0,1.7341040462427713
2025-10-15,13:08:18.300000,993,3101,1000.0,982.6589595375723,12.983,287.0,1.7341040462427713
2025-10-15,13:08:18.308000,993,3101,1000.0,982.6589595375723,12.983,284.0,1.7341040462427713
2025-10-15,13:08:18.334000,993,3101,1000.0,994.2196531791908,12.983,284.0,0.57803468208092
2025-10-15,13:08:18.343000,993,3101,1000.0,994.2196531791908,12.983,280.0,0.57803468208092
2025-10-15,13:08:18.352000,993,3101,1000.0,982.6589595375723,12.983,284.0,1.7341040462427713
2025-10-15,13:08:18.362000,993,3101,1000.0,971.0982658959539,12.983,277.0,2.8901734104046115
2025-10-15,13:08:18.374000,993,3101,1000.0,982.6589595375723,12.983,295.0,1.7341040462427713
2025-10-15,13:08:18.384000,993,3101,1000.0,994.2196531791908,12.983,280.0,0.57803468208092
2025-10-15,13:08:18.394000,993,3101,1000.0,994.2196531791908,12.983,284.0,0.57803468208092
2025-10-15,13:08:18.421000,993,3101,1000.0,994.2196531791908,12.978,284.0,0.57803468208092
2025-10-15,13:08:18.430000,993,3101,1000.0,982.6589595375723,12.983,287.0,1.7341040462427713
2025-10-15,13:08:18.438000,993,3101,1000.0,982.6589595375723,12.978,287.0,1.7341040462427713
2025-10-15,13:08:18.447000,993,3101,1000.0,982.6589595375723,12.978,287.0,1.7341040462427713
2025-10-15,13:08:18.456000,993,3101,1000.0,994.2196531791908,12.978,287.0,0.57803468208092
2025-10-15,13:08:18.464000,993,3101,1000.0,994.2196531791908,12.978,284.0,0.57803468208092
2025-10-15,13:08:18.475000,993,3101,1000.0,994.2196531791908,12.978,284.0,0.57803468208092
2025-10-15,13:08:18.484000,993,3101,1000.0,994.2196531791908,12.983,284.0,0.57803468208092
2025-10-15,13:08:18.493000,993,3101,1000.0,994.2196531791908,12.983,284.0,0.57803468208092
2025-10-15,13:08:18.502000,993,3101,1000.0,982.6589595375723,12.983,284.0,1.7341040462427713
2025-10-15,13:08:18.511000,993,3101,1000.0,971.0982658959539,12.983,287.0,2.8901734104046115
2025-10-15,13:08:18.519000,993,3101,1000.0,994.2196531791908,12.983,284.0,0.57803468208092
2025-10-15,13:08:18.527000,993,3101,1000.0,994.2196531791908,12.983,287.0,0.57803468208092
2025-10-15,13:08:18.537000,993,3101,1000.0,982.6589595375723,12.978,287.0,1.7341040462427713
2025-10-15,13:08:18.546000,993,3101,1000.0,994.2196531791908,12.978,287.0,0.57803468208092
2025-10-15,13:08:18.554000,993,3101,1000.0,994.2196531791908,12.978,287.0,0.57803468208092
2025-10-15,13:08:18.571000,993,3101,1000.0,971.0982658959539,12.983,287.0,2.8901734104046115
2025-10-15,13:08:18.579000,993,3101,1000.0,994.2196531791908,12.983,284.0,0.57803468208092
2025-10-15,13:08:18.587000,993,3101,1000.0,994.2196531791908,12.978,284.0,0.57803468208092
2025-10-15,13:08:18.596000,993,3101,1000.0,982.6589595375723,12.978,284.0,1.7341040462427713
2025-10-15,13:08:18.604000,993,3101,1000.0,982.6589595375723,12.983,291.0,1.7341040462427713
2025-10-15,13:08:18.613000,993,3101,1000.0,994.2196531791908,12.978,291.0,0.57803468208092
2025-10-15,13:08:18.623000,993,3101,1000.0,994.2196531791908,12.978,287.0,0.57803468208092
2025-10-15,13:08:18.633000,993,3101,1000.0,994.2196531791908,12.978,284.0,0.57803468208092
2025-10-15,13:08:18.643000,993,3101,1000.0,994.2196531791908,12.978,280.0,0.57803468208092
2025-10-15,13:08:18.653000,993,3101,1000.0,994.2196531791908,12.978,273.0,0.57803468208092
2025-10-15,13:08:18.660000,993,3101,1000.0,971.0982658959539,12.978,280.0,2.8901734104046115
2025-10-15,13:08:18.669000,993,3101,1000.0,994.2196531791908,12.983,280.0,0.57803468208092
2025-10-15,13:08:18.677000,993,3101,1000.0,994.2196531791908,12.974,306.0,0.57803468208092
2025-10-15,13:08:18.686000,993,3101,1000.0,994.2196531791908,12.974,320.0,0.57803468208092
2025-10-15,13:08:18.696000,993,3101,1000.0,994.2196531791908,12.978,320.0,0.57803468208092
2025-10-15,13:08:18.705000,993,3101,1000.0,994.2196531791908,12.978,317.0,0.57803468208092
2025-10-15,13:08:18.725000,993,3101,1000.0,982.6589595375723,12.978,306.0,1.7341040462427713
2025-10-15,13:08:18.734000,993,3101,1000.0,994.2196531791908,12.983,291.0,0.57803468208092
2025-10-15,13:08:18.743000,993,3101,1000.0,994.2196531791908,12.983,291.0,0.57803468208092
2025-10-15,13:08:18.752000,993,3101,1000.0,994.2196531791908,12.987,284.0,0.57803468208092
2025-10-15,13:08:18.761000,993,3101,1000.0,982.6589595375723,12.987,277.0,1.7341040462427713
2025-10-15,13:08:18.780000,993,3101,1000.0,994.2196531791908,12.978,280.0,0.57803468208092
2025-10-15,13:08:18.792000,993,3101,1000.0,994.2196531791908,12.978,273.0,0.57803468208092
2025-10-15,13:08:18.802000,993,3101,1000.0,982.6589595375723,12.983,277.0,1.7341040462427713
2025-10-15,13:08:18.821000,993,3101,1000.0,994.2196531791908,12.983,280.0,0.57803468208092
2025-10-15,13:08:18.830000,993,3101,1000.0,971.0982658959539,12.983,280.0,2.8901734104046115
2025-10-15,13:08:18.838000,993,3101,1000.0,971.0982658959539,12.978,280.0,2.8901734104046115
2025-10-15,13:08:18.847000,993,3101,1000.0,994.2196531791908,12.978,280.0,0.57803468208092
2025-10-15,13:08:18.865000,993,3101,1000.0,994.2196531791908,12.983,277.0,0.57803468208092
2025-10-15,13:08:18.876000,993,3101,1000.0,994.2196531791908,12.983,277.0,0.57803468208092
2025-10-15,13:08:18.897000,993,3101,1000.0,994.2196531791908,12.978,284.0,0.57803468208092
2025-10-15,13:08:18.908000,993,3101,1000.0,994.2196531791908,12.983,284.0,0.57803468208092
2025-10-15,13:08:18.919000,993,3101,1000.0,994.2196531791908,12.983,280.0,0.57803468208092
2025-10-15,13:08:18.930000,993,3101,1000.0,994.2196531791908,12.978,284.0,0.57803468208092
2025-10-15,13:08:18.941000,993,3101,1000.0,994.2196531791908,12.983,277.0,0.57803468208092
2025-10-15,13:08:18.952000,993,3101,1000.0,994.2196531791908,12.983,280.0,0.57803468208092
2025-10-15,13:08:18.963000,993,3101,1000.0,982.6589595375723,12.983,284.0,1.7341040462427713
2025-10-15,13:08:18.974000,993,3101,1000.0,994.2196531791908,12.983,280.0,0.57803468208092
2025-10-15,13:08:18.983000,993,3101,1000.0,971.0982658959539,12.983,284.0,2.8901734104046115
2025-10-15,13:08:18.994000,993,3101,1000.0,994.2196531791908,12.983,287.0,0.57803468208092
2025-10-15,13:08:19.004000,993,3101,1000.0,994.2196531791908,12.983,280.0,0.57803468208092
2025-10-15,13:08:19.023000,993,3101,1000.0,994.2196531791908,12.983,277.0,0.57803468208092
2025-10-15,13:08:19.042000,993,3101,1000.0,982.6589595375723,12.983,287.0,1.7341040462427713
2025-10-15,13:08:19.054000,993,3101,1000.0,994.2196531791908,12.983,284.0,0.57803468208092
2025-10-15,13:08:19.064000,993,3101,1000.0,994.2196531791908,12.983,280.0,0.57803468208092
2025-10-15,13:08:19.073000,993,3101,1000.0,994.2196531791908,12.983,273.0,0.57803468208092
2025-10-15,13:08:19.082000,993,3101,1000.0,994.2196531791908,12.983,277.0,0.57803468208092
2025-10-15,13:08:19.092000,993,3101,1000.0,994.2196531791908,12.983,284.0,0.57803468208092
2025-10-15,13:08:19.102000,993,3101,1000.0,994.2196531791908,12.978,284.0,0.57803468208092
2025-10-15,13:08:19.111000,993,3101,1000.0,994.2196531791908,12.978,284.0,0.57803468208092
2025-10-15,13:08:19.121000,993,3101,1000.0,994.2196531791908,12.978,284.0,0.57803468208092
2025-10-15,13:08:19.131000,993,3101,1000.0,982.6589595375723,12.978,280.0,1.7341040462427713
2025-10-15,13:08:19.142000,993,3101,1000.0,982.6589595375723,12.978,277.0,1.7341040462427713
2025-10-15,13:08:19.153000,993,3101,1000.0,982.6589595375723,12.978,284.0,1.7341040462427713
2025-10-15,13:08:19.162000,993,3101,1000.0,994.2196531791908,12.978,280.0,0.57803468208092
2025-10-15,13:08:19.172000,993,3101,1000.0,971.0982658959539,12.983,287.0,2.8901734104046115
2025-10-15,13:08:19.218000,993,3101,1000.0,994.2196531791908,12.983,284.0,0.57803468208092
2025-10-15,13:08:19.237000,993,3101,1000.0,994.2196531791908,12.983,280.0,0.57803468208092
2025-10-15,13:08:19.247000,993,3101,1000.0,994.2196531791908,12.983,280.0,0.57803468208092
2025-10-15,13:08:19.256000,993,3101,1000.0,994.2196531791908,12.983,284.0,0.57803468208092
2025-10-15,13:08:19.265000,993,3101,1000.0,994.2196531791908,12.983,284.0,0.57803468208092
2025-10-15,13:08:19.275000,993,3101,1000.0,994.2196531791908,12.983,291.0,0.57803468208092
2025-10-15,13:08:19.284000,993,3101,1000.0,994.2196531791908,12.983,291.0,0.57803468208092
2025-10-15,13:08:19.294000,993,3101,1000.0,994.2196531791908,12.983,280.0,0.57803468208092
2025-10-15,13:08:19.304000,993,3101,1000.0,994.2196531791908,12.983,280.0,0.57803468208092
2025-10-15,13:08:19.317000,993,3101,1000.0,994.2196531791908,12.983,273.0,0.57803468208092
2025-10-15,13:08:19.326000,993,3101,1000.0,994.2196531791908,12.983,284.0,0.57803468208092
2025-10-15,13:08:19.335000,993,3101,1000.0,994.2196531791908,12.978,280.0,0.57803468208092
2025-10-15,13:08:19.344000,993,3101,1000.0,994.2196531791908,12.983,287.0,0.57803468208092
2025-10-15,13:08:19.353000,993,3101,1000.0,994.2196531791908,12.983,287.0,0.57803468208092
2025-10-15,13:08:19.363000,993,3101,1000.0,994.2196531791908,12.983,280.0,0.57803468208092
2025-10-15,13:08:19.372000,993,3101,1000.0,982.6589595375723,12.983,273.0,1.7341040462427713
2025-10-15,13:08:19.383000,993,3101,1000.0,982.6589595375723,12.983,277.0,1.7341040462427713
2025-10-15,13:08:19.391000,993,3101,1000.0,994.2196531791908,12.978,280.0,0.57803468208092
2025-10-15,13:08:19.401000,993,3101,1000.0,994.2196531791908,12.983,280.0,0.57803468208092
2025-10-15,13:08:19.412000,993,3101,1000.0,994.2196531791908,12.983,284.0,0.57803468208092
2025-10-15,13:08:19.440000,993,3101,1000.0,982.6589595375723,12.983,277.0,1.7341040462427713
2025-10-15,13:08:19.450000,993,3101,1000.0,994.2196531791908,12.983,277.0,0.57803468208092
2025-10-15,13:08:19.459000,993,3101,1000.0,994.2196531791908,12.978,287.0,0.57803468208092
2025-10-15,13:08:19.469000,993,3101,1000.0,994.2196531791908,12.983,280.0,0.57803468208092
2025-10-15,13:08:19.478000,993,3101,1000.0,994.2196531791908,12.978,284.0,0.57803468208092
2025-10-15,13:08:19.487000,993,3101,1000.0,994.2196531791908,12.983,280.0,0.57803468208092
2025-10-15,13:08:19.506000,993,3101,1000.0,971.0982658959539,12.983,280.0,2.8901734104046115
2025-10-15,13:08:19.515000,993,3101,1000.0,994.2196531791908,12.978,280.0,0.57803468208092
2025-10-15,13:08:19.524000,993,3101,1000.0,994.2196531791908,12.983,280.0,0.57803468208092
2025-10-15,13:08:19.533000,993,3101,1000.0,994.2196531791908,12.983,280.0,0.57803468208092
2025-10-15,13:08:19.541000,993,3101,1000.0,994.2196531791908,12.978,284.0,0.57803468208092
2025-10-15,13:08:19.561000,993,3101,1000.0,982.6589595375723,12.974,291.0,1.7341040462427713
2025-10-15,13:08:19.573000,993,3101,1000.0,994.2196531791908,12.983,284.0,0.57803468208092
2025-10-15,13:08:19.583000,993,3101,1000.0,994.2196531791908,12.983,284.0,0.57803468208092
2025-10-15,13:08:19.595000,993,3101,1000.0,994.2196531791908,12.978,287.0,0.57803468208092
2025-10-15,13:08:19.629000,993,3101,1000.0,994.2196531791908,12.978,284.0,0.57803468208092
2025-10-15,13:08:19.641000,993,3101,1000.0,982.6589595375723,12.974,287.0,1.7341040462427713
2025-10-15,13:08:19.651000,993,3101,1000.0,994.2196531791908,12.978,284.0,0.57803468208092
2025-10-15,13:08:19.660000,993,3101,1000.0,982.6589595375723,12.978,280.0,1.7341040462427713
2025-10-15,13:08:19.667000,993,3101,1000.0,982.6589595375723,12.974,277.0,1.7341040462427713
2025-10-15,13:08:19.675000,993,3101,1000.0,994.2196531791908,12.97,280.0,0.57803468208092
2025-10-15,13:08:19.683000,993,3101,1000.0,994.2196531791908,12.974,280.0,0.57803468208092
2025-10-15,13:08:19.705000,993,3101,1000.0,994.2196531791908,12.983,284.0,0.57803468208092
2025-10-15,13:08:19.713000,993,3101,1000.0,994.2196531791908,12.978,284.0,0.57803468208092
2025-10-15,13:08:19.722000,993,3101,1000.0,982.6589595375723,12.978,280.0,1.7341040462427713
2025-10-15,13:08:19.752000,993,3101,1000.0,994.2196531791908,12.978,277.0,0.57803468208092
2025-10-15,13:08:19.761000,993,3101,1000.0,994.2196531791908,12.983,280.0,0.57803468208092
2025-10-15,13:08:19.769000,993,3101,1000.0,994.2196531791908,12.978,284.0,0.57803468208092
2025-10-15,13:08:19.778000,993,3101,1000.0,994.2196531791908,12.978,280.0,0.57803468208092
2025-10-15,13:08:19.787000,993,3101,1000.0,994.2196531791908,12.978,280.0,0.57803468208092
2025-10-15,13:08:19.795000,993,3101,1000.0,994.2196531791908,12.978,287.0,0.57803468208092
2025-10-15,13:08:19.804000,993,3101,1000.0,994.2196531791908,12.978,287.0,0.57803468208092
2025-10-15,13:08:19.832000,993,3101,1000.0,982.6589595375723,12.978,280.0,1.7341040462427713
2025-10-15,13:08:19.841000,993,3101,1000.0,994.2196531791908,12.983,280.0,0.57803468208092
2025-10-15,13:08:19.849000,993,3101,1000.0,994.2196531791908,12.978,280.0,0.57803468208092
2025-10-15,13:08:19.857000,993,3101,1000.0,994.2196531791908,12.983,280.0,0.57803468208092
2025-10-15,13:08:19.866000,993,3101,1000.0,994.2196531791908,12.978,284.0,0.57803468208092
2025-10-15,13:08:19.875000,993,3101,1000.0,994.2196531791908,12.978,287.0,0.57803468208092
2025-10-15,13:08:19.891000,993,3101,1000.0,994.2196531791908,12.983,284.0,0.57803468208092
2025-10-15,13:08:19.900000,993,3101,1000.0,994.2196531791908,12.983,280.0,0.57803468208092
2025-10-15,13:08:19.936000,993,3101,1000.0,994.2196531791908,12.978,291.0,0.57803468208092
2025-10-15,13:08:19.946000,993,3101,1000.0,994.2196531791908,12.978,295.0,0.57803468208092
2025-10-15,13:08:19.955000,993,3101,1000.0,994.2196531791908,12.983,280.0,0.57803468208092
2025-10-15,13:08:19.964000,993,3101,1000.0,994.2196531791908,12.978,277.0,0.57803468208092
2025-10-15,13:08:19.974000,993,3101,1000.0,982.6589595375723,12.978,277.0,1.7341040462427713
2025-10-15,13:08:19.984000,993,3101,1000.0,994.2196531791908,12.978,280.0,0.57803468208092
2025-10-15,13:08:19.993000,993,3101,1000.0,994.2196531791908,12.983,284.0,0.57803468208092
2025-10-15,13:08:20.003000,993,3101,1000.0,994.2196531791908,12.983,284.0,0.57803468208092
2025-10-15,13:08:20.014000,993,3101,1000.0,982.6589595375723,12.983,284.0,1.7341040462427713
2025-10-15,13:08:20.032000,993,3101,1000.0,994.2196531791908,12.983,277.0,0.57803468208092
2025-10-15,13:08:20.041000,993,3101,1000.0,982.6589595375723,12.978,284.0,1.7341040462427713
2025-10-15,13:08:20.060000,993,3101,1000.0,994.2196531791908,12.983,287.0,0.57803468208092
2025-10-15,13:08:20.069000,993,3101,1000.0,994.2196531791908,12.974,284.0,0.57803468208092
2025-10-15,13:08:20.078000,993,3101,1000.0,994.2196531791908,12.983,284.0,0.57803468208092
2025-10-15,13:08:20.092000,993,3101,1000.0,994.2196531791908,12.978,277.0,0.57803468208092
2025-10-15,13:08:20.101000,993,3101,1000.0,982.6589595375723,12.978,277.0,1.7341040462427713
2025-10-15,13:08:20.119000,993,3101,1000.0,994.2196531791908,12.978,284.0,0.57803468208092
2025-10-15,13:08:20.131000,993,3101,1000.0,994.2196531791908,12.978,280.0,0.57803468208092
2025-10-15,13:08:20.144000,993,3101,1000.0,994.2196531791908,12.978,284.0,0.57803468208092
2025-10-15,13:08:20.163000,993,3101,1000.0,994.2196531791908,12.978,284.0,0.57803468208092
2025-10-15,13:08:20.182000,993,3101,1000.0,982.6589595375723,12.983,284.0,1.7341040462427713
2025-10-15,13:08:20.191000,993,3101,1000.0,994.2196531791908,12.978,284.0,0.57803468208092
2025-10-15,13:08:20.200000,993,3101,1000.0,982.6589595375723,12.983,287.0,1.7341040462427713
2025-10-15,13:08:20.210000,993,3101,1000.0,994.2196531791908,12.978,280.0,0.57803468208092
2025-10-15,13:08:20.219000,993,3101,1000.0,994.2196531791908,12.983,280.0,0.57803468208092
2025-10-15,13:08:20.228000,993,3101,1000.0,994.2196531791908,12.978,284.0,0.57803468208092
2025-10-15,13:08:20.248000,993,3101,1000.0,994.2196531791908,12.983,287.0,0.57803468208092
2025-10-15,13:08:20.277000,993,3101,1000.0,994.2196531791908,12.978,284.0,0.57803468208092
2025-10-15,13:08:20.285000,993,3101,1000.0,994.2196531791908,12.978,284.0,0.57803468208092
2025-10-15,13:08:20.294000,993,3101,1000.0,994.2196531791908,12.978,284.0,0.57803468208092
2025-10-15,13:08:20.311000,993,3101,1000.0,982.6589595375723,12.983,284.0,1.7341040462427713
2025-10-15,13:08:20.321000,993,3101,1000.0,994.2196531791908,12.983,277.0,0.57803468208092
2025-10-15,13:08:20.330000,993,3101,1000.0,982.6589595375723,12.983,277.0,1.7341040462427713
2025-10-15,13:08:20.352000,993,3101,1000.0,994.2196531791908,12.978,280.0,0.57803468208092
2025-10-15,13:08:20.360000,993,3101,1000.0,994.2196531791908,12.983,277.0,0.57803468208092
2025-10-15,13:08:20.368000,993,3101,1000.0,994.2196531791908,12.978,284.0,0.57803468208092
2025-10-15,13:08:20.376000,993,3101,1000.0,994.2196531791908,12.983,280.0,0.57803468208092
2025-10-15,13:08:20.394000,993,3101,1000.0,982.6589595375723,12.983,273.0,1.7341040462427713
2025-10-15,13:08:20.403000,993,3101,1000.0,994.2196531791908,12.983,273.0,0.57803468208092
2025-10-15,13:08:20.436000,993,3101,1000.0,994.2196531791908,12.983,280.0,0.57803468208092
2025-10-15,13:08:20.456000,993,3101,1000.0,994.2196531791908,12.978,280.0,0.57803468208092
2025-10-15,13:08:20.464000,993,3101,1000.0,994.2196531791908,12.978,277.0,0.57803468208092
2025-10-15,13:08:20.472000,993,3101,1000.0,994.2196531791908,12.978,277.0,0.57803468208092
2025-10-15,13:08:20.480000,993,3101,1000.0,982.6589595375723,12.978,284.0,1.7341040462427713
2025-10-15,13:08:20.489000,993,3101,1000.0,982.6589595375723,12.978,280.0,1.7341040462427713
2025-10-15,13:08:20.497000,993,3101,1000.0,994.2196531791908,12.978,280.0,0.57803468208092
2025-10-15,13:08:20.505000,993,3101,1000.0,994.2196531791908,12.978,277.0,0.57803468208092
2025-10-15,13:08:20.514000,993,3101,1000.0,994.2196531791908,12.978,284.0,0.57803468208092
2025-10-15,13:08:20.523000,993,3101,1000.0,994.2196531791908,12.978,284.0,0.57803468208092
2025-10-15,13:08:20.539000,993,3101,1000.0,982.6589595375723,12.978,284.0,1.7341040462427713
2025-10-15,13:08:20.549000,993,3101,1000.0,982.6589595375723,12.983,284.0,1.7341040462427713
2025-10-15,13:08:20.565000,993,3101,1000.0,994.2196531791908,12.983,284.0,0.57803468208092
2025-10-15,13:08:20.574000,993,3101,1000.0,994.2196531791908,12.978,284.0,0.57803468208092
2025-10-15,13:08:20.583000,993,3101,1000.0,994.2196531791908,12.978,277.0,0.57803468208092
2025-10-15,13:08:20.600000,993,3101,1000.0,994.2196531791908,12.983,291.0,0.57803468208092
2025-10-15,13:08:20.612000,993,3101,1000.0,994.2196531791908,12.978,284.0,0.57803468208092
2025-10-15,13:08:20.621000,993,3101,1000.0,994.2196531791908,12.983,284.0,0.57803468208092
2025-10-15,13:08:20.630000,993,3101,1000.0,982.6589595375723,12.983,277.0,1.7341040462427713
2025-10-15,13:08:20.641000,993,3101,1000.0,994.2196531791908,12.978,280.0,0.57803468208092
2025-10-15,13:08:20.655000,993,3101,1000.0,994.2196531791908,12.978,287.0,0.57803468208092
2025-10-15,13:08:20.664000,993,3101,1000.0,994.2196531791908,12.978,284.0,0.57803468208092
2025-10-15,13:08:20.702000,993,3101,1000.0,994.2196531791908,12.978,277.0,0.57803468208092
2025-10-15,13:08:20.712000,993,3101,1000.0,994.2196531791908,12.983,277.0,0.57803468208092
2025-10-15,13:08:20.723000,993,3101,1000.0,994.2196531791908,12.978,291.0,0.57803468208092
2025-10-15,13:08:20.732000,993,3101,1000.0,994.2196531791908,12.978,287.0,0.57803468208092
2025-10-15,13:08:20.741000,993,3101,1000.0,994.2196531791908,12.978,284.0,0.57803468208092
2025-10-15,13:08:20.750000,993,3101,1000.0,982.6589595375723,12.983,277.0,1.7341040462427713
2025-10-15,13:08:20.769000,993,3101,1000.0,994.2196531791908,12.978,284.0,0.57803468208092
2025-10-15,13:08:20.779000,993,3101,1000.0,994.2196531791908,12.983,291.0,0.57803468208092
2025-10-15,13:08:20.788000,993,3101,1000.0,994.2196531791908,12.978,287.0,0.57803468208092
2025-10-15,13:08:20.797000,993,3101,1000.0,994.2196531791908,12.978,280.0,0.57803468208092
2025-10-15,13:08:20.814000,993,3101,1000.0,994.2196531791908,12.978,284.0,0.57803468208092
2025-10-15,13:08:20.822000,993,3101,1000.0,994.2196531791908,12.978,284.0,0.57803468208092
2025-10-15,13:08:20.831000,993,3101,1000.0,982.6589595375723,12.978,280.0,1.7341040462427713
2025-10-15,13:08:20.840000,993,3101,1000.0,994.2196531791908,12.983,284.0,0.57803468208092
2025-10-15,13:08:20.849000,993,3101,1000.0,994.2196531791908,12.978,287.0,0.57803468208092
2025-10-15,13:08:20.859000,993,3101,1000.0,994.2196531791908,12.978,287.0,0.57803468208092
2025-10-15,13:08:20.871000,993,3101,1000.0,994.2196531791908,12.978,284.0,0.57803468208092
2025-10-15,13:08:20.880000,993,3101,1000.0,994.2196531791908,12.978,280.0,0.57803468208092
2025-10-15,13:08:20.900000,993,3101,1000.0,982.6589595375723,12.978,291.0,1.7341040462427713
2025-10-15,13:08:20.909000,993,3101,1000.0,982.6589595375723,12.978,284.0,1.7341040462427713
2025-10-15,13:08:20.918000,993,3101,1000.0,994.2196531791908,12.983,277.0,0.57803468208092
2025-10-15,13:08:20.945000,993,3101,1000.0,994.2196531791908,12.978,287.0,0.57803468208092
2025-10-15,13:08:20.973000,993,3101,1000.0,994.2196531791908,12.978,287.0,0.57803468208092
2025-10-15,13:08:20.983000,993,3101,1000.0,994.2196531791908,12.978,284.0,0.57803468208092
2025-10-15,13:08:21.001000,993,3101,1000.0,982.6589595375723,12.983,284.0,1.7341040462427713
2025-10-15,13:08:21.010000,993,3101,1000.0,982.6589595375723,12.978,284.0,1.7341040462427713
2025-10-15,13:08:21.022000,993,3101,1000.0,982.6589595375723,12.978,287.0,1.7341040462427713
2025-10-15,13:08:21.031000,993,3101,1000.0,994.2196531791908,12.978,302.0,0.57803468208092
2025-10-15,13:08:21.040000,993,3101,1000.0,994.2196531791908,12.974,309.0,0.57803468208092
2025-10-15,13:08:21.049000,993,3101,1000.0,994.2196531791908,12.978,309.0,0.57803468208092
2025-10-15,13:08:21.096000,993,3101,1000.0,994.2196531791908,12.983,287.0,0.57803468208092
2025-10-15,13:08:21.127000,993,3101,1000.0,994.2196531791908,12.983,277.0,0.57803468208092
2025-10-15,13:08:21.137000,993,3101,1000.0,982.6589595375723,12.974,280.0,1.7341040462427713
2025-10-15,13:08:21.157000,993,3101,1000.0,994.2196531791908,12.978,280.0,0.57803468208092
2025-10-15,13:08:21.214000,993,3101,1000.0,994.2196531791908,12.983,277.0,0.57803468208092
2025-10-15,13:08:21.243000,993,3101,1000.0,994.2196531791908,12.978,277.0,0.57803468208092
2025-10-15,13:08:21.251000,993,3101,1000.0,994.2196531791908,12.978,277.0,0.57803468208092
2025-10-15,13:08:21.260000,993,3101,1000.0,994.2196531791908,12.978,280.0,0.57803468208092
2025-10-15,13:08:21.269000,993,3101,1000.0,994.2196531791908,12.978,277.0,0.57803468208092
2025-10-15,13:08:21.278000,993,3101,1000.0,994.2196531791908,12.978,277.0,0.57803468208092
2025-10-15,13:08:21.319000,993,3101,1000.0,982.6589595375723,12.978,280.0,1.7341040462427713
2025-10-15,13:08:21.327000,993,3101,1000.0,982.6589595375723,12.978,287.0,1.7341040462427713
2025-10-15,13:08:21.336000,993,3101,1000.0,994.2196531791908,12.978,280.0,0.57803468208092
2025-10-15,13:08:21.344000,993,3101,1000.0,994.2196531791908,12.983,273.0,0.57803468208092
2025-10-15,13:08:21.352000,993,3101,1000.0,994.2196531791908,12.983,273.0,0.57803468208092
2025-10-15,13:08:21.387000,993,3101,1000.0,994.2196531791908,12.974,277.0,0.57803468208092
2025-10-15,13:08:21.414000,993,3101,1000.0,994.2196531791908,12.983,280.0,0.57803468208092
2025-10-15,13:08:21.439000,993,3101,1000.0,994.2196531791908,12.978,277.0,0.57803468208092
2025-10-15,13:08:21.447000,993,3101,1000.0,994.2196531791908,12.978,277.0,0.57803468208092
2025-10-15,13:08:21.472000,993,3101,1000.0,994.2196531791908,12.983,269.0,0.57803468208092
2025-10-15,13:08:21.480000,993,3101,1000.0,982.6589595375723,12.983,269.0,1.7341040462427713
2025-10-15,13:08:21.506000,993,3101,1000.0,994.2196531791908,12.978,287.0,0.57803468208092
2025-10-15,13:08:21.541000,993,3101,1000.0,982.6589595375723,12.974,280.0,1.7341040462427713
2025-10-15,13:08:21.550000,993,3101,1000.0,994.2196531791908,12.978,277.0,0.57803468208092
2025-10-15,13:08:21.559000,993,3101,1000.0,994.2196531791908,12.978,277.0,0.57803468208092
2025-10-15,13:08:21.568000,993,3101,1000.0,994.2196531791908,12.978,284.0,0.57803468208092
2025-10-15,13:08:21.577000,993,3101,1000.0,994.2196531791908,12.978,284.0,0.57803468208092
2025-10-15,13:08:21.616000,993,3101,1000.0,994.2196531791908,12.978,284.0,0.57803468208092
2025-10-15,13:08:21.636000,993,3101,1000.0,994.2196531791908,12.978,284.0,0.57803468208092
2025-10-15,13:08:21.648000,993,3101,1000.0,994.2196531791908,12.978,284.0,0.57803468208092
2025-10-15,13:08:21.677000,993,3101,1000.0,994.2196531791908,12.978,284.0,0.57803468208092
2025-10-15,13:08:21.706000,993,3101,1000.0,994.2196531791908,12.978,277.0,0.57803468208092
2025-10-15,13:08:21.732000,993,3101,1000.0,994.2196531791908,12.978,280.0,0.57803468208092
2025-10-15,13:08:21.741000,993,3101,1000.0,994.2196531791908,12.974,284.0,0.57803468208092
2025-10-15,13:08:21.750000,993,3101,1000.0,994.2196531791908,12.978,287.0,0.57803468208092
2025-10-15,13:08:21.759000,993,3101,1000.0,994.2196531791908,12.978,280.0,0.57803468208092
2025-10-15,13:08:21.768000,993,3101,1000.0,994.2196531791908,12.978,273.0,0.57803468208092
2025-10-15,13:08:21.803000,993,3101,1000.0,994.2196531791908,12.983,280.0,0.57803468208092
2025-10-15,13:08:21.820000,993,3101,1000.0,994.2196531791908,12.983,269.0,0.57803468208092
2025-10-15,13:08:21.829000,993,3101,1000.0,994.2196531791908,12.974,269.0,0.57803468208092
2025-10-15,13:08:21.863000,993,3101,1000.0,994.2196531791908,12.978,284.0,0.57803468208092
2025-10-15,13:08:21.871000,993,3101,1000.0,994.2196531791908,12.978,284.0,0.57803468208092
2025-10-15,13:08:21.879000,993,3101,1000.0,982.6589595375723,12.978,284.0,1.7341040462427713
2025-10-15,13:08:21.888000,993,3101,1000.0,982.6589595375723,12.978,280.0,1.7341040462427713
2025-10-15,13:08:21.897000,993,3101,1000.0,994.2196531791908,12.978,284.0,0.57803468208092
2025-10-15,13:08:21.907000,993,3101,1000.0,994.2196531791908,12.978,277.0,0.57803468208092
2025-10-15,13:08:21.963000,993,3101,1000.0,982.6589595375723,12.978,280.0,1.7341040462427713
2025-10-15,13:08:21.982000,993,3101,1000.0,994.2196531791908,12.978,277.0,0.57803468208092
2025-10-15,13:08:21.991000,993,3101,1000.0,994.2196531791908,12.983,280.0,0.57803468208092
2025-10-15,13:08:22.020000,993,3101,1000.0,982.6589595375723,12.978,262.0,1.7341040462427713
2025-10-15,13:08:22.050000,993,3101,1000.0,994.2196531791908,12.983,273.0,0.57803468208092
2025-10-15,13:08:22.060000,993,3101,1000.0,982.6589595375723,12.978,266.0,1.7341040462427713
2025-10-15,13:08:22.088000,993,3101,1000.0,994.2196531791908,12.978,269.0,0.57803468208092
2025-10-15,13:08:22.104000,993,3101,1000.0,994.2196531791908,12.978,269.0,0.57803468208092
2025-10-15,13:08:22.123000,993,3101,1000.0,982.6589595375723,12.978,273.0,1.7341040462427713
2025-10-15,13:08:22.135000,993,3101,1000.0,994.2196531791908,0.0,273.0,0.57803468208092
