timestamp,logLevel,pid,tid,tag,message
2025-09-25T15:20:20.826000,INFO,970,6617,FTC,Phase=RampUp Target=100.00616587999986 Vel=20.0 V=12.904 A=193.0
2025-09-25T15:20:20.840000,INFO,970,6617,FTC,Phase=RampUp Target=103.55478704000004 Vel=20.0 V=12.908 A=262.0
2025-09-25T15:20:20.853000,INFO,970,6617,FTC,Phase=RampUp Target=105.54598394000003 Vel=20.0 V=12.904 A=295.0
2025-09-25T15:20:20.865000,INFO,970,6617,FTC,Phase=RampUp Target=107.33758731999984 Vel=40.0 V=12.904 A=280.0
2025-09-25T15:20:20.878000,INFO,970,6617,FTC,Phase=RampUp Target=109.00391421999987 Vel=20.0 V=12.904 A=273.0
2025-09-25T15:20:20.889000,INFO,970,6617,FTC,Phase=RampUp Target=110.84925436000006 Vel=40.0 V=12.908 A=251.0
2025-09-25T15:20:20.901000,INFO,970,6617,FTC,Phase=RampUp Target=112.35294199999987 Vel=60.0 V=12.908 A=222.0
2025-09-25T15:20:20.912000,INFO,970,6617,FTC,Phase=RampUp Target=113.96336802000005 Vel=60.0 V=12.908 A=258.0
2025-09-25T15:20:20.928000,INFO,970,6617,FTC,Phase=RampUp Target=115.58457403999984 Vel=60.0 V=12.908 A=258.0
2025-09-25T15:20:20.938000,INFO,970,6617,FTC,Phase=RampUp Target=117.72701755999996 Vel=60.0 V=12.908 A=240.0
2025-09-25T15:20:20.953000,INFO,970,6617,FTC,Phase=RampUp Target=119.26561769999992 Vel=60.0 V=12.908 A=273.0
2025-09-25T15:20:20.965000,INFO,970,6617,FTC,Phase=RampUp Target=121.35456960000006 Vel=40.0 V=12.908 A=280.0
2025-09-25T15:20:20.979000,INFO,970,6617,FTC,Phase=RampUp Target=122.97165149999984 Vel=60.0 V=12.908 A=317.0
2025-09-25T15:20:20.991000,INFO,970,6617,FTC,Phase=RampUp Target=124.91736002000003 Vel=40.0 V=12.908 A=284.0
2025-09-25T15:20:21.004000,INFO,970,6617,FTC,Phase=RampUp Target=126.69018016000003 Vel=60.0 V=12.908 A=284.0
2025-09-25T15:20:21.015000,INFO,970,6617,FTC,Phase=RampUp Target=128.46112206000004 Vel=80.0 V=12.908 A=277.0
2025-09-25T15:20:21.029000,INFO,970,6617,FTC,Phase=RampUp Target=130.00417293999993 Vel=80.0 V=12.908 A=255.0
2025-09-25T15:20:21.042000,INFO,970,6617,FTC,Phase=RampUp Target=131.89839071999984 Vel=100.0 V=12.908 A=233.0
2025-09-25T15:20:21.053000,INFO,970,6617,FTC,Phase=RampUp Target=133.74177086 Vel=120.0 V=12.908 A=233.0
2025-09-25T15:20:21.067000,INFO,970,6617,FTC,Phase=RampUp Target=135.35787276000002 Vel=120.0 V=12.908 A=225.0
2025-09-25T15:20:21.081000,INFO,970,6617,FTC,Phase=RampUp Target=137.33322627999996 Vel=120.0 V=12.908 A=229.0
2025-09-25T15:20:21.092000,INFO,970,6617,FTC,Phase=RampUp Target=139.24512479999999 Vel=120.0 V=12.908 A=240.0
2025-09-25T15:20:21.103000,INFO,970,6617,FTC,Phase=RampUp Target=140.82386406000006 Vel=120.0 V=12.908 A=258.0
2025-09-25T15:20:21.116000,INFO,970,6617,FTC,Phase=RampUp Target=142.31117757999994 Vel=120.0 V=12.908 A=244.0
2025-09-25T15:20:21.130000,INFO,970,6617,FTC,Phase=RampUp Target=144.10523110000003 Vel=120.0 V=12.908 A=240.0
2025-09-25T15:20:21.141000,INFO,970,6617,FTC,Phase=RampUp Target=146.05694211999997 Vel=120.0 V=12.908 A=225.0
2025-09-25T15:20:21.158000,INFO,970,6617,FTC,Phase=RampUp Target=147.6659797599999 Vel=100.0 V=12.908 A=240.0
2025-09-25T15:20:21.169000,INFO,970,6617,FTC,Phase=RampUp Target=150.03423165999993 Vel=100.0 V=12.908 A=247.0
2025-09-25T15:20:21.181000,INFO,970,6617,FTC,Phase=RampUp Target=151.47646518 Vel=120.0 V=12.904 A=262.0
2025-09-25T15:20:21.191000,INFO,970,6617,FTC,Phase=RampUp Target=153.16986444000005 Vel=120.0 V=12.904 A=273.0
2025-09-25T15:20:21.202000,INFO,970,6617,FTC,Phase=RampUp Target=154.69070207999982 Vel=140.0 V=12.908 A=269.0
2025-09-25T15:20:21.218000,INFO,970,6617,FTC,Phase=RampUp Target=156.1288930999999 Vel=160.0 V=12.904 A=255.0
2025-09-25T15:20:21.229000,INFO,970,6617,FTC,Phase=RampUp Target=158.46198749999988 Vel=140.0 V=12.904 A=222.0
2025-09-25T15:20:21.241000,INFO,970,6617,FTC,Phase=RampUp Target=160.02953851999987 Vel=140.0 V=12.904 A=218.0
2025-09-25T15:20:21.253000,INFO,970,6617,FTC,Phase=RampUp Target=161.64151615999984 Vel=140.0 V=12.904 A=211.0
2025-09-25T15:20:21.263000,INFO,970,6617,FTC,Phase=RampUp Target=163.28432306000008 Vel=120.0 V=12.908 A=215.0
2025-09-25T15:20:21.274000,INFO,970,6617,FTC,Phase=RampUp Target=164.73933731999992 Vel=140.0 V=12.908 A=255.0
2025-09-25T15:20:21.286000,INFO,970,6617,FTC,Phase=RampUp Target=166.22518084 Vel=140.0 V=12.908 A=262.0
2025-09-25T15:20:21.299000,INFO,970,6617,FTC,Phase=RampUp Target=167.9296868599999 Vel=140.0 V=12.904 A=262.0
2025-09-25T15:20:21.311000,INFO,970,6617,FTC,Phase=RampUp Target=169.69564700000006 Vel=160.0 V=12.904 A=269.0
2025-09-25T15:20:21.332000,INFO,970,6617,FTC,Phase=RampUp Target=171.49525390000008 Vel=160.0 V=12.908 A=247.0
2025-09-25T15:20:21.344000,INFO,970,6617,FTC,Phase=RampUp Target=174.31499991999993 Vel=160.0 V=12.904 A=251.0
2025-09-25T15:20:21.355000,INFO,970,6617,FTC,Phase=RampUp Target=176.05017181999997 Vel=160.0 V=12.908 A=244.0
2025-09-25T15:20:21.367000,INFO,970,6617,FTC,Phase=RampUp Target=177.58423945999994 Vel=180.0 V=12.908 A=225.0
2025-09-25T15:20:21.379000,INFO,970,6617,FTC,Phase=RampUp Target=179.22279959999995 Vel=160.0 V=12.904 A=233.0
2025-09-25T15:20:21.391000,INFO,970,6617,FTC,Phase=RampUp Target=180.9264889999999 Vel=180.0 V=12.904 A=240.0
2025-09-25T15:20:21.402000,INFO,970,6617,FTC,Phase=RampUp Target=182.68750825999984 Vel=160.0 V=12.904 A=240.0
2025-09-25T15:20:21.414000,INFO,970,6617,FTC,Phase=RampUp Target=184.12512765999986 Vel=160.0 V=12.904 A=262.0
2025-09-25T15:20:21.424000,INFO,970,6617,FTC,Phase=RampUp Target=185.7821852999999 Vel=180.0 V=12.9 A=284.0
2025-09-25T15:20:21.438000,INFO,970,6617,FTC,Phase=RampUp Target=187.25745293999984 Vel=180.0 V=12.908 A=280.0
2025-09-25T15:20:21.449000,INFO,970,6617,FTC,Phase=RampUp Target=189.17294483999999 Vel=180.0 V=12.904 A=284.0
2025-09-25T15:20:21.462000,INFO,970,6617,FTC,Phase=RampUp Target=190.74282322000005 Vel=200.0 V=12.908 A=262.0
2025-09-25T15:20:21.473000,INFO,970,6617,FTC,Phase=RampUp Target=192.5624792399999 Vel=200.0 V=12.908 A=233.0
2025-09-25T15:20:21.487000,INFO,970,6617,FTC,Phase=RampUp Target=194.0722102599999 Vel=200.0 V=12.904 A=215.0
2025-09-25T15:20:21.499000,INFO,970,6617,FTC,Phase=RampUp Target=196.14258303999998 Vel=200.0 V=12.904 A=215.0
2025-09-25T15:20:21.510000,INFO,970,6617,FTC,Phase=RampUp Target=197.83683979999986 Vel=200.0 V=12.908 A=215.0
2025-09-25T15:20:21.521000,INFO,970,6617,FTC,Phase=RampUp Target=199.29218081999988 Vel=200.0 V=12.904 A=218.0
2025-09-25T15:20:21.536000,INFO,970,6617,FTC,Phase=RampUp Target=200.80460684000002 Vel=180.0 V=12.908 A=233.0
2025-09-25T15:20:21.551000,INFO,970,6617,FTC,Phase=RampUp Target=202.88000198000003 Vel=180.0 V=12.904 A=233.0
2025-09-25T15:20:21.562000,INFO,970,6617,FTC,Phase=RampUp Target=205.03363388000002 Vel=160.0 V=12.904 A=269.0
2025-09-25T15:20:21.573000,INFO,970,6617,FTC,Phase=RampUp Target=206.55708489999995 Vel=160.0 V=12.904 A=324.0
2025-09-25T15:20:21.585000,INFO,970,6617,FTC,Phase=RampUp Target=208.1045459199999 Vel=180.0 V=12.904 A=324.0
2025-09-25T15:20:21.599000,INFO,970,6617,FTC,Phase=RampUp Target=209.7855726799999 Vel=200.0 V=12.904 A=324.0
2025-09-25T15:20:21.614000,INFO,970,6617,FTC,Phase=RampUp Target=211.7608036999999 Vel=200.0 V=12.904 A=287.0
2025-09-25T15:20:21.625000,INFO,970,6617,FTC,Phase=RampUp Target=213.8012455999999 Vel=240.0 V=12.908 A=211.0
2025-09-25T15:20:21.636000,INFO,970,6617,FTC,Phase=RampUp Target=215.37398235999996 Vel=240.0 V=12.908 A=189.0
2025-09-25T15:20:21.653000,INFO,970,6617,FTC,Phase=RampUp Target=216.88489763999996 Vel=240.0 V=12.904 A=178.0
2025-09-25T15:20:21.665000,INFO,970,6617,FTC,Phase=RampUp Target=219.31452203999999 Vel=220.0 V=12.904 A=204.0
2025-09-25T15:20:21.679000,INFO,970,6617,FTC,Phase=RampUp Target=220.9968963 Vel=220.0 V=12.904 A=244.0
2025-09-25T15:20:21.691000,INFO,970,6617,FTC,Phase=RampUp Target=222.96318481999998 Vel=200.0 V=12.908 A=269.0
2025-09-25T15:20:21.710000,INFO,970,6617,FTC,Phase=RampUp Target=224.67275422 Vel=200.0 V=12.904 A=262.0
2025-09-25T15:20:21.723000,INFO,970,6617,FTC,Phase=RampUp Target=227.29976700000003 Vel=200.0 V=12.904 A=295.0
2025-09-25T15:20:21.737000,INFO,970,6617,FTC,Phase=RampUp Target=229.09876126000006 Vel=240.0 V=12.904 A=302.0
2025-09-25T15:20:21.750000,INFO,970,6617,FTC,Phase=RampUp Target=231.08558903999992 Vel=220.0 V=12.904 A=298.0
2025-09-25T15:20:21.764000,INFO,970,6617,FTC,Phase=RampUp Target=232.84448506 Vel=240.0 V=12.908 A=280.0
2025-09-25T15:20:21.776000,INFO,970,6617,FTC,Phase=RampUp Target=234.8544243199999 Vel=260.0 V=12.904 A=258.0
2025-09-25T15:20:21.790000,INFO,970,6617,FTC,Phase=RampUp Target=236.54006533999993 Vel=260.0 V=12.904 A=262.0
2025-09-25T15:20:21.805000,INFO,970,6617,FTC,Phase=RampUp Target=238.49949386000006 Vel=260.0 V=12.904 A=262.0
2025-09-25T15:20:21.821000,INFO,970,6617,FTC,Phase=RampUp Target=240.65745414000006 Vel=280.0 V=12.904 A=215.0
2025-09-25T15:20:21.842000,INFO,970,6617,FTC,Phase=RampUp Target=242.88572928000008 Vel=280.0 V=12.908 A=211.0
2025-09-25T15:20:21.858000,INFO,970,6617,FTC,Phase=RampUp Target=245.8382654399999 Vel=260.0 V=12.908 A=215.0
2025-09-25T15:20:21.869000,INFO,970,6617,FTC,Phase=RampUp Target=247.97646234000004 Vel=240.0 V=12.904 A=233.0
2025-09-25T15:20:21.885000,INFO,970,6617,FTC,Phase=RampUp Target=249.58558174000004 Vel=240.0 V=12.904 A=266.0
2025-09-25T15:20:21.897000,INFO,970,6617,FTC,Phase=RampUp Target=251.77379937999999 Vel=240.0 V=12.904 A=277.0
2025-09-25T15:20:21.909000,INFO,970,6617,FTC,Phase=RampUp Target=253.4941487799999 Vel=240.0 V=12.904 A=273.0
2025-09-25T15:20:21.921000,INFO,970,6617,FTC,Phase=RampUp Target=255.1886505399999 Vel=260.0 V=12.904 A=273.0
2025-09-25T15:20:21.932000,INFO,970,6617,FTC,Phase=RampUp Target=256.87567993999994 Vel=280.0 V=12.904 A=262.0
2025-09-25T15:20:21.944000,INFO,970,6617,FTC,Phase=RampUp Target=258.46181007999996 Vel=260.0 V=12.908 A=255.0
2025-09-25T15:20:21.957000,INFO,970,6617,FTC,Phase=RampUp Target=260.17289021999994 Vel=280.0 V=12.904 A=262.0
2025-09-25T15:20:21.973000,INFO,970,6617,FTC,Phase=RampUp Target=261.84542374 Vel=280.0 V=12.904 A=255.0
2025-09-25T15:20:21.985000,INFO,970,6617,FTC,Phase=RampUp Target=264.0479331399999 Vel=260.0 V=12.908 A=236.0
2025-09-25T15:20:21.999000,INFO,970,6617,FTC,Phase=RampUp Target=265.76040166000007 Vel=280.0 V=12.904 A=247.0
2025-09-25T15:20:22.014000,INFO,970,6617,FTC,Phase=RampUp Target=267.73105929999997 Vel=280.0 V=12.908 A=255.0
2025-09-25T15:20:22.026000,INFO,970,6617,FTC,Phase=RampUp Target=269.8316078199999 Vel=260.0 V=12.904 A=247.0
2025-09-25T15:20:22.039000,INFO,970,6617,FTC,Phase=RampUp Target=271.47033134 Vel=280.0 V=12.904 A=251.0
2025-09-25T15:20:22.052000,INFO,970,6617,FTC,Phase=RampUp Target=273.41481486000004 Vel=280.0 V=12.904 A=251.0
2025-09-25T15:20:22.066000,INFO,970,6617,FTC,Phase=RampUp Target=275.17522176 Vel=280.0 V=12.904 A=247.0
2025-09-25T15:20:22.078000,INFO,970,6617,FTC,Phase=RampUp Target=277.07789189999994 Vel=280.0 V=12.904 A=251.0
2025-09-25T15:20:22.089000,INFO,970,6617,FTC,Phase=RampUp Target=278.7600212999999 Vel=280.0 V=12.908 A=236.0
2025-09-25T15:20:22.103000,INFO,970,6617,FTC,Phase=RampUp Target=280.40854481999986 Vel=280.0 V=12.908 A=244.0
2025-09-25T15:20:22.117000,INFO,970,6617,FTC,Phase=RampUp Target=282.2994958400001 Vel=280.0 V=12.904 A=247.0
2025-09-25T15:20:22.131000,INFO,970,6617,FTC,Phase=RampUp Target=284.20743347999985 Vel=280.0 V=12.904 A=247.0
2025-09-25T15:20:22.147000,INFO,970,6617,FTC,Phase=RampUp Target=286.20667449999996 Vel=260.0 V=12.908 A=244.0
2025-09-25T15:20:22.159000,INFO,970,6617,FTC,Phase=RampUp Target=288.44887389999985 Vel=280.0 V=12.904 A=247.0
2025-09-25T15:20:22.171000,INFO,970,6617,FTC,Phase=RampUp Target=290.13333079999984 Vel=280.0 V=12.904 A=247.0
2025-09-25T15:20:22.188000,INFO,970,6617,FTC,Phase=RampUp Target=291.8004334399999 Vel=280.0 V=12.908 A=236.0
2025-09-25T15:20:22.200000,INFO,970,6617,FTC,Phase=RampUp Target=294.26872696000004 Vel=280.0 V=12.904 A=240.0
2025-09-25T15:20:22.214000,INFO,970,6617,FTC,Phase=RampUp Target=295.9331347399999 Vel=280.0 V=12.904 A=258.0
2025-09-25T15:20:22.234000,INFO,970,6617,FTC,Phase=RampUp Target=297.87116649999984 Vel=280.0 V=12.904 A=291.0
2025-09-25T15:20:22.247000,INFO,970,6617,FTC,Phase=RampUp Target=300.62884604 Vel=300.0 V=12.904 A=284.0
2025-09-25T15:20:22.258000,INFO,970,6617,FTC,Phase=RampUp Target=302.4547902999999 Vel=300.0 V=12.904 A=291.0
2025-09-25T15:20:22.270000,INFO,970,6617,FTC,Phase=RampUp Target=303.9499847000001 Vel=300.0 V=12.904 A=277.0
2025-09-25T15:20:22.282000,INFO,970,6617,FTC,Phase=RampUp Target=305.6296639599999 Vel=320.0 V=12.904 A=258.0
2025-09-25T15:20:22.294000,INFO,970,6617,FTC,Phase=RampUp Target=307.42616748000006 Vel=320.0 V=12.904 A=255.0
2025-09-25T15:20:22.311000,INFO,970,6617,FTC,Phase=RampUp Target=309.04088099999984 Vel=320.0 V=12.904 A=258.0
2025-09-25T15:20:22.327000,INFO,970,6617,FTC,Phase=RampUp Target=311.39312628 Vel=340.0 V=12.9 A=258.0
2025-09-25T15:20:22.343000,INFO,970,6617,FTC,Phase=RampUp Target=313.73736818 Vel=320.0 V=12.908 A=258.0
2025-09-25T15:20:22.360000,INFO,970,6617,FTC,Phase=RampUp Target=316.00888581999993 Vel=320.0 V=12.904 A=247.0
2025-09-25T15:20:22.373000,INFO,970,6617,FTC,Phase=RampUp Target=318.40482271999997 Vel=320.0 V=12.908 A=211.0
2025-09-25T15:20:22.389000,INFO,970,6617,FTC,Phase=RampUp Target=320.2238255 Vel=320.0 V=12.904 A=207.0
2025-09-25T15:20:22.404000,INFO,970,6617,FTC,Phase=RampUp Target=322.45834813999994 Vel=320.0 V=12.908 A=218.0
2025-09-25T15:20:22.420000,INFO,970,6617,FTC,Phase=RampUp Target=324.55354753999995 Vel=300.0 V=12.904 A=233.0
2025-09-25T15:20:22.432000,INFO,970,6617,FTC,Phase=RampUp Target=326.6575669399998 Vel=300.0 V=12.904 A=287.0
2025-09-25T15:20:22.444000,INFO,970,6617,FTC,Phase=RampUp Target=328.40372296000004 Vel=300.0 V=12.908 A=277.0
2025-09-25T15:20:22.457000,INFO,970,6617,FTC,Phase=RampUp Target=330.01410810000004 Vel=300.0 V=12.904 A=266.0
2025-09-25T15:20:22.471000,INFO,970,6617,FTC,Phase=RampUp Target=331.85855 Vel=300.0 V=12.904 A=269.0
2025-09-25T15:20:22.490000,INFO,970,6617,FTC,Phase=RampUp Target=333.78580176 Vel=320.0 V=12.904 A=313.0
2025-09-25T15:20:22.501000,INFO,970,6617,FTC,Phase=RampUp Target=336.49631879999987 Vel=320.0 V=12.904 A=291.0
2025-09-25T15:20:22.514000,INFO,970,6617,FTC,Phase=RampUp Target=338.06219555999985 Vel=360.0 V=12.904 A=280.0
2025-09-25T15:20:22.527000,INFO,970,6617,FTC,Phase=RampUp Target=339.87568569999985 Vel=360.0 V=12.904 A=233.0
2025-09-25T15:20:22.543000,INFO,970,6617,FTC,Phase=RampUp Target=341.71873921999986 Vel=380.0 V=12.904 A=215.0
2025-09-25T15:20:22.554000,INFO,970,6617,FTC,Phase=RampUp Target=343.88523361999995 Vel=360.0 V=12.904 A=222.0
2025-09-25T15:20:22.571000,INFO,970,6617,FTC,Phase=RampUp Target=345.50778714000006 Vel=340.0 V=12.9 A=269.0
2025-09-25T15:20:22.584000,INFO,970,6617,FTC,Phase=RampUp Target=347.8042949199999 Vel=340.0 V=12.895 A=284.0
2025-09-25T15:20:22.594000,INFO,970,6617,FTC,Phase=RampUp Target=349.6247266800001 Vel=340.0 V=12.9 A=295.0
2025-09-25T15:20:22.606000,INFO,970,6617,FTC,Phase=RampUp Target=351.02841357999995 Vel=360.0 V=12.9 A=280.0
2025-09-25T15:20:22.616000,INFO,970,6617,FTC,Phase=RampUp Target=352.72899960000007 Vel=360.0 V=12.9 A=262.0
2025-09-25T15:20:22.629000,INFO,970,6617,FTC,Phase=RampUp Target=354.1515922399999 Vel=360.0 V=12.9 A=225.0
2025-09-25T15:20:22.642000,INFO,970,6617,FTC,Phase=RampUp Target=355.96720576000007 Vel=380.0 V=12.904 A=222.0
2025-09-25T15:20:22.654000,INFO,970,6617,FTC,Phase=RampUp Target=357.71291251999986 Vel=360.0 V=12.9 A=218.0
2025-09-25T15:20:22.668000,INFO,970,6617,FTC,Phase=RampUp Target=359.3767076600001 Vel=360.0 V=12.9 A=240.0
2025-09-25T15:20:22.683000,INFO,970,6617,FTC,Phase=RampUp Target=361.46173955999996 Vel=340.0 V=12.895 A=287.0
2025-09-25T15:20:22.686000,INFO,970,982,art,"Background partial concurrent mark sweep GC freed 199416(6MB) AllocSpace objects, 88(12MB) LOS objects, 40% free, 23MB/39MB, paused 1.815ms total 152.771ms"
2025-09-25T15:20:22.694000,INFO,970,6617,FTC,Phase=RampUp Target=363.50058895999996 Vel=360.0 V=12.9 A=277.0
2025-09-25T15:20:22.708000,INFO,970,6617,FTC,Phase=RampUp Target=365.0460899799999 Vel=340.0 V=12.895 A=280.0
2025-09-25T15:20:22.720000,INFO,970,6617,FTC,Phase=RampUp Target=366.96317438 Vel=360.0 V=12.9 A=273.0
2025-09-25T15:20:22.729000,INFO,970,6617,FTC,Phase=RampUp Target=368.6205177599998 Vel=380.0 V=12.9 A=269.0
2025-09-25T15:20:22.740000,INFO,970,6617,FTC,Phase=RampUp Target=370.0035428999999 Vel=360.0 V=12.9 A=266.0
2025-09-25T15:20:22.751000,INFO,970,6617,FTC,Phase=RampUp Target=371.4386305400001 Vel=360.0 V=12.9 A=269.0
2025-09-25T15:20:22.762000,INFO,970,6617,FTC,Phase=RampUp Target=372.98392744 Vel=380.0 V=12.904 A=266.0
2025-09-25T15:20:22.776000,INFO,970,6617,FTC,Phase=RampUp Target=374.6359217 Vel=380.0 V=12.9 A=251.0
2025-09-25T15:20:22.786000,INFO,970,6617,FTC,Phase=RampUp Target=376.47954697999995 Vel=400.0 V=12.9 A=251.0
2025-09-25T15:20:22.798000,INFO,970,6617,FTC,Phase=RampUp Target=377.96833049999987 Vel=380.0 V=12.904 A=262.0
2025-09-25T15:20:22.812000,INFO,970,6617,FTC,Phase=RampUp Target=379.7300031399999 Vel=380.0 V=12.904 A=255.0
2025-09-25T15:20:22.824000,INFO,970,6617,FTC,Phase=RampUp Target=381.6734657800001 Vel=380.0 V=12.9 A=262.0
2025-09-25T15:20:22.839000,INFO,970,6617,FTC,Phase=RampUp Target=383.29316091999993 Vel=380.0 V=12.904 A=251.0
2025-09-25T15:20:22.852000,INFO,970,6617,FTC,Phase=RampUp Target=385.30244694000004 Vel=380.0 V=12.904 A=251.0
2025-09-25T15:20:22.864000,INFO,970,6617,FTC,Phase=RampUp Target=387.12357295999993 Vel=380.0 V=12.895 A=262.0
2025-09-25T15:20:22.877000,INFO,970,6617,FTC,Phase=RampUp Target=388.80737647999985 Vel=380.0 V=12.9 A=302.0
2025-09-25T15:20:22.892000,INFO,970,6617,FTC,Phase=RampUp Target=390.6489192599999 Vel=400.0 V=12.904 A=309.0
2025-09-25T15:20:22.904000,INFO,970,6617,FTC,Phase=RampUp Target=392.7433427799999 Vel=400.0 V=12.9 A=287.0
2025-09-25T15:20:22.915000,INFO,970,6617,FTC,Phase=RampUp Target=394.4704704199999 Vel=400.0 V=12.904 A=277.0
2025-09-25T15:20:22.929000,INFO,970,6617,FTC,Phase=RampUp Target=395.9932271800001 Vel=420.0 V=12.904 A=269.0
2025-09-25T15:20:22.943000,INFO,970,6617,FTC,Phase=RampUp Target=397.9115365800001 Vel=420.0 V=12.9 A=269.0
2025-09-25T15:20:22.954000,INFO,970,6617,FTC,Phase=RampUp Target=399.85389672 Vel=420.0 V=12.9 A=269.0
2025-09-25T15:20:22.965000,INFO,970,6617,FTC,Phase=RampUp Target=401.4478669999999 Vel=440.0 V=12.904 A=258.0
2025-09-25T15:20:22.978000,INFO,970,6617,FTC,Phase=RampUp Target=403.0551078799999 Vel=420.0 V=12.904 A=229.0
2025-09-25T15:20:22.991000,INFO,970,6617,FTC,Phase=RampUp Target=404.7541014 Vel=420.0 V=12.904 A=207.0
2025-09-25T15:20:23.001000,INFO,970,6617,FTC,Phase=RampUp Target=406.56024168 Vel=420.0 V=12.904 A=225.0
2025-09-25T15:20:23.015000,INFO,970,6617,FTC,Phase=RampUp Target=408.0765059399999 Vel=400.0 V=12.9 A=236.0
2025-09-25T15:20:23.028000,INFO,970,6617,FTC,Phase=RampUp Target=410.0307485799999 Vel=400.0 V=12.904 A=284.0
2025-09-25T15:20:23.038000,INFO,970,6617,FTC,Phase=RampUp Target=411.7590196 Vel=400.0 V=12.9 A=287.0
2025-09-25T15:20:23.050000,INFO,970,6617,FTC,Phase=RampUp Target=413.2337156199999 Vel=400.0 V=12.904 A=291.0
2025-09-25T15:20:23.061000,INFO,970,6617,FTC,Phase=RampUp Target=414.86051576 Vel=400.0 V=12.904 A=277.0
2025-09-25T15:20:23.074000,INFO,970,6617,FTC,Phase=RampUp Target=416.39776839999985 Vel=420.0 V=12.904 A=269.0
2025-09-25T15:20:23.086000,INFO,970,6617,FTC,Phase=RampUp Target=418.2327778 Vel=420.0 V=12.904 A=269.0
2025-09-25T15:20:23.099000,INFO,970,6617,FTC,Phase=RampUp Target=419.89510293999996 Vel=420.0 V=12.9 A=269.0
2025-09-25T15:20:23.110000,INFO,970,6617,FTC,Phase=RampUp Target=421.80647072000005 Vel=440.0 V=12.904 A=269.0
2025-09-25T15:20:23.122000,INFO,970,6617,FTC,Phase=RampUp Target=423.3223674799999 Vel=420.0 V=12.904 A=255.0
2025-09-25T15:20:23.135000,INFO,970,6617,FTC,Phase=RampUp Target=425.01013188 Vel=440.0 V=12.9 A=266.0
2025-09-25T15:20:23.148000,INFO,970,6617,FTC,Phase=RampUp Target=426.73599363999995 Vel=440.0 V=12.904 A=258.0
2025-09-25T15:20:23.159000,INFO,970,6617,FTC,Phase=RampUp Target=428.5591612799999 Vel=420.0 V=12.9 A=266.0
2025-09-25T15:20:23.171000,INFO,970,6617,FTC,Phase=RampUp Target=430.09612818 Vel=440.0 V=12.904 A=258.0
2025-09-25T15:20:23.189000,INFO,970,6617,FTC,Phase=RampUp Target=431.78364744 Vel=420.0 V=12.9 A=255.0
2025-09-25T15:20:23.202000,INFO,970,6617,FTC,Phase=RampUp Target=434.3310761 Vel=420.0 V=12.9 A=258.0
2025-09-25T15:20:23.216000,INFO,970,6617,FTC,Phase=RampUp Target=436.1439537400001 Vel=420.0 V=12.9 A=269.0
2025-09-25T15:20:23.229000,INFO,970,6617,FTC,Phase=RampUp Target=438.20211725999985 Vel=420.0 V=12.895 A=306.0
2025-09-25T15:20:23.241000,INFO,970,6617,FTC,Phase=RampUp Target=439.99931504 Vel=440.0 V=12.895 A=302.0
2025-09-25T15:20:23.252000,INFO,970,6617,FTC,Phase=RampUp Target=441.65882268000007 Vel=440.0 V=12.9 A=291.0
2025-09-25T15:20:23.262000,INFO,970,6617,FTC,Phase=RampUp Target=443.1446661999999 Vel=460.0 V=12.904 A=280.0
2025-09-25T15:20:23.274000,INFO,970,6617,FTC,Phase=RampUp Target=444.55598883999994 Vel=480.0 V=12.9 A=244.0
2025-09-25T15:20:23.288000,INFO,970,6617,FTC,Phase=RampUp Target=446.17658222 Vel=460.0 V=12.904 A=233.0
2025-09-25T15:20:23.300000,INFO,970,6617,FTC,Phase=RampUp Target=448.1676157399999 Vel=460.0 V=12.904 A=229.0
2025-09-25T15:20:23.310000,INFO,970,6617,FTC,Phase=RampUp Target=449.89984763999996 Vel=460.0 V=12.904 A=229.0
2025-09-25T15:20:23.322000,INFO,970,6617,FTC,Phase=RampUp Target=451.3358336599998 Vel=440.0 V=12.9 A=247.0
2025-09-25T15:20:23.335000,INFO,970,6617,FTC,Phase=RampUp Target=452.9047321799999 Vel=440.0 V=12.904 A=247.0
2025-09-25T15:20:23.348000,INFO,970,6617,FTC,Phase=RampUp Target=454.74423319999994 Vel=440.0 V=12.9 A=258.0
2025-09-25T15:20:23.364000,INFO,970,6617,FTC,Phase=RampUp Target=456.60668245999994 Vel=440.0 V=12.9 A=266.0
2025-09-25T15:20:23.375000,INFO,970,6617,FTC,Phase=RampUp Target=458.8346718599999 Vel=440.0 V=12.9 A=302.0
2025-09-25T15:20:23.386000,INFO,970,6617,FTC,Phase=RampUp Target=460.36122625999997 Vel=440.0 V=12.9 A=306.0
2025-09-25T15:20:23.401000,INFO,970,6617,FTC,Phase=RampUp Target=462.2237980199999 Vel=440.0 V=12.9 A=309.0
2025-09-25T15:20:23.413000,INFO,970,6617,FTC,Phase=RampUp Target=463.9941682999999 Vel=440.0 V=12.9 A=295.0
2025-09-25T15:20:23.424000,INFO,970,6617,FTC,Phase=RampUp Target=465.7511450599998 Vel=460.0 V=12.9 A=331.0
2025-09-25T15:20:23.436000,INFO,970,6617,FTC,Phase=RampUp Target=467.2429910799999 Vel=480.0 V=12.904 A=328.0
2025-09-25T15:20:23.448000,INFO,970,6617,FTC,Phase=RampUp Target=468.99396533999993 Vel=480.0 V=12.895 A=320.0
2025-09-25T15:20:23.460000,INFO,970,6617,FTC,Phase=RampUp Target=470.63317886 Vel=480.0 V=12.895 A=306.0
2025-09-25T15:20:23.473000,INFO,970,6617,FTC,Phase=RampUp Target=472.3281298799999 Vel=520.0 V=12.904 A=233.0
2025-09-25T15:20:23.483000,INFO,970,6617,FTC,Phase=RampUp Target=474.0439875199999 Vel=520.0 V=12.904 A=207.0
2025-09-25T15:20:23.496000,INFO,970,6617,FTC,Phase=RampUp Target=475.4997776599999 Vel=520.0 V=12.904 A=196.0
2025-09-25T15:20:23.506000,INFO,970,6617,FTC,Phase=RampUp Target=477.3419329399999 Vel=500.0 V=12.904 A=193.0
2025-09-25T15:20:23.521000,INFO,970,6617,FTC,Phase=RampUp Target=478.7342680800001 Vel=480.0 V=12.9 A=266.0
2025-09-25T15:20:23.532000,INFO,970,6617,FTC,Phase=RampUp Target=480.7812024799998 Vel=460.0 V=12.904 A=273.0
2025-09-25T15:20:23.545000,INFO,970,6617,FTC,Phase=RampUp Target=482.3546333599999 Vel=460.0 V=12.904 A=277.0
2025-09-25T15:20:23.555000,INFO,970,6617,FTC,Phase=RampUp Target=484.15326025999985 Vel=480.0 V=12.9 A=277.0
2025-09-25T15:20:23.568000,INFO,970,6617,FTC,Phase=RampUp Target=485.6308553999999 Vel=480.0 V=12.895 A=280.0
2025-09-25T15:20:23.580000,INFO,970,6617,FTC,Phase=RampUp Target=487.4287473 Vel=460.0 V=12.9 A=313.0
2025-09-25T15:20:23.591000,INFO,970,6617,FTC,Phase=RampUp Target=489.13276317999987 Vel=480.0 V=12.895 A=320.0
2025-09-25T15:20:23.604000,INFO,970,6617,FTC,Phase=RampUp Target=490.5914117000001 Vel=500.0 V=12.9 A=309.0
2025-09-25T15:20:23.615000,INFO,970,6617,FTC,Phase=RampUp Target=492.44532697999995 Vel=500.0 V=12.904 A=287.0
2025-09-25T15:20:23.627000,INFO,970,6617,FTC,Phase=RampUp Target=493.91700124000005 Vel=520.0 V=12.904 A=244.0
2025-09-25T15:20:23.639000,INFO,970,6617,FTC,Phase=RampUp Target=495.6475588800001 Vel=520.0 V=12.9 A=240.0
2025-09-25T15:20:23.653000,INFO,970,6617,FTC,Phase=RampUp Target=497.36443740000004 Vel=500.0 V=12.9 A=236.0
2025-09-25T15:20:23.664000,INFO,970,6617,FTC,Phase=RampUp Target=499.27960268000004 Vel=500.0 V=12.9 A=251.0
2025-09-25T15:20:23.678000,INFO,970,6617,FTC,Phase=RampUp Target=500.79782693999994 Vel=500.0 V=12.9 A=284.0
2025-09-25T15:20:23.689000,INFO,970,6617,FTC,Phase=RampUp Target=502.8461904600001 Vel=500.0 V=12.9 A=287.0
2025-09-25T15:20:23.702000,INFO,970,6617,FTC,Phase=RampUp Target=504.29997972 Vel=520.0 V=12.904 A=291.0
2025-09-25T15:20:23.713000,INFO,970,6617,FTC,Phase=RampUp Target=506.1596524999998 Vel=520.0 V=12.904 A=287.0
2025-09-25T15:20:23.726000,INFO,970,6617,FTC,Phase=RampUp Target=507.68869764000004 Vel=520.0 V=12.9 A=280.0
2025-09-25T15:20:23.737000,INFO,970,6617,FTC,Phase=RampUp Target=509.56633704 Vel=540.0 V=12.9 A=266.0
2025-09-25T15:20:23.750000,INFO,970,6617,FTC,Phase=RampUp Target=511.0592038000001 Vel=520.0 V=12.904 A=266.0
2025-09-25T15:20:23.764000,INFO,970,6617,FTC,Phase=RampUp Target=512.9172839399998 Vel=540.0 V=12.904 A=255.0
2025-09-25T15:20:23.775000,INFO,970,6617,FTC,Phase=RampUp Target=514.8295499599999 Vel=540.0 V=12.904 A=229.0
2025-09-25T15:20:23.786000,INFO,970,6617,FTC,Phase=RampUp Target=516.3833809800001 Vel=520.0 V=12.904 A=215.0
2025-09-25T15:20:23.801000,INFO,970,6617,FTC,Phase=RampUp Target=517.90895538 Vel=540.0 V=12.904 A=218.0
2025-09-25T15:20:23.818000,INFO,970,6617,FTC,Phase=RampUp Target=520.0894963999999 Vel=520.0 V=12.9 A=240.0
2025-09-25T15:20:23.833000,INFO,970,6617,FTC,Phase=RampUp Target=522.49494742 Vel=520.0 V=12.9 A=287.0
2025-09-25T15:20:23.845000,INFO,970,6617,FTC,Phase=RampUp Target=524.5067243200001 Vel=500.0 V=12.9 A=291.0
2025-09-25T15:20:23.859000,INFO,970,6617,FTC,Phase=RampUp Target=526.22895196 Vel=500.0 V=12.9 A=291.0
2025-09-25T15:20:23.873000,INFO,970,6617,FTC,Phase=RampUp Target=528.12096474 Vel=520.0 V=12.9 A=280.0
2025-09-25T15:20:23.884000,INFO,970,6617,FTC,Phase=RampUp Target=530.0933373800001 Vel=520.0 V=12.9 A=273.0
2025-09-25T15:20:23.896000,INFO,970,6617,FTC,Phase=RampUp Target=531.6516600199999 Vel=520.0 V=12.9 A=258.0
2025-09-25T15:20:23.909000,INFO,970,6617,FTC,Phase=RampUp Target=533.2929151600001 Vel=540.0 V=12.904 A=262.0
2025-09-25T15:20:23.922000,INFO,970,6617,FTC,Phase=RampUp Target=535.1604279399999 Vel=540.0 V=12.9 A=258.0
2025-09-25T15:20:23.936000,INFO,970,6617,FTC,Phase=RampUp Target=537.0157314599999 Vel=540.0 V=12.9 A=258.0
2025-09-25T15:20:23.949000,INFO,970,6617,FTC,Phase=RampUp Target=538.8977807199999 Vel=540.0 V=12.904 A=255.0
2025-09-25T15:20:23.961000,INFO,970,6617,FTC,Phase=RampUp Target=540.7150685 Vel=540.0 V=12.9 A=266.0
2025-09-25T15:20:23.974000,INFO,970,6617,FTC,Phase=RampUp Target=542.47184114 Vel=520.0 V=12.9 A=255.0
2025-09-25T15:20:23.986000,INFO,970,6617,FTC,Phase=RampUp Target=544.2166904000001 Vel=540.0 V=12.9 A=258.0
2025-09-25T15:20:23.997000,INFO,970,6617,FTC,Phase=RampUp Target=545.9598248000001 Vel=540.0 V=12.9 A=258.0
2025-09-25T15:20:24.011000,INFO,970,6617,FTC,Phase=RampUp Target=547.5018140599999 Vel=520.0 V=12.9 A=266.0
2025-09-25T15:20:24.023000,INFO,970,6617,FTC,Phase=RampUp Target=549.40889434 Vel=540.0 V=12.9 A=295.0
2025-09-25T15:20:24.038000,INFO,970,6617,FTC,Phase=RampUp Target=551.18208198 Vel=540.0 V=12.9 A=298.0
2025-09-25T15:20:24.049000,INFO,970,6617,FTC,Phase=RampUp Target=553.2442472599998 Vel=540.0 V=12.9 A=302.0
2025-09-25T15:20:24.063000,INFO,970,6617,FTC,Phase=RampUp Target=554.74238152 Vel=560.0 V=12.9 A=287.0
2025-09-25T15:20:24.075000,INFO,970,6617,FTC,Phase=RampUp Target=556.7278616599999 Vel=560.0 V=12.9 A=277.0
2025-09-25T15:20:24.089000,INFO,970,6617,FTC,Phase=RampUp Target=558.4063569399999 Vel=560.0 V=12.904 A=280.0
2025-09-25T15:20:24.101000,INFO,970,6617,FTC,Phase=RampUp Target=560.29261208 Vel=580.0 V=12.9 A=273.0
2025-09-25T15:20:24.115000,INFO,970,6617,FTC,Phase=RampUp Target=562.0312139799998 Vel=580.0 V=12.9 A=262.0
2025-09-25T15:20:24.129000,INFO,970,6617,FTC,Phase=RampUp Target=563.9542191199998 Vel=600.0 V=12.9 A=233.0
2025-09-25T15:20:24.145000,INFO,970,6617,FTC,Phase=RampUp Target=565.96542426 Vel=580.0 V=12.904 A=222.0
2025-09-25T15:20:24.156000,INFO,970,6617,FTC,Phase=RampUp Target=568.15784792 Vel=560.0 V=12.9 A=225.0
2025-09-25T15:20:24.169000,INFO,970,6617,FTC,Phase=RampUp Target=569.7959996799999 Vel=560.0 V=12.9 A=244.0
2025-09-25T15:20:24.186000,INFO,970,6617,FTC,Phase=RampUp Target=571.6201882 Vel=560.0 V=12.895 A=295.0
2025-09-25T15:20:24.201000,INFO,970,6617,FTC,Phase=RampUp Target=573.9327026000001 Vel=560.0 V=12.9 A=295.0
2025-09-25T15:20:24.214000,INFO,970,6617,FTC,Phase=RampUp Target=575.97098038 Vel=560.0 V=12.904 A=284.0
2025-09-25T15:20:24.230000,INFO,970,6617,FTC,Phase=RampUp Target=577.8531113999999 Vel=580.0 V=12.9 A=277.0
2025-09-25T15:20:24.245000,INFO,970,6617,FTC,Phase=RampUp Target=580.1035999200001 Vel=580.0 V=12.9 A=269.0
2025-09-25T15:20:24.259000,INFO,970,6617,FTC,Phase=RampUp Target=582.2367334400001 Vel=600.0 V=12.904 A=269.0
2025-09-25T15:20:24.269000,INFO,970,6617,FTC,Phase=RampUp Target=584.13899534 Vel=580.0 V=12.9 A=266.0
2025-09-25T15:20:24.280000,INFO,970,6617,FTC,Phase=RampUp Target=585.6176929799999 Vel=580.0 V=12.9 A=266.0
2025-09-25T15:20:24.295000,INFO,970,6617,FTC,Phase=RampUp Target=587.11292812 Vel=580.0 V=12.9 A=262.0
2025-09-25T15:20:24.307000,INFO,970,6617,FTC,Phase=RampUp Target=589.2227866400001 Vel=580.0 V=12.904 A=266.0
2025-09-25T15:20:24.319000,INFO,970,6617,FTC,Phase=RampUp Target=590.8876435399999 Vel=600.0 V=12.895 A=262.0
2025-09-25T15:20:24.330000,INFO,970,6617,FTC,Phase=RampUp Target=592.5460078000001 Vel=600.0 V=12.9 A=262.0
2025-09-25T15:20:24.345000,INFO,970,6617,FTC,Phase=RampUp Target=594.0630479399999 Vel=580.0 V=12.895 A=262.0
2025-09-25T15:20:24.360000,INFO,970,6617,FTC,Phase=RampUp Target=596.24187396 Vel=580.0 V=12.9 A=258.0
2025-09-25T15:20:24.372000,INFO,970,6617,FTC,Phase=RampUp Target=598.3162892400001 Vel=580.0 V=12.9 A=302.0
2025-09-25T15:20:24.384000,INFO,970,6617,FTC,Phase=RampUp Target=599.9033177599999 Vel=580.0 V=12.9 A=317.0
2025-09-25T15:20:24.397000,INFO,970,6617,FTC,Phase=RampUp Target=601.70586452 Vel=600.0 V=12.895 A=313.0
2025-09-25T15:20:24.408000,INFO,970,6617,FTC,Phase=RampUp Target=603.49587554 Vel=620.0 V=12.9 A=298.0
2025-09-25T15:20:24.427000,INFO,970,6617,FTC,Phase=RampUp Target=605.0295349400001 Vel=620.0 V=12.904 A=251.0
2025-09-25T15:20:24.437000,INFO,970,6617,FTC,Phase=RampUp Target=607.60987522 Vel=620.0 V=12.9 A=236.0
2025-09-25T15:20:24.448000,INFO,970,6617,FTC,Phase=RampUp Target=609.1257719800001 Vel=620.0 V=12.9 A=236.0
2025-09-25T15:20:24.461000,INFO,970,6617,FTC,Phase=RampUp Target=610.63778962 Vel=600.0 V=12.904 A=233.0
2025-09-25T15:20:24.475000,INFO,970,6617,FTC,Phase=RampUp Target=612.3819856399999 Vel=600.0 V=12.9 A=284.0
2025-09-25T15:20:24.486000,INFO,970,6617,FTC,Phase=RampUp Target=614.3439457799998 Vel=620.0 V=12.9 A=295.0
2025-09-25T15:20:24.498000,INFO,970,6617,FTC,Phase=RampUp Target=615.8856901799999 Vel=620.0 V=12.895 A=298.0
2025-09-25T15:20:24.508000,INFO,970,6617,FTC,Phase=RampUp Target=617.6254353200001 Vel=620.0 V=12.9 A=287.0
2025-09-25T15:20:24.524000,INFO,970,6617,FTC,Phase=RampUp Target=619.01144134 Vel=640.0 V=12.895 A=280.0
2025-09-25T15:20:24.534000,INFO,970,6617,FTC,Phase=RampUp Target=621.22379148 Vel=620.0 V=12.9 A=280.0
2025-09-25T15:20:24.546000,INFO,970,6617,FTC,Phase=RampUp Target=622.6599000000001 Vel=620.0 V=12.9 A=269.0
2025-09-25T15:20:24.559000,INFO,970,6617,FTC,Phase=RampUp Target=624.3795143999998 Vel=640.0 V=12.9 A=273.0
2025-09-25T15:20:24.570000,INFO,970,6617,FTC,Phase=RampUp Target=626.2139520399999 Vel=640.0 V=12.895 A=266.0
2025-09-25T15:20:24.582000,INFO,970,6617,FTC,Phase=RampUp Target=627.7156387999999 Vel=640.0 V=12.9 A=233.0
2025-09-25T15:20:24.595000,INFO,970,6617,FTC,Phase=RampUp Target=629.4265148200001 Vel=640.0 V=12.9 A=225.0
2025-09-25T15:20:24.607000,INFO,970,6617,FTC,Phase=RampUp Target=631.2516426000001 Vel=620.0 V=12.9 A=229.0
2025-09-25T15:20:24.622000,INFO,970,6617,FTC,Phase=RampUp Target=632.8728893599999 Vel=620.0 V=12.895 A=331.0
2025-09-25T15:20:24.635000,INFO,970,6617,FTC,Phase=RampUp Target=634.95514464 Vel=600.0 V=12.895 A=338.0
2025-09-25T15:20:24.645000,INFO,970,6617,FTC,Phase=RampUp Target=636.73094552 Vel=620.0 V=12.895 A=335.0
2025-09-25T15:20:24.655000,INFO,970,6617,FTC,Phase=RampUp Target=638.12311742 Vel=620.0 V=12.9 A=328.0
2025-09-25T15:20:24.669000,INFO,970,6617,FTC,Phase=RampUp Target=639.5482007999999 Vel=640.0 V=12.895 A=313.0
2025-09-25T15:20:24.681000,INFO,970,6617,FTC,Phase=RampUp Target=641.58255858 Vel=660.0 V=12.895 A=295.0
2025-09-25T15:20:24.691000,INFO,970,6617,FTC,Phase=RampUp Target=643.25733784 Vel=680.0 V=12.9 A=287.0
2025-09-25T15:20:24.701000,INFO,970,6617,FTC,Phase=RampUp Target=644.6695588599999 Vel=680.0 V=12.9 A=284.0
2025-09-25T15:20:24.713000,INFO,970,6617,FTC,Phase=RampUp Target=646.0908857599999 Vel=680.0 V=12.9 A=277.0
2025-09-25T15:20:24.723000,INFO,970,6617,FTC,Phase=RampUp Target=647.67681164 Vel=680.0 V=12.904 A=233.0
2025-09-25T15:20:24.734000,INFO,970,6617,FTC,Phase=RampUp Target=649.14227928 Vel=680.0 V=12.9 A=211.0
2025-09-25T15:20:24.745000,INFO,970,6617,FTC,Phase=RampUp Target=650.6956611799999 Vel=680.0 V=12.9 A=200.0
2025-09-25T15:20:24.757000,INFO,970,6617,FTC,Phase=RampUp Target=652.1510838199997 Vel=660.0 V=12.895 A=207.0
2025-09-25T15:20:24.767000,INFO,970,6617,FTC,Phase=RampUp Target=653.8219023400001 Vel=660.0 V=12.9 A=222.0
2025-09-25T15:20:24.780000,INFO,970,6617,FTC,Phase=RampUp Target=655.2598890999999 Vel=640.0 V=12.9 A=255.0
2025-09-25T15:20:24.794000,INFO,970,6617,FTC,Phase=RampUp Target=657.1492885000001 Vel=620.0 V=12.9 A=269.0
2025-09-25T15:20:24.808000,INFO,970,6617,FTC,Phase=RampUp Target=659.0531429 Vel=640.0 V=12.9 A=269.0
2025-09-25T15:20:24.819000,INFO,970,6617,FTC,Phase=RampUp Target=660.99239966 Vel=620.0 V=12.9 A=273.0
2025-09-25T15:20:24.836000,INFO,970,6617,FTC,Phase=RampUp Target=662.6029073000001 Vel=640.0 V=12.895 A=324.0
2025-09-25T15:20:24.849000,INFO,970,6617,FTC,Phase=RampUp Target=664.95233508 Vel=660.0 V=12.895 A=317.0
2025-09-25T15:20:24.860000,INFO,970,6617,FTC,Phase=RampUp Target=666.6957961 Vel=640.0 V=12.895 A=306.0
2025-09-25T15:20:24.871000,INFO,970,6617,FTC,Phase=RampUp Target=668.3364387400001 Vel=660.0 V=12.9 A=291.0
2025-09-25T15:20:24.884000,INFO,970,6617,FTC,Phase=RampUp Target=669.8249363800002 Vel=680.0 V=12.895 A=295.0
2025-09-25T15:20:24.899000,INFO,970,6617,FTC,Phase=RampUp Target=671.5832607799999 Vel=680.0 V=12.9 A=280.0
2025-09-25T15:20:24.911000,INFO,970,6617,FTC,Phase=RampUp Target=673.6912818000002 Vel=680.0 V=12.895 A=284.0
2025-09-25T15:20:24.922000,INFO,970,6617,FTC,Phase=RampUp Target=675.4084869399999 Vel=680.0 V=12.895 A=280.0
2025-09-25T15:20:24.935000,INFO,970,6617,FTC,Phase=RampUp Target=676.9712604599999 Vel=680.0 V=12.895 A=277.0
2025-09-25T15:20:24.946000,INFO,970,6617,FTC,Phase=RampUp Target=678.8279931 Vel=680.0 V=12.895 A=277.0
2025-09-25T15:20:24.957000,INFO,970,6617,FTC,Phase=RampUp Target=680.4081616199999 Vel=700.0 V=12.895 A=269.0
2025-09-25T15:20:24.969000,INFO,970,6617,FTC,Phase=RampUp Target=681.9372067600001 Vel=700.0 V=12.895 A=269.0
2025-09-25T15:20:24.984000,INFO,970,6617,FTC,Phase=RampUp Target=683.53550528 Vel=680.0 V=12.9 A=266.0
2025-09-25T15:20:24.995000,INFO,970,6617,FTC,Phase=RampUp Target=685.63633968 Vel=680.0 V=12.895 A=269.0
2025-09-25T15:20:25.006000,INFO,970,6617,FTC,Phase=RampUp Target=687.2418248199998 Vel=680.0 V=12.9 A=262.0
2025-09-25T15:20:25.018000,INFO,970,6617,FTC,Phase=RampUp Target=688.7296283400001 Vel=680.0 V=12.895 A=273.0
2025-09-25T15:20:25.031000,INFO,970,6617,FTC,Phase=RampUp Target=690.4449143600001 Vel=700.0 V=12.9 A=273.0
2025-09-25T15:20:25.042000,INFO,970,6617,FTC,Phase=RampUp Target=692.1745328799998 Vel=700.0 V=12.9 A=266.0
2025-09-25T15:20:25.054000,INFO,970,6617,FTC,Phase=RampUp Target=693.7226062600001 Vel=700.0 V=12.895 A=273.0
2025-09-25T15:20:25.065000,INFO,970,6617,FTC,Phase=RampUp Target=695.45945228 Vel=700.0 V=12.9 A=266.0
2025-09-25T15:20:25.078000,INFO,970,6617,FTC,Phase=RampUp Target=696.9812291800001 Vel=700.0 V=12.9 A=269.0
2025-09-25T15:20:25.090000,INFO,970,6617,FTC,Phase=RampUp Target=698.7498843199998 Vel=680.0 V=12.9 A=269.0
2025-09-25T15:20:25.101000,INFO,970,6617,FTC,Phase=RampUp Target=700.45839196 Vel=680.0 V=12.9 A=273.0
2025-09-25T15:20:25.112000,INFO,970,6617,FTC,Phase=RampUp Target=702.0898879800001 Vel=680.0 V=12.895 A=277.0
2025-09-25T15:20:25.123000,INFO,970,6617,FTC,Phase=RampUp Target=703.5786715 Vel=680.0 V=12.895 A=309.0
2025-09-25T15:20:25.140000,INFO,970,6617,FTC,Phase=RampUp Target=705.1071041399998 Vel=700.0 V=12.895 A=313.0
2025-09-25T15:20:25.151000,INFO,970,6617,FTC,Phase=RampUp Target=707.4653110400001 Vel=700.0 V=12.895 A=306.0
2025-09-25T15:20:25.162000,INFO,970,6617,FTC,Phase=RampUp Target=709.1090978000001 Vel=720.0 V=12.9 A=291.0
2025-09-25T15:20:25.175000,INFO,970,6617,FTC,Phase=RampUp Target=710.6363055799999 Vel=720.0 V=12.9 A=258.0
2025-09-25T15:20:25.188000,INFO,970,6617,FTC,Phase=RampUp Target=712.3657198400001 Vel=720.0 V=12.9 A=240.0
2025-09-25T15:20:25.199000,INFO,970,6617,FTC,Phase=RampUp Target=714.15017748 Vel=740.0 V=12.895 A=244.0
2025-09-25T15:20:25.212000,INFO,970,6617,FTC,Phase=RampUp Target=715.7811427600001 Vel=720.0 V=12.9 A=258.0
2025-09-25T15:20:25.227000,INFO,970,6617,FTC,Phase=RampUp Target=717.51517114 Vel=720.0 V=12.9 A=291.0
2025-09-25T15:20:25.240000,INFO,970,6617,FTC,Phase=RampUp Target=719.6253155399999 Vel=720.0 V=12.895 A=298.0
2025-09-25T15:20:25.251000,INFO,970,6617,FTC,Phase=RampUp Target=721.4226358200002 Vel=700.0 V=12.891 A=291.0
2025-09-25T15:20:25.262000,INFO,970,6617,FTC,Phase=RampUp Target=723.0640950800001 Vel=700.0 V=12.895 A=302.0
2025-09-25T15:20:25.273000,INFO,970,6617,FTC,Phase=RampUp Target=724.5919152199999 Vel=720.0 V=12.895 A=324.0
2025-09-25T15:20:25.288000,INFO,970,6617,FTC,Phase=RampUp Target=726.1220628599998 Vel=720.0 V=12.895 A=335.0
2025-09-25T15:20:25.301000,INFO,970,6617,FTC,Phase=RampUp Target=728.1626681400002 Vel=740.0 V=12.895 A=317.0
2025-09-25T15:20:25.312000,INFO,970,6617,FTC,Phase=RampUp Target=730.0138882800002 Vel=760.0 V=12.9 A=298.0
2025-09-25T15:20:25.328000,INFO,970,6617,FTC,Phase=RampUp Target=731.6562459199997 Vel=760.0 V=12.904 A=266.0
2025-09-25T15:20:25.344000,INFO,970,6617,FTC,Phase=RampUp Target=733.7845203200001 Vel=760.0 V=12.895 A=247.0
2025-09-25T15:20:25.357000,INFO,970,6617,FTC,Phase=RampUp Target=736.0626531000001 Vel=760.0 V=12.9 A=247.0
2025-09-25T15:20:25.370000,INFO,970,6617,FTC,Phase=RampUp Target=737.8834523599999 Vel=760.0 V=12.895 A=255.0
2025-09-25T15:20:25.382000,INFO,970,6617,FTC,Phase=RampUp Target=739.7730558799999 Vel=740.0 V=12.9 A=258.0
2025-09-25T15:20:25.393000,INFO,970,6617,FTC,Phase=RampUp Target=741.32439616 Vel=760.0 V=12.895 A=269.0
2025-09-25T15:20:25.412000,INFO,970,6617,FTC,Phase=RampUp Target=743.2476462999997 Vel=740.0 V=12.9 A=266.0
2025-09-25T15:20:25.423000,INFO,970,6617,FTC,Phase=RampUp Target=745.6096506999999 Vel=740.0 V=12.9 A=273.0
2025-09-25T15:20:25.434000,INFO,970,6617,FTC,Phase=RampUp Target=747.0965967199999 Vel=740.0 V=12.9 A=273.0
2025-09-25T15:20:25.451000,INFO,970,6617,FTC,Phase=RampUp Target=748.5950575999998 Vel=740.0 V=12.895 A=269.0
2025-09-25T15:20:25.464000,INFO,970,6617,FTC,Phase=RampUp Target=751.0384837599997 Vel=720.0 V=12.895 A=284.0
2025-09-25T15:20:25.475000,INFO,970,6617,FTC,Phase=RampUp Target=752.8810472799997 Vel=740.0 V=12.895 A=313.0
2025-09-25T15:20:25.487000,INFO,970,6617,FTC,Phase=RampUp Target=754.4766099200001 Vel=740.0 V=12.891 A=313.0
2025-09-25T15:20:25.500000,INFO,970,6617,FTC,Phase=RampUp Target=756.1185184399999 Vel=740.0 V=12.891 A=309.0
2025-09-25T15:20:25.513000,INFO,970,6617,FTC,Phase=RampUp Target=757.8649194599999 Vel=760.0 V=12.895 A=306.0
2025-09-25T15:20:25.523000,INFO,970,6617,FTC,Phase=RampUp Target=759.6823295999997 Vel=760.0 V=12.9 A=295.0
2025-09-25T15:20:25.535000,INFO,970,6617,FTC,Phase=RampUp Target=761.1544938599998 Vel=780.0 V=12.891 A=291.0
2025-09-25T15:20:25.545000,INFO,970,6617,FTC,Phase=RampUp Target=762.7358873800001 Vel=780.0 V=12.895 A=284.0
2025-09-25T15:20:25.559000,INFO,970,6617,FTC,Phase=RampUp Target=764.1855933999998 Vel=780.0 V=12.891 A=280.0
2025-09-25T15:20:25.569000,INFO,970,6617,FTC,Phase=RampUp Target=766.1021469199999 Vel=780.0 V=12.895 A=287.0
2025-09-25T15:20:25.580000,INFO,970,6617,FTC,Phase=RampUp Target=767.4974220600002 Vel=780.0 V=12.895 A=284.0
2025-09-25T15:20:25.590000,INFO,970,6617,FTC,Phase=RampUp Target=769.0839605799999 Vel=780.0 V=12.895 A=277.0
2025-09-25T15:20:25.601000,INFO,970,6617,FTC,Phase=RampUp Target=770.5155366 Vel=780.0 V=12.895 A=277.0
2025-09-25T15:20:25.616000,INFO,970,6617,FTC,Phase=RampUp Target=771.9784317400001 Vel=800.0 V=12.895 A=280.0
2025-09-25T15:20:25.629000,INFO,970,6617,FTC,Phase=RampUp Target=774.19931614 Vel=780.0 V=12.9 A=284.0
2025-09-25T15:20:25.639000,INFO,970,6617,FTC,Phase=RampUp Target=775.89741128 Vel=780.0 V=12.895 A=277.0
2025-09-25T15:20:25.654000,INFO,970,6617,FTC,Phase=RampUp Target=777.4024055399998 Vel=780.0 V=12.895 A=273.0
2025-09-25T15:20:25.667000,INFO,970,6617,FTC,Phase=RampUp Target=779.5385199399998 Vel=780.0 V=12.895 A=280.0
2025-09-25T15:20:25.682000,INFO,970,6617,FTC,Phase=RampUp Target=781.2772034599999 Vel=800.0 V=12.9 A=277.0
2025-09-25T15:20:25.697000,INFO,970,6617,FTC,Phase=RampUp Target=783.3468003600001 Vel=800.0 V=12.9 A=280.0
2025-09-25T15:20:25.710000,INFO,970,6617,FTC,Phase=RampUp Target=785.457353 Vel=780.0 V=12.9 A=277.0
2025-09-25T15:20:25.725000,INFO,970,6617,FTC,Phase=RampUp Target=787.2960782800002 Vel=780.0 V=12.895 A=280.0
2025-09-25T15:20:25.743000,INFO,970,6617,FTC,Phase=RampUp Target=789.4143892999998 Vel=780.0 V=12.895 A=277.0
2025-09-25T15:20:25.755000,INFO,970,6617,FTC,Phase=RampUp Target=791.9048553199999 Vel=800.0 V=12.895 A=269.0
2025-09-25T15:20:25.770000,INFO,970,6617,FTC,Phase=RampUp Target=793.6250413399999 Vel=800.0 V=12.895 A=273.0
2025-09-25T15:20:25.782000,INFO,970,6617,FTC,Phase=RampUp Target=795.6785091200002 Vel=800.0 V=12.895 A=280.0
2025-09-25T15:20:25.793000,INFO,970,6617,FTC,Phase=RampUp Target=797.3824025000001 Vel=800.0 V=12.895 A=280.0
2025-09-25T15:20:25.805000,INFO,970,6617,FTC,Phase=RampUp Target=798.9158577800001 Vel=800.0 V=12.895 A=269.0
2025-09-25T15:20:25.816000,INFO,970,6617,FTC,Phase=RampUp Target=800.5858186600002 Vel=780.0 V=12.895 A=284.0
2025-09-25T15:20:25.829000,INFO,970,6617,FTC,Phase=RampUp Target=802.12964556 Vel=780.0 V=12.895 A=313.0
2025-09-25T15:20:25.841000,INFO,970,6617,FTC,Phase=RampUp Target=803.8878473199999 Vel=800.0 V=12.895 A=320.0
2025-09-25T15:20:25.856000,INFO,970,6617,FTC,Phase=RampUp Target=805.6113408400001 Vel=800.0 V=12.895 A=317.0
2025-09-25T15:20:25.867000,INFO,970,6617,FTC,Phase=RampUp Target=807.72507862 Vel=820.0 V=12.895 A=302.0
2025-09-25T15:20:25.880000,INFO,970,6617,FTC,Phase=RampUp Target=809.22990964 Vel=840.0 V=12.9 A=269.0
2025-09-25T15:20:25.892000,INFO,970,6617,FTC,Phase=RampUp Target=811.0751272799998 Vel=820.0 V=12.895 A=258.0
2025-09-25T15:20:25.906000,INFO,970,6617,FTC,Phase=RampUp Target=812.82818404 Vel=820.0 V=12.895 A=255.0
2025-09-25T15:20:25.919000,INFO,970,6617,FTC,Phase=RampUp Target=814.6871626999998 Vel=820.0 V=12.895 A=262.0
2025-09-25T15:20:25.936000,INFO,970,6617,FTC,Phase=RampUp Target=816.5850144599999 Vel=820.0 V=12.895 A=302.0
2025-09-25T15:20:25.946000,INFO,970,6617,FTC,Phase=RampUp Target=818.8584513599999 Vel=820.0 V=12.9 A=298.0
2025-09-25T15:20:25.959000,INFO,970,6617,FTC,Phase=RampUp Target=820.3935398799998 Vel=820.0 V=12.895 A=295.0
2025-09-25T15:20:25.971000,INFO,970,6617,FTC,Phase=RampUp Target=822.1572950199998 Vel=840.0 V=12.895 A=262.0
2025-09-25T15:20:25.984000,INFO,970,6617,FTC,Phase=RampUp Target=823.81320942 Vel=820.0 V=12.895 A=251.0
2025-09-25T15:20:25.996000,INFO,970,6617,FTC,Phase=RampUp Target=825.5928486800001 Vel=820.0 V=12.9 A=244.0
2025-09-25T15:20:26.008000,INFO,970,6617,FTC,Phase=RampUp Target=827.4214472000001 Vel=820.0 V=12.9 A=255.0
2025-09-25T15:20:26.021000,INFO,970,6617,FTC,Phase=RampUp Target=829.0354257200001 Vel=820.0 V=12.895 A=298.0
2025-09-25T15:20:26.035000,INFO,970,6617,FTC,Phase=RampUp Target=830.89383262 Vel=820.0 V=12.891 A=306.0
2025-09-25T15:20:26.046000,INFO,970,6617,FTC,Phase=RampUp Target=832.7835586399998 Vel=820.0 V=12.891 A=298.0
2025-09-25T15:20:26.059000,INFO,970,6617,FTC,Phase=RampUp Target=834.3861446599998 Vel=840.0 V=12.891 A=298.0
2025-09-25T15:20:26.071000,INFO,970,6617,FTC,Phase=RampUp Target=836.1334031800002 Vel=820.0 V=12.891 A=295.0
2025-09-25T15:20:26.081000,INFO,970,6617,FTC,Phase=RampUp Target=837.76424582 Vel=820.0 V=12.895 A=287.0
2025-09-25T15:20:26.092000,INFO,970,6617,FTC,Phase=RampUp Target=839.1825100799999 Vel=840.0 V=12.891 A=287.0
2025-09-25T15:20:26.105000,INFO,970,6617,FTC,Phase=RampUp Target=840.8240511000001 Vel=840.0 V=12.891 A=287.0
2025-09-25T15:20:26.118000,INFO,970,6617,FTC,Phase=RampUp Target=842.5951971199999 Vel=840.0 V=12.891 A=287.0
2025-09-25T15:20:26.129000,INFO,970,6617,FTC,Phase=RampUp Target=844.3887197599997 Vel=840.0 V=12.895 A=287.0
2025-09-25T15:20:26.141000,INFO,970,6617,FTC,Phase=RampUp Target=845.89747078 Vel=840.0 V=12.891 A=284.0
2025-09-25T15:20:26.152000,INFO,970,6617,FTC,Phase=RampUp Target=847.6367668 Vel=840.0 V=12.895 A=280.0
2025-09-25T15:20:26.166000,INFO,970,6617,FTC,Phase=RampUp Target=849.1108503199998 Vel=840.0 V=12.895 A=284.0
2025-09-25T15:20:26.179000,INFO,970,6617,FTC,Phase=RampUp Target=851.13867458 Vel=860.0 V=12.895 A=273.0
2025-09-25T15:20:26.189000,INFO,970,6617,FTC,Phase=RampUp Target=852.94109898 Vel=840.0 V=12.891 A=280.0
2025-09-25T15:20:26.200000,INFO,970,6617,FTC,Phase=RampUp Target=854.41424324 Vel=860.0 V=12.895 A=280.0
2025-09-25T15:20:26.218000,INFO,970,6617,FTC,Phase=RampUp Target=855.8689717599999 Vel=840.0 V=12.891 A=287.0
2025-09-25T15:20:26.233000,INFO,970,6617,FTC,Phase=RampUp Target=858.3822229200001 Vel=860.0 V=12.891 A=320.0
2025-09-25T15:20:26.243000,INFO,970,6617,FTC,Phase=RampUp Target=860.4530446799997 Vel=840.0 V=12.895 A=317.0
2025-09-25T15:20:26.258000,INFO,970,6617,FTC,Phase=RampUp Target=861.97657746 Vel=860.0 V=12.895 A=313.0
2025-09-25T15:20:26.274000,INFO,970,6617,FTC,Phase=RampUp Target=864.0438467200001 Vel=880.0 V=12.895 A=273.0
2025-09-25T15:20:26.285000,INFO,970,6617,FTC,Phase=RampUp Target=866.2737961199999 Vel=880.0 V=12.895 A=262.0
2025-09-25T15:20:26.297000,INFO,970,6617,FTC,Phase=RampUp Target=867.8546587600001 Vel=900.0 V=12.895 A=255.0
2025-09-25T15:20:26.309000,INFO,970,6617,FTC,Phase=RampUp Target=869.4489147799998 Vel=880.0 V=12.895 A=251.0
2025-09-25T15:20:26.322000,INFO,970,6617,FTC,Phase=RampUp Target=871.1149557999997 Vel=880.0 V=12.895 A=258.0
2025-09-25T15:20:26.337000,INFO,970,6617,FTC,Phase=RampUp Target=872.9465352000002 Vel=860.0 V=12.895 A=266.0
2025-09-25T15:20:26.348000,INFO,970,6617,FTC,Phase=RampUp Target=875.0278512200002 Vel=860.0 V=12.895 A=266.0
2025-09-25T15:20:26.363000,INFO,970,6617,FTC,Phase=RampUp Target=876.6294979800001 Vel=860.0 V=12.887 A=284.0
2025-09-25T15:20:26.380000,INFO,970,6617,FTC,Phase=RampUp Target=878.77218664 Vel=860.0 V=12.887 A=357.0
2025-09-25T15:20:26.392000,INFO,970,6617,FTC,Phase=RampUp Target=881.1831092799998 Vel=860.0 V=12.891 A=357.0
2025-09-25T15:20:26.405000,INFO,970,6617,FTC,Phase=RampUp Target=882.7734861799998 Vel=900.0 V=12.895 A=346.0
2025-09-25T15:20:26.417000,INFO,970,6617,FTC,Phase=RampUp Target=884.5993488199998 Vel=900.0 V=12.895 A=328.0
2025-09-25T15:20:26.431000,INFO,970,6617,FTC,Phase=RampUp Target=886.2379498399999 Vel=920.0 V=12.895 A=269.0
2025-09-25T15:20:26.442000,INFO,970,6617,FTC,Phase=RampUp Target=888.2189383600002 Vel=940.0 V=12.895 A=266.0
2025-09-25T15:20:26.455000,INFO,970,6617,FTC,Phase=RampUp Target=889.76546012 Vel=920.0 V=12.895 A=266.0
2025-09-25T15:20:26.468000,INFO,970,6617,FTC,Phase=RampUp Target=891.6352595199999 Vel=920.0 V=12.895 A=258.0
2025-09-25T15:20:26.484000,INFO,970,6617,FTC,Phase=RampUp Target=893.3618155399996 Vel=920.0 V=12.895 A=240.0
2025-09-25T15:20:26.498000,INFO,970,6617,FTC,Phase=RampUp Target=895.68711082 Vel=900.0 V=12.9 A=240.0
2025-09-25T15:20:26.510000,INFO,970,6617,FTC,Phase=RampUp Target=897.6226518399999 Vel=900.0 V=12.895 A=244.0
2025-09-25T15:20:26.526000,INFO,970,6617,FTC,Phase=RampUp Target=899.2710936000002 Vel=880.0 V=12.891 A=324.0
2025-09-25T15:20:26.541000,INFO,970,6617,FTC,Phase=RampUp Target=901.47343962 Vel=880.0 V=12.891 A=342.0
2025-09-25T15:20:26.552000,INFO,970,6617,FTC,Phase=RampUp Target=903.5699049 Vel=900.0 V=12.895 A=331.0
2025-09-25T15:20:26.568000,INFO,970,6617,FTC,Phase=RampUp Target=905.2234918000003 Vel=920.0 V=12.895 A=313.0
2025-09-25T15:20:26.580000,INFO,970,6617,FTC,Phase=RampUp Target=907.4792885599999 Vel=920.0 V=12.891 A=284.0
2025-09-25T15:20:26.594000,INFO,970,6617,FTC,Phase=RampUp Target=909.1692988400001 Vel=940.0 V=12.895 A=266.0
2025-09-25T15:20:26.607000,INFO,970,6617,FTC,Phase=RampUp Target=911.0686614799998 Vel=920.0 V=12.895 A=262.0
2025-09-25T15:20:26.620000,INFO,970,6617,FTC,Phase=RampUp Target=912.9356025 Vel=920.0 V=12.891 A=269.0
2025-09-25T15:20:26.634000,INFO,970,6617,FTC,Phase=RampUp Target=914.7337801400001 Vel=920.0 V=12.895 A=309.0
2025-09-25T15:20:26.646000,INFO,970,6617,FTC,Phase=RampUp Target=916.7307754200002 Vel=920.0 V=12.895 A=309.0
2025-09-25T15:20:26.659000,INFO,970,6617,FTC,Phase=RampUp Target=918.34426394 Vel=920.0 V=12.891 A=313.0
2025-09-25T15:20:26.672000,INFO,970,6617,FTC,Phase=RampUp Target=920.1277824599999 Vel=920.0 V=12.895 A=302.0
2025-09-25T15:20:26.686000,INFO,970,6617,FTC,Phase=RampUp Target=922.0325759799999 Vel=940.0 V=12.891 A=302.0
2025-09-25T15:20:26.701000,INFO,970,6617,FTC,Phase=RampUp Target=924.029367 Vel=940.0 V=12.895 A=291.0
2025-09-25T15:20:26.716000,INFO,970,6617,FTC,Phase=RampUp Target=926.1389396399998 Vel=960.0 V=12.895 A=284.0
2025-09-25T15:20:26.731000,INFO,970,6617,FTC,Phase=RampUp Target=928.15537154 Vel=940.0 V=12.895 A=255.0
2025-09-25T15:20:26.747000,INFO,970,6617,FTC,Phase=RampUp Target=930.17086418 Vel=940.0 V=12.895 A=255.0
2025-09-25T15:20:26.761000,INFO,970,6617,FTC,Phase=RampUp Target=932.4227410800002 Vel=940.0 V=12.895 A=266.0
2025-09-25T15:20:26.773000,INFO,970,6617,FTC,Phase=RampUp Target=934.4270863600001 Vel=940.0 V=12.891 A=295.0
2025-09-25T15:20:26.789000,INFO,970,6617,FTC,Phase=RampUp Target=936.1159531200001 Vel=920.0 V=12.891 A=298.0
2025-09-25T15:20:26.804000,INFO,970,6617,FTC,Phase=RampUp Target=938.3223417799998 Vel=940.0 V=12.887 A=306.0
2025-09-25T15:20:26.817000,INFO,970,6617,FTC,Phase=RampUp Target=940.5115802999999 Vel=940.0 V=12.895 A=295.0
2025-09-25T15:20:26.837000,INFO,970,6617,FTC,Phase=RampUp Target=942.5415279399997 Vel=940.0 V=12.891 A=295.0
2025-09-25T15:20:26.852000,INFO,970,6617,FTC,Phase=RampUp Target=945.0275023400002 Vel=940.0 V=12.891 A=295.0
2025-09-25T15:20:26.864000,INFO,970,6617,FTC,Phase=RampUp Target=947.1206601200001 Vel=940.0 V=12.895 A=287.0
2025-09-25T15:20:26.881000,INFO,970,6617,FTC,Phase=RampUp Target=948.8092411399999 Vel=960.0 V=12.891 A=284.0
2025-09-25T15:20:26.893000,INFO,970,6617,FTC,Phase=RampUp Target=951.1920705399997 Vel=960.0 V=12.895 A=284.0
2025-09-25T15:20:26.907000,INFO,970,6617,FTC,Phase=RampUp Target=952.9044165600002 Vel=940.0 V=12.891 A=291.0
2025-09-25T15:20:26.921000,INFO,970,6617,FTC,Phase=RampUp Target=954.8834042 Vel=960.0 V=12.895 A=287.0
2025-09-25T15:20:26.937000,INFO,970,6617,FTC,Phase=RampUp Target=956.8809302200001 Vel=960.0 V=12.895 A=291.0
2025-09-25T15:20:26.951000,INFO,970,6617,FTC,Phase=RampUp Target=959.03260212 Vel=940.0 V=12.895 A=287.0
2025-09-25T15:20:26.966000,INFO,970,6617,FTC,Phase=RampUp Target=960.9955424 Vel=940.0 V=12.895 A=295.0
2025-09-25T15:20:26.978000,INFO,970,6617,FTC,Phase=RampUp Target=963.1837191599998 Vel=960.0 V=12.887 A=320.0
2025-09-25T15:20:26.995000,INFO,970,6617,FTC,Phase=RampUp Target=964.88181444 Vel=960.0 V=12.891 A=320.0
2025-09-25T15:20:27.013000,INFO,970,6617,FTC,Phase=RampUp Target=967.1824870799996 Vel=960.0 V=12.895 A=309.0
2025-09-25T15:20:27.025000,INFO,970,6617,FTC,Phase=RampUp Target=969.7731989799998 Vel=980.0 V=12.895 A=273.0
2025-09-25T15:20:27.037000,INFO,970,6617,FTC,Phase=RampUp Target=971.4475699999998 Vel=980.0 V=12.895 A=273.0
2025-09-25T15:20:27.055000,INFO,970,6617,FTC,Phase=RampUp Target=973.12949528 Vel=980.0 V=12.895 A=266.0
2025-09-25T15:20:27.069000,INFO,970,6617,FTC,Phase=RampUp Target=975.6157146799999 Vel=980.0 V=12.891 A=273.0
2025-09-25T15:20:27.080000,INFO,970,6617,FTC,Phase=RampUp Target=977.5288789400001 Vel=980.0 V=12.891 A=306.0
2025-09-25T15:20:27.093000,INFO,970,6617,FTC,Phase=RampUp Target=979.1337517199999 Vel=980.0 V=12.887 A=317.0
2025-09-25T15:20:27.104000,INFO,970,6617,FTC,Phase=RampUp Target=980.9164127399999 Vel=1000.0 V=12.891 A=306.0
2025-09-25T15:20:27.117000,INFO,970,6617,FTC,Phase=RampUp Target=982.4422728800002 Vel=1000.0 V=12.895 A=295.0
2025-09-25T15:20:27.131000,INFO,970,6617,FTC,Phase=RampUp Target=984.2728314000001 Vel=980.0 V=12.9 A=262.0
2025-09-25T15:20:27.142000,INFO,970,6617,FTC,Phase=RampUp Target=986.2110265399999 Vel=980.0 V=12.895 A=258.0
2025-09-25T15:20:27.153000,INFO,970,6617,FTC,Phase=RampUp Target=987.7454208000001 Vel=980.0 V=12.895 A=258.0
2025-09-25T15:20:27.169000,INFO,970,6617,FTC,Phase=RampUp Target=989.2977001999997 Vel=980.0 V=12.891 A=269.0
2025-09-25T15:20:27.182000,INFO,970,6617,FTC,Phase=RampUp Target=991.5861637200001 Vel=1000.0 V=12.891 A=302.0
2025-09-25T15:20:27.195000,INFO,970,6617,FTC,Phase=RampUp Target=993.3417931200003 Vel=980.0 V=12.895 A=309.0
2025-09-25T15:20:27.208000,INFO,970,6617,FTC,Phase=RampUp Target=995.18300914 Vel=980.0 V=12.891 A=306.0
2025-09-25T15:20:27.223000,INFO,970,6617,FTC,Phase=RampUp Target=996.9630158999998 Vel=980.0 V=12.891 A=338.0
2025-09-25T15:20:27.235000,INFO,970,6617,FTC,Phase=RampUp Target=999.0723027999999 Vel=1000.0 V=12.891 A=338.0
2025-09-25T15:20:27.246000,INFO,970,6617,FTC,Phase=RampUp Target=1000.8404679400002 Vel=1020.0 V=12.891 A=331.0
2025-09-25T15:20:27.258000,INFO,970,6617,FTC,Phase=RampUp Target=1002.3281898399998 Vel=1020.0 V=12.887 A=320.0
2025-09-25T15:20:27.274000,INFO,970,6617,FTC,Phase=RampUp Target=1003.98108248 Vel=1020.0 V=12.891 A=284.0
2025-09-25T15:20:27.285000,INFO,970,6617,FTC,Phase=RampUp Target=1006.2209134999998 Vel=1020.0 V=12.895 A=266.0
2025-09-25T15:20:27.299000,INFO,970,6617,FTC,Phase=RampUp Target=1007.7655978999998 Vel=1040.0 V=12.895 A=266.0
2025-09-25T15:20:27.312000,INFO,970,6617,FTC,Phase=RampUp Target=1009.7250671600001 Vel=1040.0 V=12.891 A=266.0
2025-09-25T15:20:27.325000,INFO,970,6617,FTC,Phase=RampUp Target=1011.55864744 Vel=1020.0 V=12.895 A=266.0
2025-09-25T15:20:27.340000,INFO,970,6617,FTC,Phase=RampUp Target=1013.32134096 Vel=1020.0 V=12.891 A=273.0
2025-09-25T15:20:27.352000,INFO,970,6617,FTC,Phase=RampUp Target=1015.4293619799998 Vel=1000.0 V=12.891 A=277.0
2025-09-25T15:20:27.364000,INFO,970,6617,FTC,Phase=RampUp Target=1017.1238229999998 Vel=1020.0 V=12.891 A=287.0
2025-09-25T15:20:27.377000,INFO,970,6617,FTC,Phase=RampUp Target=1018.9088522599998 Vel=1020.0 V=12.891 A=313.0
2025-09-25T15:20:27.390000,INFO,970,6617,FTC,Phase=RampUp Target=1020.6285482800001 Vel=1020.0 V=12.891 A=317.0
2025-09-25T15:20:27.402000,INFO,970,6617,FTC,Phase=RampUp Target=1022.55522856 Vel=1020.0 V=12.891 A=317.0
2025-09-25T15:20:27.414000,INFO,970,6617,FTC,Phase=RampUp Target=1024.1007703199998 Vel=1020.0 V=12.891 A=306.0
2025-09-25T15:20:27.424000,INFO,970,6617,FTC,Phase=RampUp Target=1025.77991884 Vel=1040.0 V=12.895 A=306.0
2025-09-25T15:20:27.438000,INFO,970,6617,FTC,Phase=RampUp Target=1027.2732755999998 Vel=1040.0 V=12.887 A=302.0
2025-09-25T15:20:27.450000,INFO,970,6617,FTC,Phase=RampUp Target=1029.2504666199998 Vel=1040.0 V=12.895 A=302.0
2025-09-25T15:20:27.462000,INFO,970,6617,FTC,Phase=RampUp Target=1030.8759601400002 Vel=1040.0 V=12.891 A=291.0
2025-09-25T15:20:27.477000,INFO,970,6617,FTC,Phase=RampUp Target=1032.54886116 Vel=1040.0 V=12.891 A=269.0
2025-09-25T15:20:27.489000,INFO,970,6617,FTC,Phase=RampUp Target=1034.73250556 Vel=1060.0 V=12.891 A=262.0
2025-09-25T15:20:27.502000,INFO,970,6617,FTC,Phase=RampUp Target=1036.3352957000002 Vel=1040.0 V=12.891 A=258.0
2025-09-25T15:20:27.514000,INFO,970,6617,FTC,Phase=RampUp Target=1038.2264100999998 Vel=1040.0 V=12.891 A=269.0
2025-09-25T15:20:27.531000,INFO,970,6617,FTC,Phase=RampUp Target=1039.78987774 Vel=1040.0 V=12.891 A=309.0
2025-09-25T15:20:27.543000,INFO,970,6617,FTC,Phase=RampUp Target=1042.2317112600003 Vel=1040.0 V=12.891 A=313.0
2025-09-25T15:20:27.556000,INFO,970,6617,FTC,Phase=RampUp Target=1043.8620231599998 Vel=1040.0 V=12.891 A=306.0
2025-09-25T15:20:27.567000,INFO,970,6617,FTC,Phase=RampUp Target=1045.7946650599997 Vel=1040.0 V=12.891 A=298.0
2025-09-25T15:20:27.579000,INFO,970,6617,FTC,Phase=RampUp Target=1047.30259932 Vel=1040.0 V=12.891 A=306.0
2025-09-25T15:20:27.590000,INFO,970,6617,FTC,Phase=RampUp Target=1049.0269912200001 Vel=1060.0 V=12.887 A=302.0
2025-09-25T15:20:27.602000,INFO,970,6617,FTC,Phase=RampUp Target=1050.5587722399996 Vel=1060.0 V=12.891 A=295.0
2025-09-25T15:20:27.613000,INFO,970,6617,FTC,Phase=RampUp Target=1052.2387781199998 Vel=1040.0 V=12.895 A=295.0
2025-09-25T15:20:27.627000,INFO,970,6617,FTC,Phase=RampUp Target=1053.7112691399998 Vel=1060.0 V=12.891 A=291.0
2025-09-25T15:20:27.639000,INFO,970,6617,FTC,Phase=RampUp Target=1055.73864428 Vel=1040.0 V=12.891 A=287.0
2025-09-25T15:20:27.654000,INFO,970,6617,FTC,Phase=RampUp Target=1057.3486211799998 Vel=1060.0 V=12.891 A=284.0
2025-09-25T15:20:27.669000,INFO,970,6617,FTC,Phase=RampUp Target=1059.5066630800002 Vel=1060.0 V=12.887 A=284.0
2025-09-25T15:20:27.680000,INFO,970,6617,FTC,Phase=RampUp Target=1061.49651248 Vel=1060.0 V=12.891 A=291.0
2025-09-25T15:20:27.695000,INFO,970,6617,FTC,Phase=RampUp Target=1063.04756674 Vel=1060.0 V=12.895 A=287.0
2025-09-25T15:20:27.709000,INFO,970,6617,FTC,Phase=RampUp Target=1065.2301086400003 Vel=1060.0 V=12.891 A=291.0
2025-09-25T15:20:27.720000,INFO,970,6617,FTC,Phase=RampUp Target=1067.11187216 Vel=1060.0 V=12.891 A=298.0
2025-09-25T15:20:27.732000,INFO,970,6617,FTC,Phase=RampUp Target=1068.6554947999998 Vel=1060.0 V=12.891 A=328.0
2025-09-25T15:20:27.745000,INFO,970,6617,FTC,Phase=RampUp Target=1070.3924224399998 Vel=1060.0 V=12.891 A=324.0
2025-09-25T15:20:27.757000,INFO,970,6617,FTC,Phase=RampUp Target=1072.2144877199999 Vel=1060.0 V=12.891 A=317.0
2025-09-25T15:20:27.771000,INFO,970,6617,FTC,Phase=RampUp Target=1073.8449628599997 Vel=1080.0 V=12.891 A=280.0
2025-09-25T15:20:27.789000,INFO,970,6617,FTC,Phase=RampUp Target=1075.8638447600001 Vel=1080.0 V=12.895 A=266.0
2025-09-25T15:20:27.800000,INFO,970,6617,FTC,Phase=RampUp Target=1078.3682349 Vel=1100.0 V=12.891 A=269.0
2025-09-25T15:20:27.814000,INFO,970,6617,FTC,Phase=RampUp Target=1079.9642468000002 Vel=1100.0 V=12.891 A=269.0
2025-09-25T15:20:27.826000,INFO,970,6617,FTC,Phase=RampUp Target=1081.9037487 Vel=1080.0 V=12.895 A=273.0
2025-09-25T15:20:27.841000,INFO,970,6617,FTC,Phase=RampUp Target=1083.50278208 Vel=1080.0 V=12.895 A=269.0
2025-09-25T15:20:27.854000,INFO,970,6617,FTC,Phase=RampUp Target=1085.61353898 Vel=1060.0 V=12.891 A=277.0
2025-09-25T15:20:27.865000,INFO,970,6617,FTC,Phase=RampUp Target=1087.4950575 Vel=1060.0 V=12.891 A=284.0
2025-09-25T15:20:27.879000,INFO,970,6617,FTC,Phase=RampUp Target=1089.08878264 Vel=1060.0 V=12.891 A=313.0
2025-09-25T15:20:27.890000,INFO,970,6617,FTC,Phase=RampUp Target=1090.9421261599996 Vel=1060.0 V=12.891 A=320.0
2025-09-25T15:20:27.903000,INFO,970,6617,FTC,Phase=RampUp Target=1092.4438130600001 Vel=1080.0 V=12.891 A=320.0
2025-09-25T15:20:27.916000,INFO,970,6617,FTC,Phase=RampUp Target=1094.28098658 Vel=1080.0 V=12.891 A=313.0
2025-09-25T15:20:27.928000,INFO,970,6617,FTC,Phase=RampUp Target=1096.1891284800001 Vel=1100.0 V=12.891 A=313.0
2025-09-25T15:20:27.944000,INFO,970,6617,FTC,Phase=RampUp Target=1097.87334024 Vel=1100.0 V=12.891 A=306.0
2025-09-25T15:20:27.958000,INFO,970,6617,FTC,Phase=RampUp Target=1100.04159052 Vel=1100.0 V=12.891 A=302.0
2025-09-25T15:20:27.969000,INFO,970,6617,FTC,Phase=RampUp Target=1102.0545922799997 Vel=1100.0 V=12.891 A=302.0
2025-09-25T15:20:27.981000,INFO,970,6617,FTC,Phase=RampUp Target=1103.5718775599998 Vel=1100.0 V=12.891 A=291.0
2025-09-25T15:20:27.992000,INFO,970,6617,FTC,Phase=RampUp Target=1105.2960651999997 Vel=1100.0 V=12.895 A=295.0
2025-09-25T15:20:28.005000,INFO,970,6617,FTC,Phase=RampUp Target=1106.79934446 Vel=1100.0 V=12.891 A=295.0
2025-09-25T15:20:28.018000,INFO,970,6617,FTC,Phase=RampUp Target=1108.5946638599999 Vel=1100.0 V=12.891 A=298.0
2025-09-25T15:20:28.032000,INFO,970,6617,FTC,Phase=RampUp Target=1110.46233988 Vel=1100.0 V=12.891 A=298.0
2025-09-25T15:20:28.045000,INFO,970,6617,FTC,Phase=RampUp Target=1112.3667659 Vel=1100.0 V=12.891 A=295.0
2025-09-25T15:20:28.057000,INFO,970,6617,FTC,Phase=RampUp Target=1114.1773160399998 Vel=1100.0 V=12.891 A=295.0
2025-09-25T15:20:28.067000,INFO,970,6617,FTC,Phase=RampUp Target=1115.8183670600001 Vel=1100.0 V=12.887 A=302.0
2025-09-25T15:20:28.080000,INFO,970,6617,FTC,Phase=RampUp Target=1117.29355308 Vel=1120.0 V=12.887 A=331.0
2025-09-25T15:20:28.093000,INFO,970,6617,FTC,Phase=RampUp Target=1119.0629432199999 Vel=1120.0 V=12.887 A=335.0
2025-09-25T15:20:28.104000,INFO,970,6617,FTC,Phase=RampUp Target=1120.87390174 Vel=1120.0 V=12.891 A=324.0
2025-09-25T15:20:28.119000,INFO,970,6617,FTC,Phase=RampUp Target=1122.3901252599999 Vel=1140.0 V=12.887 A=313.0
2025-09-25T15:20:28.130000,INFO,970,6617,FTC,Phase=RampUp Target=1124.60533378 Vel=1120.0 V=12.895 A=280.0
2025-09-25T15:20:28.144000,INFO,970,6617,FTC,Phase=RampUp Target=1126.16459554 Vel=1140.0 V=12.891 A=273.0
2025-09-25T15:20:28.154000,INFO,970,6617,FTC,Phase=RampUp Target=1128.02549332 Vel=1140.0 V=12.895 A=273.0
2025-09-25T15:20:28.165000,INFO,970,6617,FTC,Phase=RampUp Target=1129.5186459599997 Vel=1140.0 V=12.895 A=277.0
2025-09-25T15:20:28.180000,INFO,970,6617,FTC,Phase=RampUp Target=1131.00808272 Vel=1140.0 V=12.891 A=273.0
2025-09-25T15:20:28.195000,INFO,970,6617,FTC,Phase=RampUp Target=1133.0940129999997 Vel=1120.0 V=12.891 A=280.0
2025-09-25T15:20:28.205000,INFO,970,6617,FTC,Phase=RampUp Target=1135.1534424 Vel=1120.0 V=12.891 A=284.0
2025-09-25T15:20:28.222000,INFO,970,6617,FTC,Phase=RampUp Target=1136.61960416 Vel=1120.0 V=12.887 A=360.0
2025-09-25T15:20:28.235000,INFO,970,6617,FTC,Phase=RampUp Target=1138.9000644399996 Vel=1120.0 V=12.887 A=371.0
2025-09-25T15:20:28.249000,INFO,970,6617,FTC,Phase=RampUp Target=1140.8181287 Vel=1140.0 V=12.887 A=364.0
2025-09-25T15:20:28.260000,INFO,970,6617,FTC,Phase=RampUp Target=1142.70205648 Vel=1160.0 V=12.882 A=353.0
2025-09-25T15:20:28.271000,INFO,970,6617,FTC,Phase=RampUp Target=1144.23608324 Vel=1160.0 V=12.895 A=306.0
2025-09-25T15:20:28.283000,INFO,970,6617,FTC,Phase=RampUp Target=1145.7913842599999 Vel=1180.0 V=12.887 A=287.0
2025-09-25T15:20:28.298000,INFO,970,6617,FTC,Phase=RampUp Target=1147.4806185199998 Vel=1180.0 V=12.891 A=284.0
2025-09-25T15:20:28.309000,INFO,970,6617,FTC,Phase=RampUp Target=1149.6219188000002 Vel=1180.0 V=12.891 A=284.0
2025-09-25T15:20:28.320000,INFO,970,6617,FTC,Phase=RampUp Target=1151.07607556 Vel=1180.0 V=12.895 A=273.0
2025-09-25T15:20:28.340000,INFO,970,6617,FTC,Phase=RampUp Target=1152.6540799599998 Vel=1180.0 V=12.895 A=258.0
2025-09-25T15:20:28.353000,INFO,970,6617,FTC,Phase=RampUp Target=1155.5561052399999 Vel=1160.0 V=12.887 A=255.0
2025-09-25T15:20:28.364000,INFO,970,6617,FTC,Phase=RampUp Target=1157.2953195000002 Vel=1140.0 V=12.887 A=277.0
2025-09-25T15:20:28.376000,INFO,970,6617,FTC,Phase=RampUp Target=1158.8112163999997 Vel=1160.0 V=12.882 A=331.0
2025-09-25T15:20:28.388000,INFO,970,6617,FTC,Phase=RampUp Target=1160.5657024199998 Vel=1160.0 V=12.891 A=346.0
2025-09-25T15:20:28.398000,INFO,970,6617,FTC,Phase=RampUp Target=1162.2504041799998 Vel=1160.0 V=12.891 A=342.0
2025-09-25T15:20:28.410000,INFO,970,6617,FTC,Phase=RampUp Target=1163.6653201999998 Vel=1160.0 V=12.887 A=342.0
2025-09-25T15:20:28.420000,INFO,970,6617,FTC,Phase=RampUp Target=1165.27260196 Vel=1180.0 V=12.891 A=295.0
2025-09-25T15:20:28.431000,INFO,970,6617,FTC,Phase=RampUp Target=1166.7447663599999 Vel=1180.0 V=12.891 A=284.0
2025-09-25T15:20:28.447000,INFO,970,6617,FTC,Phase=RampUp Target=1168.2793648800002 Vel=1180.0 V=12.887 A=284.0
2025-09-25T15:20:28.461000,INFO,970,6617,FTC,Phase=RampUp Target=1170.4273209 Vel=1200.0 V=12.891 A=280.0
2025-09-25T15:20:28.474000,INFO,970,6617,FTC,Phase=RampUp Target=1172.4027153 Vel=1180.0 V=12.895 A=277.0
2025-09-25T15:20:28.485000,INFO,970,6617,FTC,Phase=RampUp Target=1174.24442132 Vel=1180.0 V=12.891 A=280.0
2025-09-25T15:20:28.500000,INFO,970,6617,FTC,Phase=RampUp Target=1175.85235646 Vel=1180.0 V=12.887 A=287.0
2025-09-25T15:20:28.512000,INFO,970,6617,FTC,Phase=RampUp Target=1177.83848998 Vel=1160.0 V=12.887 A=298.0
2025-09-25T15:20:28.524000,INFO,970,6617,FTC,Phase=RampUp Target=1179.534666 Vel=1180.0 V=12.887 A=317.0
2025-09-25T15:20:28.536000,INFO,970,6617,FTC,Phase=RampUp Target=1181.25415776 Vel=1180.0 V=12.887 A=331.0
2025-09-25T15:20:28.547000,INFO,970,6617,FTC,Phase=RampUp Target=1182.96985216 Vel=1180.0 V=12.887 A=324.0
2025-09-25T15:20:28.562000,INFO,970,6617,FTC,Phase=RampUp Target=1184.5101264200002 Vel=1200.0 V=12.891 A=317.0
2025-09-25T15:20:28.575000,INFO,970,6617,FTC,Phase=RampUp Target=1186.5252517000001 Vel=1200.0 V=12.887 A=317.0
2025-09-25T15:20:28.585000,INFO,970,6617,FTC,Phase=RampUp Target=1188.37965684 Vel=1200.0 V=12.887 A=309.0
2025-09-25T15:20:28.601000,INFO,970,6617,FTC,Phase=RampUp Target=1189.83401786 Vel=1200.0 V=12.887 A=306.0
2025-09-25T15:20:28.612000,INFO,970,6617,FTC,Phase=RampUp Target=1191.9665797599998 Vel=1200.0 V=12.891 A=291.0
2025-09-25T15:20:28.624000,INFO,970,6617,FTC,Phase=RampUp Target=1193.52865902 Vel=1220.0 V=12.891 A=273.0
2025-09-25T15:20:28.638000,INFO,970,6617,FTC,Phase=RampUp Target=1195.2656275400002 Vel=1220.0 V=12.891 A=269.0
2025-09-25T15:20:28.649000,INFO,970,6617,FTC,Phase=RampUp Target=1197.15629268 Vel=1220.0 V=12.891 A=266.0
2025-09-25T15:20:28.660000,INFO,970,6617,FTC,Phase=RampUp Target=1198.7371962000002 Vel=1220.0 V=12.891 A=262.0
2025-09-25T15:20:28.670000,INFO,970,6617,FTC,Phase=RampUp Target=1200.2508880999999 Vel=1200.0 V=12.882 A=277.0
2025-09-25T15:20:28.684000,INFO,970,6617,FTC,Phase=RampUp Target=1201.67421574 Vel=1200.0 V=12.891 A=306.0
2025-09-25T15:20:28.696000,INFO,970,6617,FTC,Phase=RampUp Target=1203.6434849999998 Vel=1200.0 V=12.891 A=309.0
2025-09-25T15:20:28.709000,INFO,970,6617,FTC,Phase=RampUp Target=1205.3014819000002 Vel=1200.0 V=12.887 A=309.0
2025-09-25T15:20:28.723000,INFO,970,6617,FTC,Phase=RampUp Target=1207.1971288 Vel=1200.0 V=12.891 A=306.0
2025-09-25T15:20:28.735000,INFO,970,6617,FTC,Phase=RampUp Target=1209.05635232 Vel=1200.0 V=12.887 A=309.0
2025-09-25T15:20:28.751000,INFO,970,6617,FTC,Phase=RampUp Target=1210.7950356999997 Vel=1200.0 V=12.887 A=298.0
2025-09-25T15:20:28.764000,INFO,970,6617,FTC,Phase=RampUp Target=1212.9821918600003 Vel=1220.0 V=12.891 A=295.0
2025-09-25T15:20:28.775000,INFO,970,6617,FTC,Phase=RampUp Target=1214.7969478799998 Vel=1220.0 V=12.887 A=295.0
2025-09-25T15:20:28.788000,INFO,970,6617,FTC,Phase=RampUp Target=1216.4083130200002 Vel=1220.0 V=12.891 A=295.0
2025-09-25T15:20:28.800000,INFO,970,6617,FTC,Phase=RampUp Target=1218.2366665400002 Vel=1220.0 V=12.887 A=295.0
2025-09-25T15:20:28.815000,INFO,970,6617,FTC,Phase=RampUp Target=1219.9481958000001 Vel=1220.0 V=12.887 A=295.0
2025-09-25T15:20:28.826000,INFO,970,6617,FTC,Phase=RampUp Target=1222.0099935800001 Vel=1220.0 V=12.887 A=298.0
2025-09-25T15:20:28.840000,INFO,970,6617,FTC,Phase=RampUp Target=1223.5806887200001 Vel=1220.0 V=12.887 A=295.0
2025-09-25T15:20:28.853000,INFO,970,6617,FTC,Phase=RampUp Target=1225.5341556200003 Vel=1220.0 V=12.891 A=287.0
2025-09-25T15:20:28.866000,INFO,970,6617,FTC,Phase=RampUp Target=1227.2870898800002 Vel=1220.0 V=12.891 A=291.0
2025-09-25T15:20:28.876000,INFO,970,6617,FTC,Phase=RampUp Target=1229.0642384000002 Vel=1220.0 V=12.887 A=295.0
2025-09-25T15:20:28.888000,INFO,970,6617,FTC,Phase=RampUp Target=1230.5824627999998 Vel=1220.0 V=12.891 A=298.0
2025-09-25T15:20:28.899000,INFO,970,6617,FTC,Phase=RampUp Target=1232.2665113200003 Vel=1220.0 V=12.891 A=295.0
2025-09-25T15:20:28.912000,INFO,970,6617,FTC,Phase=RampUp Target=1233.8104605800002 Vel=1220.0 V=12.887 A=298.0
2025-09-25T15:20:28.924000,INFO,970,6617,FTC,Phase=RampUp Target=1235.6353024799998 Vel=1220.0 V=12.887 A=328.0
2025-09-25T15:20:28.937000,INFO,970,6617,FTC,Phase=RampUp Target=1237.2584683599998 Vel=1220.0 V=12.887 A=335.0
2025-09-25T15:20:28.947000,INFO,970,6617,FTC,Phase=RampUp Target=1239.0235711399998 Vel=1240.0 V=12.887 A=328.0
2025-09-25T15:20:28.964000,INFO,970,6617,FTC,Phase=RampUp Target=1240.54502128 Vel=1240.0 V=12.891 A=320.0
2025-09-25T15:20:28.979000,INFO,970,6617,FTC,Phase=RampUp Target=1242.8463064200002 Vel=1240.0 V=12.887 A=320.0
2025-09-25T15:20:28.991000,INFO,970,6617,FTC,Phase=RampUp Target=1245.01753758 Vel=1260.0 V=12.891 A=313.0
2025-09-25T15:20:29.003000,INFO,970,6617,FTC,Phase=RampUp Target=1246.65524022 Vel=1260.0 V=12.887 A=309.0
2025-09-25T15:20:29.015000,INFO,970,6617,FTC,Phase=RampUp Target=1248.36950536 Vel=1260.0 V=12.887 A=309.0
2025-09-25T15:20:29.028000,INFO,970,6617,FTC,Phase=RampUp Target=1249.9462029999997 Vel=1260.0 V=12.891 A=302.0
2025-09-25T15:20:29.039000,INFO,970,6617,FTC,Phase=RampUp Target=1251.8021598999997 Vel=1260.0 V=12.887 A=302.0
2025-09-25T15:20:29.054000,INFO,970,6617,FTC,Phase=RampUp Target=1253.39755916 Vel=1280.0 V=12.887 A=298.0
2025-09-25T15:20:29.071000,INFO,970,6617,FTC,Phase=RampUp Target=1255.4042319399998 Vel=1260.0 V=12.891 A=302.0
2025-09-25T15:20:29.087000,INFO,970,6617,FTC,Phase=RampUp Target=1257.88640884 Vel=1280.0 V=12.891 A=298.0
2025-09-25T15:20:29.102000,INFO,970,6617,FTC,Phase=RampUp Target=1260.03934648 Vel=1260.0 V=12.887 A=295.0
2025-09-25T15:20:29.115000,INFO,970,6617,FTC,Phase=RampUp Target=1262.2131092599998 Vel=1280.0 V=12.891 A=295.0
2025-09-25T15:20:29.133000,INFO,970,6617,FTC,Phase=RampUp Target=1264.0181061600001 Vel=1280.0 V=12.887 A=295.0
2025-09-25T15:20:29.147000,INFO,970,6617,FTC,Phase=RampUp Target=1266.5860330599999 Vel=1260.0 V=12.891 A=291.0
2025-09-25T15:20:29.161000,INFO,970,6617,FTC,Phase=RampUp Target=1268.5328849599998 Vel=1280.0 V=12.887 A=298.0
2025-09-25T15:20:29.174000,INFO,970,6617,FTC,Phase=RampUp Target=1270.35903348 Vel=1260.0 V=12.891 A=298.0
2025-09-25T15:20:29.185000,INFO,970,6617,FTC,Phase=RampUp Target=1272.1811394999997 Vel=1280.0 V=12.891 A=295.0
2025-09-25T15:20:29.199000,INFO,970,6617,FTC,Phase=RampUp Target=1273.73072376 Vel=1280.0 V=12.887 A=295.0
2025-09-25T15:20:29.212000,INFO,970,6617,FTC,Phase=RampUp Target=1275.68280228 Vel=1280.0 V=12.887 A=291.0
2025-09-25T15:20:29.227000,INFO,970,6617,FTC,Phase=RampUp Target=1277.61291242 Vel=1280.0 V=12.887 A=291.0
2025-09-25T15:20:29.242000,INFO,970,6617,FTC,Phase=RampUp Target=1279.62481182 Vel=1280.0 V=12.887 A=291.0
2025-09-25T15:20:29.253000,INFO,970,6617,FTC,Phase=RampUp Target=1281.7917145999998 Vel=1280.0 V=12.891 A=287.0
2025-09-25T15:20:29.266000,INFO,970,6617,FTC,Phase=RampUp Target=1283.42566062 Vel=1260.0 V=12.882 A=306.0
2025-09-25T15:20:29.278000,INFO,970,6617,FTC,Phase=RampUp Target=1285.18561826 Vel=1280.0 V=12.882 A=328.0
2025-09-25T15:20:29.289000,INFO,970,6617,FTC,Phase=RampUp Target=1286.93438752 Vel=1280.0 V=12.882 A=338.0
2025-09-25T15:20:29.301000,INFO,970,6617,FTC,Phase=RampUp Target=1288.3979769199998 Vel=1280.0 V=12.882 A=335.0
2025-09-25T15:20:29.312000,INFO,970,6617,FTC,Phase=RampUp Target=1290.1265745599999 Vel=1300.0 V=12.887 A=331.0
2025-09-25T15:20:29.327000,INFO,970,6617,FTC,Phase=RampUp Target=1291.6445947000002 Vel=1300.0 V=12.887 A=320.0
2025-09-25T15:20:29.339000,INFO,970,6617,FTC,Phase=RampUp Target=1293.63950748 Vel=1300.0 V=12.887 A=320.0
2025-09-25T15:20:29.353000,INFO,970,6617,FTC,Phase=RampUp Target=1295.3598158599998 Vel=1300.0 V=12.887 A=309.0
2025-09-25T15:20:29.366000,INFO,970,6617,FTC,Phase=RampUp Target=1297.2783295200002 Vel=1320.0 V=12.887 A=309.0
2025-09-25T15:20:29.376000,INFO,970,6617,FTC,Phase=RampUp Target=1299.1136653999997 Vel=1320.0 V=12.887 A=313.0
2025-09-25T15:20:29.391000,INFO,970,6617,FTC,Phase=RampUp Target=1300.57954142 Vel=1320.0 V=12.882 A=302.0
2025-09-25T15:20:29.403000,INFO,970,6617,FTC,Phase=RampUp Target=1302.6086724399997 Vel=1320.0 V=12.887 A=306.0
2025-09-25T15:20:29.413000,INFO,970,6617,FTC,Phase=RampUp Target=1304.25813522 Vel=1300.0 V=12.887 A=306.0
2025-09-25T15:20:29.424000,INFO,970,6617,FTC,Phase=RampUp Target=1305.72711448 Vel=1320.0 V=12.887 A=302.0
2025-09-25T15:20:29.437000,INFO,970,6617,FTC,Phase=RampUp Target=1307.1911529999998 Vel=1320.0 V=12.887 A=298.0
2025-09-25T15:20:29.452000,INFO,970,6617,FTC,Phase=RampUp Target=1309.07928652 Vel=1320.0 V=12.887 A=302.0
2025-09-25T15:20:29.465000,INFO,970,6617,FTC,Phase=RampUp Target=1311.23920666 Vel=1340.0 V=12.891 A=302.0
2025-09-25T15:20:29.476000,INFO,970,6617,FTC,Phase=RampUp Target=1312.9646601799998 Vel=1320.0 V=12.887 A=298.0
2025-09-25T15:20:29.491000,INFO,970,6617,FTC,Phase=RampUp Target=1314.4764736999998 Vel=1320.0 V=12.882 A=302.0
2025-09-25T15:20:29.505000,INFO,970,6617,FTC,Phase=RampUp Target=1316.64402972 Vel=1320.0 V=12.887 A=302.0
2025-09-25T15:20:29.518000,INFO,970,6617,FTC,Phase=RampUp Target=1318.6286932399996 Vel=1300.0 V=12.887 A=306.0
2025-09-25T15:20:29.530000,INFO,970,6617,FTC,Phase=RampUp Target=1320.47885176 Vel=1320.0 V=12.887 A=302.0
2025-09-25T15:20:29.544000,INFO,970,6617,FTC,Phase=RampUp Target=1322.0933611599996 Vel=1320.0 V=12.887 A=302.0
2025-09-25T15:20:29.555000,INFO,970,6617,FTC,Phase=RampUp Target=1324.1089763 Vel=1320.0 V=12.882 A=298.0
2025-09-25T15:20:29.566000,INFO,970,6617,FTC,Phase=RampUp Target=1325.6063757000002 Vel=1340.0 V=12.887 A=302.0
2025-09-25T15:20:29.582000,INFO,970,6617,FTC,Phase=RampUp Target=1327.16032908 Vel=1320.0 V=12.887 A=302.0
2025-09-25T15:20:29.595000,INFO,970,6617,FTC,Phase=RampUp Target=1329.33862436 Vel=1340.0 V=12.887 A=298.0
2025-09-25T15:20:29.613000,INFO,970,6617,FTC,Phase=RampUp Target=1331.16603876 Vel=1340.0 V=12.887 A=309.0
2025-09-25T15:20:29.625000,INFO,970,6617,FTC,Phase=RampUp Target=1333.6957456599998 Vel=1320.0 V=12.887 A=331.0
2025-09-25T15:20:29.636000,INFO,970,6617,FTC,Phase=RampUp Target=1335.33091654 Vel=1340.0 V=12.887 A=342.0
2025-09-25T15:20:29.650000,INFO,970,6617,FTC,Phase=RampUp Target=1336.9408525600002 Vel=1320.0 V=12.882 A=338.0
2025-09-25T15:20:29.665000,INFO,970,6617,FTC,Phase=RampUp Target=1338.8926044599998 Vel=1340.0 V=12.887 A=328.0
2025-09-25T15:20:29.677000,INFO,970,6617,FTC,Phase=RampUp Target=1340.96501886 Vel=1360.0 V=12.887 A=324.0
2025-09-25T15:20:29.692000,INFO,970,6617,FTC,Phase=RampUp Target=1342.62321988 Vel=1360.0 V=12.882 A=317.0
2025-09-25T15:20:29.704000,INFO,970,6617,FTC,Phase=RampUp Target=1344.74732928 Vel=1360.0 V=12.887 A=313.0
2025-09-25T15:20:29.721000,INFO,970,6617,FTC,Phase=RampUp Target=1346.45861354 Vel=1380.0 V=12.887 A=280.0
2025-09-25T15:20:29.734000,INFO,970,6617,FTC,Phase=RampUp Target=1348.8536929399997 Vel=1360.0 V=12.887 A=273.0
2025-09-25T15:20:29.747000,INFO,970,6617,FTC,Phase=RampUp Target=1350.7604464599997 Vel=1380.0 V=12.891 A=269.0
2025-09-25T15:20:29.763000,INFO,970,6617,FTC,Phase=RampUp Target=1352.4872067400001 Vel=1360.0 V=12.891 A=269.0
2025-09-25T15:20:29.777000,INFO,970,6617,FTC,Phase=RampUp Target=1354.7058860000002 Vel=1340.0 V=12.887 A=280.0
2025-09-25T15:20:29.789000,INFO,970,6617,FTC,Phase=RampUp Target=1356.6268904 Vel=1360.0 V=12.887 A=280.0
2025-09-25T15:20:29.802000,INFO,970,6617,FTC,Phase=RampUp Target=1358.3497714199998 Vel=1340.0 V=12.887 A=284.0
2025-09-25T15:20:29.815000,INFO,970,6617,FTC,Phase=RampUp Target=1360.23414832 Vel=1340.0 V=12.891 A=291.0
2025-09-25T15:20:29.833000,INFO,970,6617,FTC,Phase=RampUp Target=1362.00619258 Vel=1340.0 V=12.882 A=328.0
2025-09-25T15:20:29.850000,INFO,970,6617,FTC,Phase=RampUp Target=1364.6358187399999 Vel=1340.0 V=12.882 A=328.0
2025-09-25T15:20:29.863000,INFO,970,6617,FTC,Phase=RampUp Target=1366.8402881399998 Vel=1360.0 V=12.882 A=317.0
2025-09-25T15:20:29.874000,INFO,970,6617,FTC,Phase=RampUp Target=1368.64022166 Vel=1360.0 V=12.882 A=317.0
2025-09-25T15:20:29.885000,INFO,970,6617,FTC,Phase=RampUp Target=1370.2695534199997 Vel=1360.0 V=12.882 A=309.0
2025-09-25T15:20:29.898000,INFO,970,6617,FTC,Phase=RampUp Target=1371.7852869399997 Vel=1360.0 V=12.882 A=313.0
2025-09-25T15:20:29.909000,INFO,970,6617,FTC,Phase=RampUp Target=1373.6316070800003 Vel=1360.0 V=12.887 A=309.0
2025-09-25T15:20:29.924000,INFO,970,6617,FTC,Phase=RampUp Target=1375.10879398 Vel=1380.0 V=12.891 A=306.0
2025-09-25T15:20:29.936000,INFO,970,6617,FTC,Phase=RampUp Target=1377.24417338 Vel=1360.0 V=12.887 A=306.0
2025-09-25T15:20:29.947000,INFO,970,6617,FTC,Phase=RampUp Target=1378.9336935199997 Vel=1380.0 V=12.887 A=298.0
2025-09-25T15:20:29.962000,INFO,970,6617,FTC,Phase=RampUp Target=1380.4430977799998 Vel=1380.0 V=12.887 A=302.0
2025-09-25T15:20:29.972000,INFO,970,6617,FTC,Phase=RampUp Target=1382.51469556 Vel=1380.0 V=12.887 A=302.0
2025-09-25T15:20:29.985000,INFO,970,6617,FTC,Phase=RampUp Target=1383.9870639399999 Vel=1380.0 V=12.887 A=298.0
2025-09-25T15:20:30.001000,INFO,970,6617,FTC,Phase=RampUp Target=1385.7990024599997 Vel=1380.0 V=12.882 A=306.0
2025-09-25T15:20:30.012000,INFO,970,6617,FTC,Phase=RampUp Target=1387.98860862 Vel=1380.0 V=12.887 A=302.0
2025-09-25T15:20:30.026000,INFO,970,6617,FTC,Phase=RampUp Target=1389.6178587599998 Vel=1380.0 V=12.887 A=302.0
2025-09-25T15:20:30.036000,INFO,970,6617,FTC,Phase=RampUp Target=1391.47193728 Vel=1380.0 V=12.887 A=298.0
2025-09-25T15:20:30.050000,INFO,970,6617,FTC,Phase=RampUp Target=1392.9503490399998 Vel=1380.0 V=12.887 A=302.0
2025-09-25T15:20:30.061000,INFO,970,6617,FTC,Phase=RampUp Target=1394.86416682 Vel=1380.0 V=12.891 A=302.0
2025-09-25T15:20:30.076000,INFO,970,6617,FTC,Phase=RampUp Target=1396.4280835800002 Vel=1360.0 V=12.887 A=331.0
2025-09-25T15:20:30.090000,INFO,970,6617,FTC,Phase=RampUp Target=1398.5263454800001 Vel=1380.0 V=12.882 A=335.0
2025-09-25T15:20:30.106000,INFO,970,6617,FTC,Phase=RampUp Target=1400.477689 Vel=1400.0 V=12.882 A=324.0
2025-09-25T15:20:30.118000,INFO,970,6617,FTC,Phase=RampUp Target=1402.78865178 Vel=1400.0 V=12.882 A=324.0
2025-09-25T15:20:30.131000,INFO,970,6617,FTC,Phase=RampUp Target=1404.42500692 Vel=1420.0 V=12.887 A=317.0
2025-09-25T15:20:30.142000,INFO,970,6617,FTC,Phase=RampUp Target=1406.2135070599998 Vel=1420.0 V=12.887 A=317.0
2025-09-25T15:20:30.155000,INFO,970,6617,FTC,Phase=RampUp Target=1407.7604372 Vel=1400.0 V=12.882 A=313.0
2025-09-25T15:20:30.169000,INFO,970,6617,FTC,Phase=RampUp Target=1409.6096973400001 Vel=1420.0 V=12.882 A=309.0
2025-09-25T15:20:30.180000,INFO,970,6617,FTC,Phase=RampUp Target=1411.55034262 Vel=1420.0 V=12.882 A=313.0
2025-09-25T15:20:30.195000,INFO,970,6617,FTC,Phase=RampUp Target=1413.12148688 Vel=1440.0 V=12.887 A=302.0
2025-09-25T15:20:30.209000,INFO,970,6617,FTC,Phase=RampUp Target=1415.1524553999998 Vel=1440.0 V=12.887 A=302.0
2025-09-25T15:20:30.227000,INFO,970,6617,FTC,Phase=RampUp Target=1417.1274006799997 Vel=1440.0 V=12.887 A=302.0
2025-09-25T15:20:30.242000,INFO,970,6617,FTC,Phase=RampUp Target=1419.72721846 Vel=1440.0 V=12.887 A=302.0
2025-09-25T15:20:30.258000,INFO,970,6617,FTC,Phase=RampUp Target=1421.78513698 Vel=1440.0 V=12.882 A=302.0
2025-09-25T15:20:30.272000,INFO,970,6617,FTC,Phase=RampUp Target=1424.0209663800001 Vel=1420.0 V=12.882 A=306.0
2025-09-25T15:20:30.283000,INFO,970,6617,FTC,Phase=RampUp Target=1425.99060328 Vel=1440.0 V=12.887 A=302.0
2025-09-25T15:20:30.297000,INFO,970,6617,FTC,Phase=RampUp Target=1427.61327916 Vel=1440.0 V=12.882 A=302.0
2025-09-25T15:20:30.312000,INFO,970,6617,FTC,Phase=RampUp Target=1429.5446144399998 Vel=1420.0 V=12.887 A=309.0
2025-09-25T15:20:30.327000,INFO,970,6617,FTC,Phase=RampUp Target=1431.60298208 Vel=1440.0 V=12.882 A=338.0
2025-09-25T15:20:30.339000,INFO,970,6617,FTC,Phase=RampUp Target=1433.6274989800002 Vel=1420.0 V=12.882 A=342.0
2025-09-25T15:20:30.355000,INFO,970,6617,FTC,Phase=RampUp Target=1435.34249912 Vel=1440.0 V=12.882 A=331.0
2025-09-25T15:20:30.371000,INFO,970,6617,FTC,Phase=RampUp Target=1437.63602602 Vel=1460.0 V=12.882 A=298.0
2025-09-25T15:20:30.383000,INFO,970,6617,FTC,Phase=RampUp Target=1439.8158729199997 Vel=1460.0 V=12.887 A=295.0
2025-09-25T15:20:30.395000,INFO,970,6617,FTC,Phase=RampUp Target=1441.5553730599997 Vel=1440.0 V=12.887 A=284.0
2025-09-25T15:20:30.409000,INFO,970,6617,FTC,Phase=RampUp Target=1443.2300708399998 Vel=1460.0 V=12.887 A=284.0
2025-09-25T15:20:30.423000,INFO,970,6617,FTC,Phase=RampUp Target=1445.14809436 Vel=1440.0 V=12.882 A=324.0
2025-09-25T15:20:30.435000,INFO,970,6617,FTC,Phase=RampUp Target=1447.0756320000003 Vel=1440.0 V=12.882 A=335.0
2025-09-25T15:20:30.445000,INFO,970,6617,FTC,Phase=RampUp Target=1448.7482064 Vel=1440.0 V=12.882 A=335.0
2025-09-25T15:20:30.458000,INFO,970,6617,FTC,Phase=RampUp Target=1450.21391904 Vel=1440.0 V=12.882 A=331.0
2025-09-25T15:20:30.471000,INFO,970,6617,FTC,Phase=RampUp Target=1452.0657108 Vel=1440.0 V=12.882 A=324.0
2025-09-25T15:20:30.483000,INFO,970,6617,FTC,Phase=RampUp Target=1453.8901443200002 Vel=1460.0 V=12.887 A=320.0
2025-09-25T15:20:30.495000,INFO,970,6617,FTC,Phase=RampUp Target=1455.4904844599998 Vel=1460.0 V=12.882 A=324.0
2025-09-25T15:20:30.509000,INFO,970,6617,FTC,Phase=RampUp Target=1457.23443548 Vel=1460.0 V=12.882 A=317.0
2025-09-25T15:20:30.520000,INFO,970,6617,FTC,Phase=RampUp Target=1459.0779790000001 Vel=1480.0 V=12.887 A=317.0
2025-09-25T15:20:30.534000,INFO,970,6617,FTC,Phase=RampUp Target=1460.6310341399999 Vel=1460.0 V=12.882 A=313.0
2025-09-25T15:20:30.545000,INFO,970,6617,FTC,Phase=RampUp Target=1462.6003853000002 Vel=1480.0 V=12.882 A=313.0
2025-09-25T15:20:30.555000,INFO,970,6617,FTC,Phase=RampUp Target=1464.1532770599997 Vel=1460.0 V=12.887 A=309.0
2025-09-25T15:20:30.568000,INFO,970,6617,FTC,Phase=RampUp Target=1465.63581308 Vel=1460.0 V=12.887 A=309.0
2025-09-25T15:20:30.580000,INFO,970,6617,FTC,Phase=RampUp Target=1467.39915984 Vel=1480.0 V=12.882 A=309.0
2025-09-25T15:20:30.592000,INFO,970,6617,FTC,Phase=RampUp Target=1469.04927586 Vel=1460.0 V=12.882 A=309.0
2025-09-25T15:20:30.604000,INFO,970,6617,FTC,Phase=RampUp Target=1470.81005026 Vel=1480.0 V=12.887 A=306.0
2025-09-25T15:20:30.614000,INFO,970,6617,FTC,Phase=RampUp Target=1472.4064703999998 Vel=1460.0 V=12.882 A=313.0
2025-09-25T15:20:30.629000,INFO,970,6617,FTC,Phase=RampUp Target=1473.89713216 Vel=1460.0 V=12.878 A=309.0
2025-09-25T15:20:30.640000,INFO,970,6617,FTC,Phase=RampUp Target=1475.89669994 Vel=1480.0 V=12.882 A=309.0
2025-09-25T15:20:30.656000,INFO,970,6617,FTC,Phase=RampUp Target=1477.44465082 Vel=1460.0 V=12.882 A=309.0
2025-09-25T15:20:30.667000,INFO,970,6617,FTC,Phase=RampUp Target=1479.7015094800001 Vel=1480.0 V=12.882 A=309.0
2025-09-25T15:20:30.680000,INFO,970,6617,FTC,Phase=RampUp Target=1481.2567696199997 Vel=1480.0 V=12.887 A=306.0
2025-09-25T15:20:30.693000,INFO,970,6617,FTC,Phase=RampUp Target=1483.1181572599999 Vel=1460.0 V=12.882 A=313.0
2025-09-25T15:20:30.705000,INFO,970,6617,FTC,Phase=RampUp Target=1484.88611828 Vel=1480.0 V=12.882 A=309.0
2025-09-25T15:20:30.717000,INFO,970,6617,FTC,Phase=RampUp Target=1486.65571268 Vel=1480.0 V=12.882 A=313.0
2025-09-25T15:20:30.732000,INFO,970,6617,FTC,Phase=RampUp Target=1488.2479678199998 Vel=1460.0 V=12.882 A=342.0
2025-09-25T15:20:30.744000,INFO,970,6617,FTC,Phase=RampUp Target=1490.4357363400002 Vel=1480.0 V=12.887 A=346.0
2025-09-25T15:20:30.756000,INFO,970,6617,FTC,Phase=RampUp Target=1492.0072889799999 Vel=1480.0 V=12.882 A=338.0
2025-09-25T15:20:30.768000,INFO,970,6617,FTC,Phase=RampUp Target=1493.7880308799997 Vel=1480.0 V=12.882 A=335.0
2025-09-25T15:20:30.780000,INFO,970,6617,FTC,Phase=RampUp Target=1495.3736301400002 Vel=1500.0 V=12.882 A=328.0
2025-09-25T15:20:30.791000,INFO,970,6617,FTC,Phase=RampUp Target=1497.08912042 Vel=1500.0 V=12.882 A=324.0
2025-09-25T15:20:30.802000,INFO,970,6617,FTC,Phase=RampUp Target=1498.6427062999999 Vel=1500.0 V=12.882 A=320.0
2025-09-25T15:20:30.821000,INFO,970,6617,FTC,Phase=RampUp Target=1499.99759074 Vel=1520.0 V=12.882 A=295.0
2025-09-25T15:20:30.834000,INFO,970,6617,FTC,Phase=RampUp Target=1497.4376672199999 Vel=1520.0 V=12.887 A=284.0
2025-09-25T15:20:30.852000,INFO,970,6617,FTC,Phase=RampUp Target=1495.5433270799997 Vel=1500.0 V=12.887 A=287.0
2025-09-25T15:20:30.866000,INFO,970,6617,FTC,Phase=RampUp Target=1493.1180309199997 Vel=1480.0 V=12.878 A=295.0
2025-09-25T15:20:30.878000,INFO,970,6617,FTC,Phase=RampUp Target=1491.1442698999997 Vel=1480.0 V=12.882 A=324.0
2025-09-25T15:20:30.894000,INFO,970,6617,FTC,Phase=RampUp Target=1489.3850063799998 Vel=1480.0 V=12.882 A=331.0
2025-09-25T15:20:30.907000,INFO,970,6617,FTC,Phase=RampUp Target=1487.20667036 Vel=1480.0 V=12.882 A=331.0
2025-09-25T15:20:30.920000,INFO,970,6617,FTC,Phase=RampUp Target=1485.4217634599997 Vel=1500.0 V=12.887 A=324.0
2025-09-25T15:20:30.931000,INFO,970,6617,FTC,Phase=RampUp Target=1483.5500041999999 Vel=1500.0 V=12.887 A=295.0
2025-09-25T15:20:30.943000,INFO,970,6617,FTC,Phase=RampUp Target=1482.0697547999998 Vel=1500.0 V=12.887 A=291.0
2025-09-25T15:20:30.953000,INFO,970,6617,FTC,Phase=RampUp Target=1480.38770716 Vel=1500.0 V=12.887 A=291.0
2025-09-25T15:20:30.964000,INFO,970,6617,FTC,Phase=RampUp Target=1478.8833254 Vel=1500.0 V=12.882 A=295.0
2025-09-25T15:20:30.977000,INFO,970,6617,FTC,Phase=RampUp Target=1477.3958484999998 Vel=1500.0 V=12.882 A=298.0
2025-09-25T15:20:30.995000,INFO,970,6617,FTC,Phase=RampUp Target=1475.50444836 Vel=1480.0 V=12.882 A=306.0
2025-09-25T15:20:31.006000,INFO,970,6617,FTC,Phase=RampUp Target=1473.08323558 Vel=1480.0 V=12.882 A=309.0
2025-09-25T15:20:31.024000,INFO,970,6617,FTC,Phase=RampUp Target=1471.4581095599997 Vel=1460.0 V=12.887 A=306.0
2025-09-25T15:20:31.037000,INFO,970,6617,FTC,Phase=RampUp Target=1468.8949192799996 Vel=1480.0 V=12.887 A=306.0
2025-09-25T15:20:31.051000,INFO,970,6617,FTC,Phase=RampUp Target=1467.1869834 Vel=1480.0 V=12.882 A=313.0
2025-09-25T15:20:31.062000,INFO,970,6617,FTC,Phase=RampUp Target=1465.23784488 Vel=1460.0 V=12.887 A=306.0
2025-09-25T15:20:31.074000,INFO,970,6617,FTC,Phase=RampUp Target=1463.71508798 Vel=1480.0 V=12.887 A=313.0
2025-09-25T15:20:31.091000,INFO,970,6617,FTC,Phase=RampUp Target=1461.9636237199998 Vel=1460.0 V=12.882 A=309.0
2025-09-25T15:20:31.104000,INFO,970,6617,FTC,Phase=RampUp Target=1459.65854094 Vel=1480.0 V=12.882 A=309.0
2025-09-25T15:20:31.116000,INFO,970,6617,FTC,Phase=RampUp Target=1457.7427631599999 Vel=1480.0 V=12.887 A=306.0
2025-09-25T15:20:31.130000,INFO,970,6617,FTC,Phase=RampUp Target=1456.0771305199999 Vel=1460.0 V=12.882 A=287.0
2025-09-25T15:20:31.143000,INFO,970,6617,FTC,Phase=RampUp Target=1454.0756437599998 Vel=1460.0 V=12.887 A=277.0
2025-09-25T15:20:31.160000,INFO,970,6617,FTC,Phase=RampUp Target=1452.34504524 Vel=1460.0 V=12.887 A=277.0
2025-09-25T15:20:31.175000,INFO,970,6617,FTC,Phase=RampUp Target=1449.96409408 Vel=1460.0 V=12.882 A=313.0
2025-09-25T15:20:31.187000,INFO,970,6617,FTC,Phase=RampUp Target=1447.82214056 Vel=1440.0 V=12.882 A=328.0
2025-09-25T15:20:31.205000,INFO,970,6617,FTC,Phase=RampUp Target=1446.1726779199998 Vel=1440.0 V=12.887 A=331.0
2025-09-25T15:20:31.225000,INFO,970,6617,FTC,Phase=RampUp Target=1443.6733917599997 Vel=1460.0 V=12.887 A=295.0
2025-09-25T15:20:31.245000,INFO,970,6617,FTC,Phase=RampUp Target=1440.8486639799999 Vel=1460.0 V=12.887 A=287.0
2025-09-25T15:20:31.265000,INFO,970,6617,FTC,Phase=RampUp Target=1438.06517796 Vel=1460.0 V=12.887 A=284.0
2025-09-25T15:20:31.283000,INFO,970,6617,FTC,Phase=RampUp Target=1435.3019859199997 Vel=1440.0 V=12.887 A=287.0
2025-09-25T15:20:31.299000,INFO,970,6617,FTC,Phase=RampUp Target=1432.7323849 Vel=1440.0 V=12.887 A=295.0
2025-09-25T15:20:31.315000,INFO,970,6617,FTC,Phase=RampUp Target=1430.4803038799998 Vel=1420.0 V=12.882 A=298.0
2025-09-25T15:20:31.327000,INFO,970,6617,FTC,Phase=RampUp Target=1428.24606698 Vel=1440.0 V=12.882 A=302.0
2025-09-25T15:20:31.344000,INFO,970,6617,FTC,Phase=RampUp Target=1426.5088534600002 Vel=1420.0 V=12.882 A=298.0
2025-09-25T15:20:31.360000,INFO,970,6617,FTC,Phase=RampUp Target=1424.2082623000001 Vel=1440.0 V=12.887 A=302.0
2025-09-25T15:20:31.371000,INFO,970,6617,FTC,Phase=RampUp Target=1422.0191055399998 Vel=1420.0 V=12.882 A=302.0
2025-09-25T15:20:31.384000,INFO,970,6617,FTC,Phase=RampUp Target=1420.3393036399998 Vel=1420.0 V=12.887 A=302.0
2025-09-25T15:20:31.395000,INFO,970,6617,FTC,Phase=RampUp Target=1418.601396 Vel=1420.0 V=12.887 A=302.0
2025-09-25T15:20:31.409000,INFO,970,6617,FTC,Phase=RampUp Target=1417.0260865999999 Vel=1420.0 V=12.882 A=306.0
2025-09-25T15:20:31.422000,INFO,970,6617,FTC,Phase=RampUp Target=1415.1354214599999 Vel=1420.0 V=12.887 A=280.0
2025-09-25T15:20:31.435000,INFO,970,6617,FTC,Phase=RampUp Target=1413.32336044 Vel=1420.0 V=12.887 A=277.0
2025-09-25T15:20:31.447000,INFO,970,6617,FTC,Phase=RampUp Target=1411.50550104 Vel=1420.0 V=12.887 A=273.0
2025-09-25T15:20:31.460000,INFO,970,6617,FTC,Phase=RampUp Target=1409.7041383999997 Vel=1400.0 V=12.887 A=287.0
2025-09-25T15:20:31.471000,INFO,970,6617,FTC,Phase=RampUp Target=1407.90816576 Vel=1400.0 V=12.882 A=313.0
2025-09-25T15:20:31.484000,INFO,970,6617,FTC,Phase=RampUp Target=1406.3682997399999 Vel=1400.0 V=12.882 A=324.0
2025-09-25T15:20:31.494000,INFO,970,6617,FTC,Phase=RampUp Target=1404.6524420999997 Vel=1400.0 V=12.882 A=324.0
2025-09-25T15:20:31.509000,INFO,970,6617,FTC,Phase=RampUp Target=1403.14605946 Vel=1400.0 V=12.882 A=324.0
2025-09-25T15:20:31.523000,INFO,970,6617,FTC,Phase=RampUp Target=1401.1200725600002 Vel=1400.0 V=12.882 A=291.0
2025-09-25T15:20:31.534000,INFO,970,6617,FTC,Phase=RampUp Target=1399.1728122799998 Vel=1400.0 V=12.887 A=287.0
2025-09-25T15:20:31.549000,INFO,970,6617,FTC,Phase=RampUp Target=1397.63813214 Vel=1400.0 V=12.882 A=280.0
2025-09-25T15:20:31.561000,INFO,970,6617,FTC,Phase=RampUp Target=1395.5419119999997 Vel=1400.0 V=12.882 A=284.0
2025-09-25T15:20:31.572000,INFO,970,6617,FTC,Phase=RampUp Target=1393.74373436 Vel=1400.0 V=12.882 A=291.0
2025-09-25T15:20:31.584000,INFO,970,6617,FTC,Phase=RampUp Target=1392.3083199599996 Vel=1400.0 V=12.882 A=287.0
2025-09-25T15:20:31.596000,INFO,970,6617,FTC,Phase=RampUp Target=1390.58029394 Vel=1400.0 V=12.887 A=287.0
2025-09-25T15:20:31.610000,INFO,970,6617,FTC,Phase=RampUp Target=1388.90147218 Vel=1400.0 V=12.882 A=295.0
2025-09-25T15:20:31.621000,INFO,970,6617,FTC,Phase=RampUp Target=1386.8938194 Vel=1380.0 V=12.882 A=291.0
2025-09-25T15:20:31.631000,INFO,970,6617,FTC,Phase=RampUp Target=1385.43206764 Vel=1380.0 V=12.887 A=291.0
2025-09-25T15:20:31.643000,INFO,970,6617,FTC,Phase=RampUp Target=1383.9567591199998 Vel=1380.0 V=12.882 A=295.0
2025-09-25T15:20:31.654000,INFO,970,6617,FTC,Phase=RampUp Target=1382.2978639799996 Vel=1380.0 V=12.887 A=291.0
2025-09-25T15:20:31.666000,INFO,970,6617,FTC,Phase=RampUp Target=1380.7913588399997 Vel=1400.0 V=12.882 A=295.0
2025-09-25T15:20:31.679000,INFO,970,6617,FTC,Phase=RampUp Target=1379.03634194 Vel=1380.0 V=12.887 A=291.0
2025-09-25T15:20:31.692000,INFO,970,6617,FTC,Phase=RampUp Target=1377.22338268 Vel=1380.0 V=12.882 A=298.0
2025-09-25T15:20:31.705000,INFO,970,6617,FTC,Phase=RampUp Target=1375.4343516599997 Vel=1360.0 V=12.882 A=302.0
2025-09-25T15:20:31.716000,INFO,970,6617,FTC,Phase=RampUp Target=1373.5711263800001 Vel=1360.0 V=12.882 A=302.0
2025-09-25T15:20:31.732000,INFO,970,6617,FTC,Phase=RampUp Target=1372.0371405 Vel=1380.0 V=12.882 A=298.0
2025-09-25T15:20:31.745000,INFO,970,6617,FTC,Phase=RampUp Target=1369.91221434 Vel=1360.0 V=12.887 A=302.0
2025-09-25T15:20:31.756000,INFO,970,6617,FTC,Phase=RampUp Target=1367.97847008 Vel=1400.0 V=12.887 A=302.0
2025-09-25T15:20:31.771000,INFO,970,6617,FTC,Phase=RampUp Target=1366.4213724400001 Vel=1380.0 V=12.882 A=306.0
2025-09-25T15:20:31.782000,INFO,970,6617,FTC,Phase=RampUp Target=1364.40837054 Vel=1400.0 V=12.882 A=306.0
2025-09-25T15:20:31.794000,INFO,970,6617,FTC,Phase=RampUp Target=1362.8648704000002 Vel=1400.0 V=12.882 A=306.0
2025-09-25T15:20:31.804000,INFO,970,6617,FTC,Phase=RampUp Target=1361.240316 Vel=1360.0 V=12.887 A=302.0
2025-09-25T15:20:31.820000,INFO,970,6617,FTC,Phase=RampUp Target=1359.7295233599998 Vel=1360.0 V=12.887 A=306.0
2025-09-25T15:20:31.831000,INFO,970,6617,FTC,Phase=RampUp Target=1357.6077007200001 Vel=1340.0 V=12.887 A=306.0
2025-09-25T15:20:31.842000,INFO,970,6617,FTC,Phase=RampUp Target=1356.05832044 Vel=1340.0 V=12.882 A=302.0
2025-09-25T15:20:31.856000,INFO,970,6617,FTC,Phase=RampUp Target=1354.42690618 Vel=1400.0 V=12.887 A=302.0
2025-09-25T15:20:31.869000,INFO,970,6617,FTC,Phase=RampUp Target=1352.4469385399998 Vel=1380.0 V=12.882 A=295.0
2025-09-25T15:20:31.880000,INFO,970,6617,FTC,Phase=RampUp Target=1350.72054576 Vel=1360.0 V=12.887 A=277.0
2025-09-25T15:20:31.895000,INFO,970,6617,FTC,Phase=RampUp Target=1349.1804756199997 Vel=1400.0 V=12.887 A=273.0
2025-09-25T15:20:31.906000,INFO,970,6617,FTC,Phase=RampUp Target=1346.9753121 Vel=1340.0 V=12.887 A=273.0
2025-09-25T15:20:31.922000,INFO,970,6617,FTC,Phase=RampUp Target=1345.4286269600002 Vel=1340.0 V=12.882 A=284.0
2025-09-25T15:20:31.936000,INFO,970,6617,FTC,Phase=RampUp Target=1343.2192575600002 Vel=1340.0 V=12.887 A=284.0
2025-09-25T15:20:31.952000,INFO,970,6617,FTC,Phase=RampUp Target=1341.3057256599998 Vel=1320.0 V=12.882 A=291.0
2025-09-25T15:20:31.963000,INFO,970,6617,FTC,Phase=RampUp Target=1339.06556802 Vel=1360.0 V=12.882 A=287.0
2025-09-25T15:20:31.975000,INFO,970,6617,FTC,Phase=RampUp Target=1337.5578786199999 Vel=1360.0 V=12.887 A=291.0
2025-09-25T15:20:31.986000,INFO,970,6617,FTC,Phase=RampUp Target=1335.80629186 Vel=1320.0 V=12.887 A=295.0
2025-09-25T15:20:31.999000,INFO,970,6617,FTC,Phase=RampUp Target=1334.2799417200001 Vel=1320.0 V=12.882 A=295.0
2025-09-25T15:20:32.010000,INFO,970,6617,FTC,Phase=RampUp Target=1332.44056306 Vel=1300.0 V=12.887 A=298.0
2025-09-25T15:20:32.026000,INFO,970,6617,FTC,Phase=RampUp Target=1330.9532904199998 Vel=1320.0 V=12.887 A=295.0
2025-09-25T15:20:32.041000,INFO,970,6617,FTC,Phase=RampUp Target=1328.6879793999997 Vel=1320.0 V=12.887 A=295.0
2025-09-25T15:20:32.053000,INFO,970,6617,FTC,Phase=RampUp Target=1326.5629308799996 Vel=1340.0 V=12.887 A=295.0
2025-09-25T15:20:32.068000,INFO,970,6617,FTC,Phase=RampUp Target=1324.9641014800002 Vel=1280.0 V=12.887 A=302.0
2025-09-25T15:20:32.084000,INFO,970,6617,FTC,Phase=RampUp Target=1322.81287884 Vel=1300.0 V=12.882 A=328.0
2025-09-25T15:20:32.101000,INFO,970,6617,FTC,Phase=RampUp Target=1320.62760106 Vel=1320.0 V=12.887 A=335.0
2025-09-25T15:20:32.124000,INFO,970,6617,FTC,Phase=RampUp Target=1318.1704959200001 Vel=1360.0 V=12.882 A=324.0
2025-09-25T15:20:32.137000,INFO,970,6617,FTC,Phase=RampUp Target=1315.0276354999999 Vel=1340.0 V=12.882 A=284.0
2025-09-25T15:20:32.152000,INFO,970,6617,FTC,Phase=RampUp Target=1313.04591198 Vel=1360.0 V=12.887 A=273.0
2025-09-25T15:20:32.164000,INFO,970,6617,FTC,Phase=RampUp Target=1310.9594509600001 Vel=1360.0 V=12.882 A=269.0
2025-09-25T15:20:32.177000,INFO,970,6617,FTC,Phase=RampUp Target=1309.4050483199997 Vel=1380.0 V=12.882 A=269.0
2025-09-25T15:20:32.191000,INFO,970,6617,FTC,Phase=RampUp Target=1307.4832273 Vel=1340.0 V=12.887 A=244.0
2025-09-25T15:20:32.204000,INFO,970,6617,FTC,Phase=RampUp Target=1305.5510753999997 Vel=1320.0 V=12.887 A=240.0
2025-09-25T15:20:32.214000,INFO,970,6617,FTC,Phase=RampUp Target=1303.75596026 Vel=1260.0 V=12.891 A=236.0
2025-09-25T15:20:32.230000,INFO,970,6617,FTC,Phase=RampUp Target=1302.2834285 Vel=1280.0 V=12.887 A=240.0
2025-09-25T15:20:32.242000,INFO,970,6617,FTC,Phase=RampUp Target=1300.1735698399998 Vel=1280.0 V=12.874 A=280.0
2025-09-25T15:20:32.255000,INFO,970,6617,FTC,Phase=RampUp Target=1298.5139805799997 Vel=1260.0 V=12.878 A=324.0
2025-09-25T15:20:32.266000,INFO,970,6617,FTC,Phase=RampUp Target=1296.7242554399998 Vel=1300.0 V=12.878 A=331.0
2025-09-25T15:20:32.278000,INFO,970,6617,FTC,Phase=RampUp Target=1295.0923101599997 Vel=1260.0 V=12.882 A=324.0
2025-09-25T15:20:32.293000,INFO,970,6617,FTC,Phase=RampUp Target=1293.4330883999999 Vel=1280.0 V=12.882 A=328.0
2025-09-25T15:20:32.304000,INFO,970,6617,FTC,Phase=RampUp Target=1291.3173089999998 Vel=1280.0 V=12.882 A=324.0
2025-09-25T15:20:32.315000,INFO,970,6617,FTC,Phase=RampUp Target=1289.79455224 Vel=1260.0 V=12.882 A=328.0
2025-09-25T15:20:32.330000,INFO,970,6617,FTC,Phase=RampUp Target=1288.3045437199999 Vel=1280.0 V=12.887 A=313.0
2025-09-25T15:20:32.342000,INFO,970,6617,FTC,Phase=RampUp Target=1286.1896627 Vel=1280.0 V=12.887 A=317.0
2025-09-25T15:20:32.356000,INFO,970,6617,FTC,Phase=RampUp Target=1284.50732918 Vel=1280.0 V=12.887 A=313.0
2025-09-25T15:20:32.368000,INFO,970,6617,FTC,Phase=RampUp Target=1282.4650497799998 Vel=1280.0 V=12.878 A=306.0
2025-09-25T15:20:32.382000,INFO,970,6617,FTC,Phase=RampUp Target=1280.8865146399996 Vel=1300.0 V=12.882 A=309.0
2025-09-25T15:20:32.394000,INFO,970,6617,FTC,Phase=RampUp Target=1278.84619524 Vel=1280.0 V=12.891 A=298.0
2025-09-25T15:20:32.406000,INFO,970,6617,FTC,Phase=RampUp Target=1277.2458550999997 Vel=1300.0 V=12.891 A=287.0
2025-09-25T15:20:32.420000,INFO,970,6617,FTC,Phase=RampUp Target=1275.5071306999998 Vel=1280.0 V=12.887 A=280.0
2025-09-25T15:20:32.434000,INFO,970,6617,FTC,Phase=RampUp Target=1273.61168806 Vel=1260.0 V=12.887 A=273.0
2025-09-25T15:20:32.447000,INFO,970,6617,FTC,Phase=RampUp Target=1271.5902336600002 Vel=1260.0 V=12.887 A=280.0
2025-09-25T15:20:32.461000,INFO,970,6617,FTC,Phase=RampUp Target=1269.7566535199999 Vel=1260.0 V=12.887 A=287.0
2025-09-25T15:20:32.474000,INFO,970,6617,FTC,Phase=RampUp Target=1267.8721133799997 Vel=1260.0 V=12.887 A=287.0
2025-09-25T15:20:32.490000,INFO,970,6617,FTC,Phase=RampUp Target=1265.95225222 Vel=1260.0 V=12.887 A=291.0
2025-09-25T15:20:32.503000,INFO,970,6617,FTC,Phase=RampUp Target=1263.68404208 Vel=1260.0 V=12.887 A=291.0
2025-09-25T15:20:32.516000,INFO,970,6617,FTC,Phase=RampUp Target=1261.9956244399996 Vel=1260.0 V=12.887 A=291.0
2025-09-25T15:20:32.529000,INFO,970,6617,FTC,Phase=RampUp Target=1260.0557550400001 Vel=1260.0 V=12.887 A=295.0
2025-09-25T15:20:32.545000,INFO,970,6617,FTC,Phase=RampUp Target=1258.3096398999999 Vel=1260.0 V=12.887 A=298.0
2025-09-25T15:20:32.560000,INFO,970,6617,FTC,Phase=RampUp Target=1256.05331212 Vel=1240.0 V=12.887 A=269.0
2025-09-25T15:20:32.575000,INFO,970,6617,FTC,Phase=RampUp Target=1253.88432684 Vel=1260.0 V=12.887 A=266.0
2025-09-25T15:20:32.589000,INFO,970,6617,FTC,Phase=RampUp Target=1251.8237950799999 Vel=1240.0 V=12.887 A=262.0
2025-09-25T15:20:32.603000,INFO,970,6617,FTC,Phase=RampUp Target=1249.9510965599998 Vel=1260.0 V=12.887 A=277.0
2025-09-25T15:20:32.614000,INFO,970,6617,FTC,Phase=RampUp Target=1247.99321966 Vel=1200.0 V=12.887 A=280.0
2025-09-25T15:20:32.630000,INFO,970,6617,FTC,Phase=RampUp Target=1246.32775026 Vel=1220.0 V=12.887 A=280.0
2025-09-25T15:20:32.643000,INFO,970,6617,FTC,Phase=RampUp Target=1244.0860408600001 Vel=1200.0 V=12.887 A=284.0
2025-09-25T15:20:32.658000,INFO,970,6617,FTC,Phase=RampUp Target=1242.2705907199997 Vel=1200.0 V=12.878 A=331.0
2025-09-25T15:20:32.669000,INFO,970,6617,FTC,Phase=RampUp Target=1240.20867058 Vel=1220.0 V=12.882 A=371.0
2025-09-25T15:20:32.682000,INFO,970,6617,FTC,Phase=RampUp Target=1238.6855054399998 Vel=1220.0 V=12.882 A=364.0
2025-09-25T15:20:32.693000,INFO,970,6617,FTC,Phase=RampUp Target=1236.86572692 Vel=1240.0 V=12.882 A=360.0
2025-09-25T15:20:32.709000,INFO,970,6617,FTC,Phase=RampUp Target=1235.2773917799998 Vel=1260.0 V=12.887 A=328.0
2025-09-25T15:20:32.723000,INFO,970,6617,FTC,Phase=RampUp Target=1233.141604 Vel=1260.0 V=12.891 A=269.0
2025-09-25T15:20:32.735000,INFO,970,6617,FTC,Phase=RampUp Target=1231.0992020999997 Vel=1260.0 V=12.891 A=262.0
2025-09-25T15:20:32.753000,INFO,970,6617,FTC,Phase=RampUp Target=1229.35782358 Vel=1240.0 V=12.887 A=269.0
2025-09-25T15:20:32.766000,INFO,970,6617,FTC,Phase=RampUp Target=1226.9028825599999 Vel=1220.0 V=12.882 A=277.0
2025-09-25T15:20:32.779000,INFO,970,6617,FTC,Phase=RampUp Target=1225.0185465399998 Vel=1220.0 V=12.887 A=273.0
2025-09-25T15:20:32.791000,INFO,970,6617,FTC,Phase=RampUp Target=1223.28390552 Vel=1220.0 V=12.891 A=280.0
2025-09-25T15:20:32.803000,INFO,970,6617,FTC,Phase=RampUp Target=1221.5858511200001 Vel=1200.0 V=12.887 A=284.0
2025-09-25T15:20:32.815000,INFO,970,6617,FTC,Phase=RampUp Target=1219.86386848 Vel=1220.0 V=12.887 A=291.0
2025-09-25T15:20:32.826000,INFO,970,6617,FTC,Phase=RampUp Target=1218.2634874599999 Vel=1200.0 V=12.887 A=295.0
2025-09-25T15:20:32.842000,INFO,970,6617,FTC,Phase=RampUp Target=1216.6651482000002 Vel=1160.0 V=12.887 A=295.0
2025-09-25T15:20:32.856000,INFO,970,6617,FTC,Phase=RampUp Target=1214.3205388 Vel=1200.0 V=12.887 A=302.0
2025-09-25T15:20:32.868000,INFO,970,6617,FTC,Phase=RampUp Target=1212.59214528 Vel=1180.0 V=12.882 A=302.0
2025-09-25T15:20:32.878000,INFO,970,6617,FTC,Phase=RampUp Target=1210.8394967599997 Vel=1200.0 V=12.882 A=298.0
2025-09-25T15:20:32.888000,INFO,970,6617,FTC,Phase=RampUp Target=1209.4160875 Vel=1220.0 V=12.887 A=298.0
2025-09-25T15:20:32.901000,INFO,970,6617,FTC,Phase=RampUp Target=1207.9865530999998 Vel=1200.0 V=12.882 A=298.0
2025-09-25T15:20:32.912000,INFO,970,6617,FTC,Phase=RampUp Target=1206.1980120799997 Vel=1180.0 V=12.882 A=298.0
2025-09-25T15:20:32.927000,INFO,970,6617,FTC,Phase=RampUp Target=1204.71604782 Vel=1200.0 V=12.887 A=298.0
2025-09-25T15:20:32.939000,INFO,970,6617,FTC,Phase=RampUp Target=1202.5717259199998 Vel=1180.0 V=12.882 A=298.0
2025-09-25T15:20:32.950000,INFO,970,6617,FTC,Phase=RampUp Target=1200.8730590199998 Vel=1200.0 V=12.882 A=302.0
2025-09-25T15:20:32.965000,INFO,970,6617,FTC,Phase=RampUp Target=1199.41906564 Vel=1200.0 V=12.882 A=298.0
2025-09-25T15:20:32.977000,INFO,970,6617,FTC,Phase=RampUp Target=1197.28531962 Vel=1180.0 V=12.887 A=309.0
2025-09-25T15:20:32.988000,INFO,970,6617,FTC,Phase=RampUp Target=1195.5828960999997 Vel=1200.0 V=12.887 A=302.0
2025-09-25T15:20:32.998000,INFO,970,6617,FTC,Phase=RampUp Target=1194.1063625799998 Vel=1180.0 V=12.887 A=306.0
2025-09-25T15:20:33.011000,INFO,970,6617,FTC,Phase=RampUp Target=1192.6023483199997 Vel=1200.0 V=12.882 A=302.0
2025-09-25T15:20:33.022000,INFO,970,6617,FTC,Phase=RampUp Target=1190.8149098 Vel=1200.0 V=12.887 A=302.0
2025-09-25T15:20:33.035000,INFO,970,6617,FTC,Phase=RampUp Target=1189.2883962800001 Vel=1200.0 V=12.887 A=295.0
2025-09-25T15:20:33.048000,INFO,970,6617,FTC,Phase=RampUp Target=1187.45967526 Vel=1180.0 V=12.882 A=309.0
2025-09-25T15:20:33.059000,INFO,970,6617,FTC,Phase=RampUp Target=1185.5898758600001 Vel=1200.0 V=12.887 A=302.0
2025-09-25T15:20:33.072000,INFO,970,6617,FTC,Phase=RampUp Target=1184.0487032199997 Vel=1200.0 V=12.887 A=302.0
2025-09-25T15:20:33.084000,INFO,970,6617,FTC,Phase=RampUp Target=1182.3161447 Vel=1180.0 V=12.887 A=284.0
2025-09-25T15:20:33.096000,INFO,970,6617,FTC,Phase=RampUp Target=1180.6559429399997 Vel=1200.0 V=12.891 A=266.0
2025-09-25T15:20:33.107000,INFO,970,6617,FTC,Phase=RampUp Target=1178.8589901599998 Vel=1160.0 V=12.887 A=269.0
2025-09-25T15:20:33.117000,INFO,970,6617,FTC,Phase=RampUp Target=1177.4082634 Vel=1160.0 V=12.891 A=269.0
2025-09-25T15:20:33.130000,INFO,970,6617,FTC,Phase=RampUp Target=1175.97746326 Vel=1180.0 V=12.887 A=269.0
2025-09-25T15:20:33.142000,INFO,970,6617,FTC,Phase=RampUp Target=1174.1375538599996 Vel=1160.0 V=12.887 A=280.0
2025-09-25T15:20:33.153000,INFO,970,6617,FTC,Phase=RampUp Target=1172.4770253399997 Vel=1180.0 V=12.887 A=284.0
2025-09-25T15:20:33.165000,INFO,970,6617,FTC,Phase=RampUp Target=1170.94695946 Vel=1180.0 V=12.887 A=287.0
2025-09-25T15:20:33.176000,INFO,970,6617,FTC,Phase=RampUp Target=1169.2308159399997 Vel=1160.0 V=12.887 A=280.0
2025-09-25T15:20:33.191000,INFO,970,6617,FTC,Phase=RampUp Target=1167.7239432999997 Vel=1160.0 V=12.887 A=291.0
2025-09-25T15:20:33.202000,INFO,970,6617,FTC,Phase=RampUp Target=1165.5752521399997 Vel=1180.0 V=12.882 A=291.0
2025-09-25T15:20:33.215000,INFO,970,6617,FTC,Phase=RampUp Target=1164.11840038 Vel=1160.0 V=12.887 A=291.0
2025-09-25T15:20:33.228000,INFO,970,6617,FTC,Phase=RampUp Target=1162.21070774 Vel=1160.0 V=12.887 A=291.0
2025-09-25T15:20:33.240000,INFO,970,6617,FTC,Phase=RampUp Target=1160.4417667199998 Vel=1160.0 V=12.887 A=295.0
2025-09-25T15:20:33.253000,INFO,970,6617,FTC,Phase=RampUp Target=1158.8118632 Vel=1160.0 V=12.887 A=287.0
2025-09-25T15:20:33.265000,INFO,970,6617,FTC,Phase=RampUp Target=1156.86713468 Vel=1140.0 V=12.882 A=291.0
2025-09-25T15:20:33.276000,INFO,970,6617,FTC,Phase=RampUp Target=1155.25960778 Vel=1160.0 V=12.887 A=298.0
2025-09-25T15:20:33.289000,INFO,970,6617,FTC,Phase=RampUp Target=1153.7577168999997 Vel=1140.0 V=12.887 A=277.0
2025-09-25T15:20:33.303000,INFO,970,6617,FTC,Phase=RampUp Target=1151.8282191199999 Vel=1140.0 V=12.887 A=269.0
2025-09-25T15:20:33.314000,INFO,970,6617,FTC,Phase=RampUp Target=1149.9721806 Vel=1140.0 V=12.887 A=266.0
2025-09-25T15:20:33.326000,INFO,970,6617,FTC,Phase=RampUp Target=1148.45726384 Vel=1140.0 V=12.887 A=266.0
2025-09-25T15:20:33.337000,INFO,970,6617,FTC,Phase=RampUp Target=1146.66733444 Vel=1120.0 V=12.882 A=298.0
2025-09-25T15:20:33.354000,INFO,970,6617,FTC,Phase=RampUp Target=1145.0953734199998 Vel=1120.0 V=12.882 A=309.0
2025-09-25T15:20:33.367000,INFO,970,6617,FTC,Phase=RampUp Target=1142.8016015199998 Vel=1120.0 V=12.878 A=317.0
2025-09-25T15:20:33.377000,INFO,970,6617,FTC,Phase=RampUp Target=1140.9750447599997 Vel=1100.0 V=12.882 A=313.0
2025-09-25T15:20:33.391000,INFO,970,6617,FTC,Phase=RampUp Target=1139.5656412399999 Vel=1140.0 V=12.887 A=287.0
2025-09-25T15:20:33.401000,INFO,970,6617,FTC,Phase=RampUp Target=1137.6334893399999 Vel=1120.0 V=12.887 A=277.0
2025-09-25T15:20:33.414000,INFO,970,6617,FTC,Phase=RampUp Target=1136.13637596 Vel=1140.0 V=12.887 A=269.0
2025-09-25T15:20:33.424000,INFO,970,6617,FTC,Phase=RampUp Target=1134.41635318 Vel=1140.0 V=12.887 A=273.0
2025-09-25T15:20:33.435000,INFO,970,6617,FTC,Phase=RampUp Target=1132.9488030399998 Vel=1120.0 V=12.887 A=269.0
2025-09-25T15:20:33.447000,INFO,970,6617,FTC,Phase=RampUp Target=1131.47594466 Vel=1120.0 V=12.887 A=273.0
2025-09-25T15:20:33.461000,INFO,970,6617,FTC,Phase=RampUp Target=1129.6892002599998 Vel=1100.0 V=12.887 A=269.0
2025-09-25T15:20:33.473000,INFO,970,6617,FTC,Phase=RampUp Target=1127.7932267399997 Vel=1120.0 V=12.891 A=284.0
2025-09-25T15:20:33.486000,INFO,970,6617,FTC,Phase=RampUp Target=1126.1412732200001 Vel=1100.0 V=12.887 A=287.0
2025-09-25T15:20:33.500000,INFO,970,6617,FTC,Phase=RampUp Target=1124.2136130800002 Vel=1100.0 V=12.882 A=317.0
2025-09-25T15:20:33.510000,INFO,970,6617,FTC,Phase=RampUp Target=1122.3896695599997 Vel=1100.0 V=12.887 A=331.0
2025-09-25T15:20:33.524000,INFO,970,6617,FTC,Phase=RampUp Target=1120.8702610399996 Vel=1100.0 V=12.887 A=328.0
2025-09-25T15:20:33.537000,INFO,970,6617,FTC,Phase=RampUp Target=1119.00381002 Vel=1120.0 V=12.887 A=324.0
2025-09-25T15:20:33.554000,INFO,970,6617,FTC,Phase=RampUp Target=1117.15552988 Vel=1140.0 V=12.891 A=291.0
2025-09-25T15:20:33.566000,INFO,970,6617,FTC,Phase=RampUp Target=1114.7537129799998 Vel=1120.0 V=12.887 A=269.0
2025-09-25T15:20:33.582000,INFO,970,6617,FTC,Phase=RampUp Target=1113.0748502 Vel=1100.0 V=12.891 A=273.0
2025-09-25T15:20:33.594000,INFO,970,6617,FTC,Phase=RampUp Target=1110.7996575599998 Vel=1140.0 V=12.891 A=273.0
2025-09-25T15:20:33.608000,INFO,970,6617,FTC,Phase=RampUp Target=1109.2303099199999 Vel=1120.0 V=12.891 A=255.0
2025-09-25T15:20:33.620000,INFO,970,6617,FTC,Phase=RampUp Target=1107.1562212600002 Vel=1120.0 V=12.891 A=247.0
2025-09-25T15:20:33.638000,INFO,970,6617,FTC,Phase=RampUp Target=1105.49116038 Vel=1100.0 V=12.891 A=247.0
2025-09-25T15:20:33.652000,INFO,970,6617,FTC,Phase=RampUp Target=1103.01780348 Vel=1100.0 V=12.891 A=258.0
2025-09-25T15:20:33.664000,INFO,970,6617,FTC,Phase=RampUp Target=1101.0447773199996 Vel=1080.0 V=12.887 A=295.0
2025-09-25T15:20:33.678000,INFO,970,6617,FTC,Phase=RampUp Target=1099.3719171799999 Vel=1060.0 V=12.882 A=309.0
2025-09-25T15:20:33.690000,INFO,970,6617,FTC,Phase=RampUp Target=1097.4750454199998 Vel=1080.0 V=12.887 A=309.0
2025-09-25T15:20:33.704000,INFO,970,6617,FTC,Phase=RampUp Target=1095.7940593999997 Vel=1060.0 V=12.887 A=302.0
2025-09-25T15:20:33.716000,INFO,970,6617,FTC,Phase=RampUp Target=1093.8073133799996 Vel=1080.0 V=12.887 A=302.0
2025-09-25T15:20:33.731000,INFO,970,6617,FTC,Phase=RampUp Target=1092.11285236 Vel=1080.0 V=12.887 A=302.0
2025-09-25T15:20:33.749000,INFO,970,6617,FTC,Phase=RampUp Target=1089.91826458 Vel=1100.0 V=12.887 A=298.0
2025-09-25T15:20:33.762000,INFO,970,6617,FTC,Phase=RampUp Target=1087.4970518 Vel=1120.0 V=12.887 A=273.0
2025-09-25T15:20:33.774000,INFO,970,6617,FTC,Phase=RampUp Target=1085.74742504 Vel=1120.0 V=12.891 A=266.0
2025-09-25T15:20:33.788000,INFO,970,6617,FTC,Phase=RampUp Target=1084.0238090199996 Vel=1120.0 V=12.887 A=258.0
2025-09-25T15:20:33.800000,INFO,970,6617,FTC,Phase=RampUp Target=1082.07103638 Vel=1080.0 V=12.891 A=266.0
2025-09-25T15:20:33.816000,INFO,970,6617,FTC,Phase=RampUp Target=1080.3836394799996 Vel=1100.0 V=12.887 A=291.0
2025-09-25T15:20:33.830000,INFO,970,6617,FTC,Phase=RampUp Target=1078.1218400799999 Vel=1080.0 V=12.887 A=309.0
2025-09-25T15:20:33.843000,INFO,970,6617,FTC,Phase=RampUp Target=1076.0818474399998 Vel=1060.0 V=12.887 A=313.0
2025-09-25T15:20:33.860000,INFO,970,6617,FTC,Phase=RampUp Target=1074.33446642 Vel=1080.0 V=12.887 A=306.0
2025-09-25T15:20:33.877000,INFO,970,6617,FTC,Phase=RampUp Target=1071.9060670199997 Vel=1080.0 V=12.891 A=280.0
2025-09-25T15:20:33.891000,INFO,970,6617,FTC,Phase=RampUp Target=1069.61543924 Vel=1080.0 V=12.887 A=266.0
2025-09-25T15:20:33.903000,INFO,970,6617,FTC,Phase=RampUp Target=1067.58006072 Vel=1080.0 V=12.891 A=266.0
2025-09-25T15:20:33.921000,INFO,970,6617,FTC,Phase=RampUp Target=1065.8824147 Vel=1100.0 V=12.891 A=273.0
2025-09-25T15:20:33.937000,INFO,970,6617,FTC,Phase=RampUp Target=1063.38619104 Vel=1080.0 V=12.887 A=269.0
2025-09-25T15:20:33.949000,INFO,970,6617,FTC,Phase=RampUp Target=1061.17821002 Vel=1060.0 V=12.887 A=273.0
2025-09-25T15:20:33.963000,INFO,970,6617,FTC,Phase=RampUp Target=1059.4872607599996 Vel=1060.0 V=12.891 A=277.0
2025-09-25T15:20:33.977000,INFO,970,6617,FTC,Phase=RampUp Target=1057.52538224 Vel=1060.0 V=12.887 A=284.0
2025-09-25T15:20:33.991000,INFO,970,6617,FTC,Phase=RampUp Target=1055.5633812199997 Vel=1040.0 V=12.887 A=280.0
2025-09-25T15:20:34.005000,INFO,970,6617,FTC,Phase=RampUp Target=1053.5600159399999 Vel=1040.0 V=12.891 A=287.0
2025-09-25T15:20:34.019000,INFO,970,6617,FTC,Phase=RampUp Target=1051.57718992 Vel=1060.0 V=12.891 A=287.0
2025-09-25T15:20:34.031000,INFO,970,6617,FTC,Phase=RampUp Target=1049.6306238999998 Vel=1020.0 V=12.891 A=280.0
2025-09-25T15:20:34.047000,INFO,970,6617,FTC,Phase=RampUp Target=1047.97830288 Vel=1040.0 V=12.887 A=284.0
2025-09-25T15:20:34.060000,INFO,970,6617,FTC,Phase=RampUp Target=1045.81368686 Vel=1040.0 V=12.891 A=280.0
2025-09-25T15:20:34.075000,INFO,970,6617,FTC,Phase=RampUp Target=1043.8839849600001 Vel=1060.0 V=12.887 A=291.0
2025-09-25T15:20:34.089000,INFO,970,6617,FTC,Phase=RampUp Target=1041.8425630599997 Vel=1020.0 V=12.891 A=291.0
2025-09-25T15:20:34.102000,INFO,970,6617,FTC,Phase=RampUp Target=1039.8786020399998 Vel=1060.0 V=12.891 A=287.0
2025-09-25T15:20:34.114000,INFO,970,6617,FTC,Phase=RampUp Target=1038.0602119 Vel=1040.0 V=12.882 A=295.0
2025-09-25T15:20:34.127000,INFO,970,6617,FTC,Phase=RampUp Target=1036.34006676 Vel=1060.0 V=12.887 A=284.0
2025-09-25T15:20:34.145000,INFO,970,6617,FTC,Phase=RampUp Target=1034.5950948599998 Vel=1060.0 V=12.887 A=284.0
2025-09-25T15:20:34.160000,INFO,970,6617,FTC,Phase=RampUp Target=1031.9929088399997 Vel=1040.0 V=12.887 A=287.0
2025-09-25T15:20:34.176000,INFO,970,6617,FTC,Phase=RampUp Target=1029.94638268 Vel=1020.0 V=12.891 A=280.0
2025-09-25T15:20:34.189000,INFO,970,6617,FTC,Phase=RampUp Target=1027.7263559199998 Vel=1040.0 V=12.887 A=262.0
2025-09-25T15:20:34.203000,INFO,970,6617,FTC,Phase=RampUp Target=1025.8928981399997 Vel=1020.0 V=12.891 A=255.0
2025-09-25T15:20:34.222000,INFO,970,6617,FTC,Phase=RampUp Target=1023.9382471199999 Vel=1040.0 V=12.887 A=258.0
2025-09-25T15:20:34.235000,INFO,970,6617,FTC,Phase=RampUp Target=1021.1929402200001 Vel=1020.0 V=12.895 A=262.0
2025-09-25T15:20:34.251000,INFO,970,6617,FTC,Phase=RampUp Target=1019.4426600799999 Vel=1000.0 V=12.887 A=269.0
2025-09-25T15:20:34.265000,INFO,970,6617,FTC,Phase=RampUp Target=1017.1605664199999 Vel=1000.0 V=12.887 A=277.0
2025-09-25T15:20:34.276000,INFO,970,6617,FTC,Phase=RampUp Target=1015.2371937800001 Vel=1000.0 V=12.891 A=273.0
2025-09-25T15:20:34.288000,INFO,970,6617,FTC,Phase=RampUp Target=1013.67041864 Vel=1000.0 V=12.891 A=273.0
2025-09-25T15:20:34.301000,INFO,970,6617,FTC,Phase=RampUp Target=1012.0758767400001 Vel=1020.0 V=12.887 A=291.0
2025-09-25T15:20:34.315000,INFO,970,6617,FTC,Phase=RampUp Target=1010.2042399799999 Vel=1000.0 V=12.887 A=280.0
2025-09-25T15:20:34.326000,INFO,970,6617,FTC,Phase=RampUp Target=1008.2123896999999 Vel=1000.0 V=12.891 A=287.0
2025-09-25T15:20:34.337000,INFO,970,6617,FTC,Phase=RampUp Target=1006.7161336799999 Vel=1000.0 V=12.887 A=287.0
2025-09-25T15:20:34.357000,INFO,970,6617,FTC,Phase=RampUp Target=1005.1175494199997 Vel=980.0 V=12.882 A=284.0
2025-09-25T15:20:34.370000,INFO,970,6617,FTC,Phase=RampUp Target=1002.4102991399998 Vel=980.0 V=12.887 A=284.0
2025-09-25T15:20:34.384000,INFO,970,6617,FTC,Phase=RampUp Target=1000.5106915000001 Vel=980.0 V=12.887 A=284.0
2025-09-25T15:20:34.395000,INFO,970,6617,FTC,Phase=RampUp Target=998.6344404800001 Vel=980.0 V=12.887 A=291.0
2025-09-25T15:20:34.409000,INFO,970,6617,FTC,Phase=RampUp Target=997.04014358 Vel=1000.0 V=12.887 A=287.0
2025-09-25T15:20:34.420000,INFO,970,6617,FTC,Phase=RampUp Target=995.13400256 Vel=1000.0 V=12.887 A=291.0
2025-09-25T15:20:34.435000,INFO,970,6617,FTC,Phase=RampUp Target=993.4949932999998 Vel=980.0 V=12.887 A=291.0
2025-09-25T15:20:34.446000,INFO,970,6617,FTC,Phase=RampUp Target=991.53041978 Vel=980.0 V=12.891 A=291.0
2025-09-25T15:20:34.458000,INFO,970,6617,FTC,Phase=RampUp Target=989.97605788 Vel=980.0 V=12.887 A=284.0
2025-09-25T15:20:34.472000,INFO,970,6617,FTC,Phase=RampUp Target=988.1931927400001 Vel=980.0 V=12.887 A=295.0
2025-09-25T15:20:34.487000,INFO,970,6617,FTC,Phase=RampUp Target=986.2306199600001 Vel=1000.0 V=12.887 A=291.0
2025-09-25T15:20:34.498000,INFO,970,6617,FTC,Phase=RampUp Target=984.1363598199999 Vel=1000.0 V=12.891 A=277.0
2025-09-25T15:20:34.511000,INFO,970,6617,FTC,Phase=RampUp Target=982.5635821799998 Vel=1000.0 V=12.891 A=251.0
